title,body,rating,review_date,reviewer_name,reviewer_email,product_id,product_handle,reply,picture_urls
Perfect for our lifestyle,Was skeptical after spending money on other carriers that hurt my back. This one is genuinely different. Wide padded strap makes all the difference.,5,2023-05-25 00:00:00 UTC,Evelyn Jackson,evelynjackson202@aol.com,,nestli-embrace-sling-carrier,,
Absolute game changer!,Bought this as a gift for my sister's baby shower. She texted me a week later saying it's the only thing that calms her baby.,5,2025-09-27 00:00:00 UTC,Layla Adams,layla_adams@aol.com,,nestli-embrace-sling-carrier,,
Should have bought this from day one,I work from home and wear this during calls. Baby is calm and quiet and I look completely professional. Game changing for WFH moms.,5,2023-02-06 00:00:00 UTC,Hazel Lewis,hlewis404@gmail.com,,nestli-embrace-sling-carrier,,
Can't imagine parenting without this,My postpartum anxiety was through the roof until I started babywearing. Having her close and being able to feel her breathing calmed both of us down.,5,2024-06-29 00:00:00 UTC,Addison Parker,aparker@icloud.com,,nestli-embrace-sling-carrier,,
Genuinely life changing,My husband said carriers looked too complicated. I ordered this without telling him. He tried it once and now he uses it more than I do. He calls it his dad superpower.,5,2024-01-30 00:00:00 UTC,Richard Fisher,fisher_r@hotmail.com,,nestli-embrace-sling-carrier,,
Love it with minor learning curve,Love that I can nurse in this with a little practice. Took me a couple of weeks to get the hang of it but now it's seamless. High quality product.,4,2023-08-02 00:00:00 UTC,Ava Murphy,ava368@yahoo.com,,nestli-embrace-sling-carrier,,
Impressive quality for the price,Really nice carrier. Well made and baby seems very comfortable. Just takes a little practice at first. Glad I bought it.,4,2024-04-09 00:00:00 UTC,Aubrey Sullivan,sullivan.a@hotmail.com,,nestli-embrace-sling-carrier,,
Obsessed with this thing,My postpartum anxiety was through the roof until I started babywearing. Having her close and being able to feel her breathing calmed both of us down.,5,2023-07-03 00:00:00 UTC,Abigail Rodriguez,abigail_rodriguez@hotmail.com,,nestli-embrace-sling-carrier,,
Best carrier I've ever owned,I work from home and wear this during calls. Baby is calm and quiet and I look completely professional. Game changing for WFH moms.,5,2025-10-15 00:00:00 UTC,Jeffrey Collins,jeffrey.collins41@yahoo.com,,nestli-embrace-sling-carrier,,
Lightweight and perfect,My husband said carriers looked too complicated. I ordered this without telling him. He tried it once and now he uses it more than I do. He calls it his dad superpower.,5,2023-12-20 00:00:00 UTC,Savannah Sanchez,savannah@gmail.com,,nestli-embrace-sling-carrier,,
Perfect for our lifestyle,My baby went from needing to be rocked for 45 minutes to falling asleep in this carrier in under 10 minutes. Life is different now.,5,2023-07-19 00:00:00 UTC,Dennis Campbell,dennis.campbell@yahoo.com,,nestli-embrace-sling-carrier,,
Worth every single penny,The fabric is breathable enough that we used it all summer without baby overheating. Such a thoughtful design.,5,2023-11-09 00:00:00 UTC,Mia Robinson,mrobinson745@msn.com,,nestli-embrace-sling-carrier,,
Recommend for most moms,"Good carrier, my baby seems happy in it. I wish it came in more colors for my wardrobe but functionally it works great. Would recommend.",4,2023-07-13 00:00:00 UTC,Madelyn Evans,madelynevans327@hotmail.com,,nestli-embrace-sling-carrier,,
"Good quality, learning curve",Great carrier and I use it daily. The only thing I'd change is the carry pouch — it's a bit small. But the carrier itself is 5 stars.,4,2024-08-12 00:00:00 UTC,Gregory Price,gregory.price@aol.com,,nestli-embrace-sling-carrier,,
Solid carrier overall,Works great for my petite frame. Had to watch a video to get the fit right but after that it's been perfect. Baby loves the closeness.,4,2024-03-25 00:00:00 UTC,Ava Scott,ava520@icloud.com,,nestli-embrace-sling-carrier,,
Really great carrier,"Good carrier, my baby seems happy in it. I wish it came in more colors for my wardrobe but functionally it works great. Would recommend.",4,2025-01-29 00:00:00 UTC,Ashley Morgan,ashley.morgan@outlook.com,,nestli-embrace-sling-carrier,,
Baby falls asleep in minutes,Bought this as a gift for my sister's baby shower. She texted me a week later saying it's the only thing that calms her baby.,5,2024-06-13 00:00:00 UTC,Brooklyn Edwards,brooklyn.edwards817@gmail.com,,nestli-embrace-sling-carrier,,
Airport essential,Ordered this as a last resort after my velcro baby refused to be put down for 3 months. Should have ordered it on day 1. So easy to use and baby loves it.,5,2023-12-28 00:00:00 UTC,Josephine Cooper,josephine940@yahoo.com,,nestli-embrace-sling-carrier,,
My newborn loves it,My baby went from needing to be rocked for 45 minutes to falling asleep in this carrier in under 10 minutes. Life is different now.,5,2024-07-28 00:00:00 UTC,Autumn Ward,award990@msn.com,,nestli-embrace-sling-carrier,,
Obsessed with this thing,I run a mom and baby yoga class. I recommend this carrier to every single student. Half of them come back and say it changed their life.,5,2025-07-25 00:00:00 UTC,Sarah Walker,sarah_walker@aol.com,,nestli-embrace-sling-carrier,,
Solid 4 stars from me,Really great carrier overall. Took me about 3 tries to get the fit right but once I figured it out I love it. Baby seems comfortable and I have both hands free.,4,2023-03-14 00:00:00 UTC,Gary Fisher,garyfisher@outlook.com,,nestli-embrace-sling-carrier,,
5 stars isn't enough,"I've tried 3 different carriers before this one. Returned all of them. The Nestli goes on in seconds, I barely feel the weight, and my son falls asleep in it every single time.",5,2025-06-13 00:00:00 UTC,Grace James,grace_james117@yahoo.com,,nestli-embrace-sling-carrier,,
My sanity saver,"The quality is incredible. Stitching is perfect, fabric is so soft against baby skin. Washed it 40+ times and it still looks brand new.",5,2024-01-17 00:00:00 UTC,Christopher Mitchell,mitchell_c628@gmail.com,,nestli-embrace-sling-carrier,,
Best baby gear purchase,Bought this because a mom in my birth class had one. Now 6 women from that class have this carrier. We call ourselves the Nestli moms.,5,2023-03-17 00:00:00 UTC,Raymond Kelly,raymond_kelly@gmail.com,,nestli-embrace-sling-carrier,,
"Great carrier, wish it came with more colors",Really happy with the purchase. Slight learning curve but nothing that a YouTube tutorial didn't solve. Baby is calm and I'm hands-free.,4,2024-02-22 00:00:00 UTC,Nathan Gray,nathan.gray576@gmail.com,,nestli-embrace-sling-carrier,,
My velcro baby is finally calm,My second baby is so much calmer than my first was — I think it's entirely because I used this carrier from day 1. Skin-to-skin while getting things done.,5,2024-05-30 00:00:00 UTC,Lily Perry,lperry697@live.com,,nestli-embrace-sling-carrier,,
"Nice carrier, minor issue with strap",Works great for my petite frame. Had to watch a video to get the fit right but after that it's been perfect. Baby loves the closeness.,4,2025-07-29 00:00:00 UTC,Jacob Ortiz,jacob931@outlook.com,,nestli-embrace-sling-carrier,,
"Goodbye stroller, hello Nestli",My son is 20 months and 26 pounds. I still carry him in this when he's tired on walks. Zero shoulder pain.,5,2025-01-08 00:00:00 UTC,Savannah Howard,howards@live.com,,nestli-embrace-sling-carrier,,
Good but takes practice,Really great carrier overall. Took me about 3 tries to get the fit right but once I figured it out I love it. Baby seems comfortable and I have both hands free.,4,2023-05-20 00:00:00 UTC,Paisley Kelly,paisley200@outlook.com,,nestli-embrace-sling-carrier,,
Dad approved!,My postpartum anxiety was through the roof until I started babywearing. Having her close and being able to feel her breathing calmed both of us down.,5,2024-01-02 00:00:00 UTC,Emily Garcia,egarcia210@outlook.com,,nestli-embrace-sling-carrier,,
Absolute game changer!,Brought this to a family reunion. Every aunt and uncle took a turn. Nobody could believe how easy it was to put on. Orders came in from 3 family members.,5,2025-03-08 00:00:00 UTC,Kayla Bailey,kayla.bailey@outlook.com,,nestli-embrace-sling-carrier,,
Finally a carrier that actually works,Bought this because a mom in my birth class had one. Now 6 women from that class have this carrier. We call ourselves the Nestli moms.,5,2023-11-12 00:00:00 UTC,Gary Hughes,garyhughes@hotmail.com,,nestli-embrace-sling-carrier,,
Bought 2 — one for grandma too,Brought this to a family reunion. Every aunt and uncle took a turn. Nobody could believe how easy it was to put on. Orders came in from 3 family members.,5,2025-08-27 00:00:00 UTC,Grace Perry,perry.g@gmail.com,,nestli-embrace-sling-carrier,,
10/10 no notes,I was nervous about ring slings but the setup guide was so clear. Had it on correctly the first try. Baby was happy immediately.,5,2023-05-11 00:00:00 UTC,Samantha Rogers,samantha775@gmail.com,,nestli-embrace-sling-carrier,,
My pediatrician approved it,"I've tried 3 different carriers before this one. Returned all of them. The Nestli goes on in seconds, I barely feel the weight, and my son falls asleep in it every single time.",5,2025-06-24 00:00:00 UTC,Eleanor Young,eleanor309@hotmail.com,,nestli-embrace-sling-carrier,,
Best carrier I've ever owned,My postpartum anxiety was through the roof until I started babywearing. Having her close and being able to feel her breathing calmed both of us down.,5,2023-07-19 00:00:00 UTC,Gary Evans,evans_g998@live.com,,nestli-embrace-sling-carrier,,
Good but takes practice,Good quality product. Baby is content in it and I can actually get things done. Would give 5 stars but it took some practice to get the tightness right.,4,2024-12-18 00:00:00 UTC,Arianna Reed,arianna.reed@yahoo.com,,nestli-embrace-sling-carrier,,
Solid 4 stars from me,"Good carrier, my baby seems happy in it. I wish it came in more colors for my wardrobe but functionally it works great. Would recommend.",4,2024-12-02 00:00:00 UTC,Aria Morgan,aria_morgan155@icloud.com,,nestli-embrace-sling-carrier,,
"Great quality, took time to adjust",Solid product. The strap is wide and comfortable. I gave 4 stars because I wish the setup instructions were a bit clearer with pictures. But the carrier itself is great.,4,2024-05-11 00:00:00 UTC,Emery Parker,parkere@gmail.com,,nestli-embrace-sling-carrier,,
"Good quality, learning curve","Good carrier, my baby seems happy in it. I wish it came in more colors for my wardrobe but functionally it works great. Would recommend.",4,2023-05-27 00:00:00 UTC,Valentina Lopez,lopez_v691@msn.com,,nestli-embrace-sling-carrier,,
Hands free finally!!!,Took this to Disney World. Walked 12 hours with a 15-month-old in this carrier. My back felt completely fine. My husband was jealous.,5,2024-08-24 00:00:00 UTC,Nova Clark,clark_n@aol.com,,nestli-embrace-sling-carrier,,
Bought 2 — one for grandma too,Ordered this as a last resort after my velcro baby refused to be put down for 3 months. Should have ordered it on day 1. So easy to use and baby loves it.,5,2023-06-26 00:00:00 UTC,Leah Hughes,leah@hotmail.com,,nestli-embrace-sling-carrier,,
Exceeded all my expectations,My husband said carriers looked too complicated. I ordered this without telling him. He tried it once and now he uses it more than I do. He calls it his dad superpower.,5,2023-11-12 00:00:00 UTC,Daniel Nguyen,dnguyen@icloud.com,,nestli-embrace-sling-carrier,,
Best carrier I've ever owned,My son has reflux and needs to stay upright after feeds. This carrier keeps him perfectly positioned and he's so much more comfortable.,5,2023-09-21 00:00:00 UTC,Sophia Hall,sophia909@aol.com,,nestli-embrace-sling-carrier,,
Absolute game changer!,I work from home and wear this during calls. Baby is calm and quiet and I look completely professional. Game changing for WFH moms.,5,2023-07-02 00:00:00 UTC,Madeline Allen,madeline_allen@live.com,,nestli-embrace-sling-carrier,,
Baby falls asleep in minutes,Was skeptical after spending money on other carriers that hurt my back. This one is genuinely different. Wide padded strap makes all the difference.,5,2025-03-26 00:00:00 UTC,Caroline Bailey,caroline.bailey901@yahoo.com,,nestli-embrace-sling-carrier,,
She stopped crying the second I put it on,Ordered this as a last resort after my velcro baby refused to be put down for 3 months. Should have ordered it on day 1. So easy to use and baby loves it.,5,2023-08-16 00:00:00 UTC,Sophia Jenkins,sophiajenkins954@msn.com,,nestli-embrace-sling-carrier,,
Good but takes practice,"Good carrier, my baby seems happy in it. I wish it came in more colors for my wardrobe but functionally it works great. Would recommend.",4,2023-05-11 00:00:00 UTC,Naomi Powell,naomi803@yahoo.com,,nestli-embrace-sling-carrier,,
Baby falls asleep in minutes,Both my husband and I use this with no readjusting. One carrier for both parents — such a smart design. Highly recommend.,5,2023-11-17 00:00:00 UTC,Brian Wright,brian111@icloud.com,,nestli-embrace-sling-carrier,,
My husband uses it more than me,"Been using this for 14 months. Not a single seam has come loose, not a single stitch has broken. This thing is built to last.",5,2025-07-02 00:00:00 UTC,Donald Wright,dwright@outlook.com,,nestli-embrace-sling-carrier,,
Really great carrier,Works great for my petite frame. Had to watch a video to get the fit right but after that it's been perfect. Baby loves the closeness.,4,2024-08-15 00:00:00 UTC,Thomas Perry,perry_t@msn.com,,nestli-embrace-sling-carrier,,
10/10 no notes,My son has reflux and needs to stay upright after feeds. This carrier keeps him perfectly positioned and he's so much more comfortable.,5,2023-08-16 00:00:00 UTC,Patrick Morales,morales_p@msn.com,,nestli-embrace-sling-carrier,,
Finally sleeping again,The fabric is breathable enough that we used it all summer without baby overheating. Such a thoughtful design.,5,2023-09-24 00:00:00 UTC,Nevaeh Cooper,nevaehcooper@outlook.com,,nestli-embrace-sling-carrier,,
Best baby gear purchase,We flew cross-country with our 7-month-old. This carrier fit in my purse and our baby slept through both flights. Worth ten times the price.,5,2023-11-09 00:00:00 UTC,Justin Morales,justin@icloud.com,,nestli-embrace-sling-carrier,,
"Great quality, took time to adjust",Really like this carrier. My husband found it slightly tricky to adjust at first but now he uses it on his own. Baby falls asleep in it often.,4,2024-09-26 00:00:00 UTC,Sophia Hughes,shughes824@gmail.com,,nestli-embrace-sling-carrier,,
"Returned 3 carriers, kept this one",Ordered this as a last resort after my velcro baby refused to be put down for 3 months. Should have ordered it on day 1. So easy to use and baby loves it.,5,2023-07-16 00:00:00 UTC,Gregory Rivera,riverag420@aol.com,,nestli-embrace-sling-carrier,,
"Love it, took a few tries",Good quality product. Baby is content in it and I can actually get things done. Would give 5 stars but it took some practice to get the tightness right.,4,2023-06-29 00:00:00 UTC,Lillian Myers,lillian366@msn.com,,nestli-embrace-sling-carrier,,
My velcro baby is finally calm,The fabric is breathable enough that we used it all summer without baby overheating. Such a thoughtful design.,5,2023-08-13 00:00:00 UTC,Thomas Phillips,phillipst@hotmail.com,,nestli-embrace-sling-carrier,,
Carrier of the year,My second baby is so much calmer than my first was — I think it's entirely because I used this carrier from day 1. Skin-to-skin while getting things done.,5,2023-12-01 00:00:00 UTC,Mila Perry,mperry562@gmail.com,,nestli-embrace-sling-carrier,,
Hands free finally!!!,My baby went from needing to be rocked for 45 minutes to falling asleep in this carrier in under 10 minutes. Life is different now.,5,2025-11-14 00:00:00 UTC,Isabella Brooks,ibrooks116@msn.com,,nestli-embrace-sling-carrier,,
Hands free finally!!!,Took this to Disney World. Walked 12 hours with a 15-month-old in this carrier. My back felt completely fine. My husband was jealous.,5,2024-02-06 00:00:00 UTC,Piper King,pking@hotmail.com,,nestli-embrace-sling-carrier,,
Almost perfect,Solid product. The strap is wide and comfortable. I gave 4 stars because I wish the setup instructions were a bit clearer with pictures. But the carrier itself is great.,4,2023-02-24 00:00:00 UTC,Christopher Gutierrez,christopher578@outlook.com,,nestli-embrace-sling-carrier,,
My pediatrician approved it,Both my husband and I use this with no readjusting. One carrier for both parents — such a smart design. Highly recommend.,5,2025-07-08 00:00:00 UTC,Sophie Hernandez,sophie@hotmail.com,,nestli-embrace-sling-carrier,,
Great for travel,I work from home and wear this during calls. Baby is calm and quiet and I look completely professional. Game changing for WFH moms.,5,2023-07-29 00:00:00 UTC,Steven Kelly,steven_kelly152@aol.com,,nestli-embrace-sling-carrier,,
"Easy to put on, baby loves it",My daughter had colic for 6 weeks and nothing worked. Put her in this carrier and she was asleep in 4 minutes. I literally cried. This carrier saved my sanity.,5,2024-04-17 00:00:00 UTC,Timothy Wright,twright485@live.com,,nestli-embrace-sling-carrier,,
My pediatrician approved it,We flew cross-country with our 7-month-old. This carrier fit in my purse and our baby slept through both flights. Worth ten times the price.,5,2023-07-13 00:00:00 UTC,Hailey Foster,hailey621@outlook.com,,nestli-embrace-sling-carrier,,
My newborn loves it,Was skeptical after spending money on other carriers that hurt my back. This one is genuinely different. Wide padded strap makes all the difference.,5,2025-06-21 00:00:00 UTC,Benjamin Sullivan,sullivan.b@gmail.com,,nestli-embrace-sling-carrier,,
Would recommend with small caveat,Really happy with the purchase. Slight learning curve but nothing that a YouTube tutorial didn't solve. Baby is calm and I'm hands-free.,4,2024-03-02 00:00:00 UTC,Eva Sanchez,eva@live.com,,nestli-embrace-sling-carrier,,
The only carrier I recommend,Ordered this as a last resort after my velcro baby refused to be put down for 3 months. Should have ordered it on day 1. So easy to use and baby loves it.,5,2023-04-25 00:00:00 UTC,Addison Morgan,morgan.a679@msn.com,,nestli-embrace-sling-carrier,,
"Good quality, learning curve",Works well and baby loves it. The ring is a bit stiff at first so adjusting takes some force until it breaks in. After a week it was perfect.,4,2024-12-04 00:00:00 UTC,Stephen Hill,stephen.hill@gmail.com,,nestli-embrace-sling-carrier,,
The only carrier I recommend,"Been using this for 14 months. Not a single seam has come loose, not a single stitch has broken. This thing is built to last.",5,2025-01-20 00:00:00 UTC,Emily Hall,emily.hall123@hotmail.com,,nestli-embrace-sling-carrier,,
Almost perfect,Really happy with the purchase. Slight learning curve but nothing that a YouTube tutorial didn't solve. Baby is calm and I'm hands-free.,4,2023-12-10 00:00:00 UTC,Jessica Baker,jessicabaker240@outlook.com,,nestli-embrace-sling-carrier,,
Wish I had this with my first,Bought this because a mom in my birth class had one. Now 6 women from that class have this carrier. We call ourselves the Nestli moms.,5,2025-09-24 00:00:00 UTC,Daniel Phillips,danielphillips@icloud.com,,nestli-embrace-sling-carrier,,
"Goodbye stroller, hello Nestli",Both my husband and I use this with no readjusting. One carrier for both parents — such a smart design. Highly recommend.,5,2024-04-11 00:00:00 UTC,Nathan Davis,ndavis332@aol.com,,nestli-embrace-sling-carrier,,
Would recommend with small caveat,"Great carrier, my daughter loves it. Took off one star because the instructions could be more detailed. Overall very happy with the purchase.",4,2023-07-21 00:00:00 UTC,Jack Sanders,sanders.j750@aol.com,,nestli-embrace-sling-carrier,,
This is THE one,Baby wouldn't sleep unless I was holding her. Tried this carrier out of desperation at 3am and she passed out within minutes. I've been wearing it every day since.,5,2023-11-11 00:00:00 UTC,Anna Anderson,anderson.a@outlook.com,,nestli-embrace-sling-carrier,,
My baby only sleeps in this now,My son is 20 months and 26 pounds. I still carry him in this when he's tired on walks. Zero shoulder pain.,5,2023-01-18 00:00:00 UTC,Isabella Sullivan,sullivan_i698@msn.com,,nestli-embrace-sling-carrier,,
My pediatrician approved it,My postpartum anxiety was through the roof until I started babywearing. Having her close and being able to feel her breathing calmed both of us down.,5,2023-04-08 00:00:00 UTC,Thomas Morales,morales.t@gmail.com,,nestli-embrace-sling-carrier,,
Baby falls asleep in minutes,Took this to Disney World. Walked 12 hours with a 15-month-old in this carrier. My back felt completely fine. My husband was jealous.,5,2025-08-09 00:00:00 UTC,Adeline Thomas,athomas@msn.com,,nestli-embrace-sling-carrier,,
Finally a carrier that actually works,My husband said carriers looked too complicated. I ordered this without telling him. He tried it once and now he uses it more than I do. He calls it his dad superpower.,5,2024-05-02 00:00:00 UTC,Vanessa Powell,vanessa.powell@gmail.com,,nestli-embrace-sling-carrier,,
My pediatrician approved it,My second baby is so much calmer than my first was — I think it's entirely because I used this carrier from day 1. Skin-to-skin while getting things done.,5,2025-08-04 00:00:00 UTC,Gary Martin,marting699@hotmail.com,,nestli-embrace-sling-carrier,,
Cried happy tears when I tried it,Both my husband and I use this with no readjusting. One carrier for both parents — such a smart design. Highly recommend.,5,2024-01-20 00:00:00 UTC,Nicholas Long,nicholas_long@hotmail.com,,nestli-embrace-sling-carrier,,
My arms don't hurt anymore!,My baby went from needing to be rocked for 45 minutes to falling asleep in this carrier in under 10 minutes. Life is different now.,5,2025-11-17 00:00:00 UTC,Ariana Rivera,arivera4@msn.com,,nestli-embrace-sling-carrier,,
Baby falls asleep in minutes,We flew cross-country with our 7-month-old. This carrier fit in my purse and our baby slept through both flights. Worth ten times the price.,5,2023-02-20 00:00:00 UTC,Ava Clark,clarka@live.com,,nestli-embrace-sling-carrier,,
Solid 4 stars from me,Works well and baby loves it. The ring is a bit stiff at first so adjusting takes some force until it breaks in. After a week it was perfect.,4,2024-09-28 00:00:00 UTC,Genesis Diaz,diazg813@gmail.com,,nestli-embrace-sling-carrier,,
Mostly love this carrier,Really happy with the purchase. Slight learning curve but nothing that a YouTube tutorial didn't solve. Baby is calm and I'm hands-free.,4,2023-04-15 00:00:00 UTC,Timothy Torres,timothy@yahoo.com,,nestli-embrace-sling-carrier,,
"Good carrier, slight adjustment needed",Really great carrier overall. Took me about 3 tries to get the fit right but once I figured it out I love it. Baby seems comfortable and I have both hands free.,4,2025-01-27 00:00:00 UTC,Piper Allen,pallen@hotmail.com,,nestli-embrace-sling-carrier,,
My arms don't hurt anymore!,I was nervous about ring slings but the setup guide was so clear. Had it on correctly the first try. Baby was happy immediately.,5,2023-06-27 00:00:00 UTC,Alexander Fisher,alexander@aol.com,,nestli-embrace-sling-carrier,,
This saved my postpartum,My husband said carriers looked too complicated. I ordered this without telling him. He tried it once and now he uses it more than I do. He calls it his dad superpower.,5,2023-01-15 00:00:00 UTC,Jeffrey Jones,jeffrey@hotmail.com,,nestli-embrace-sling-carrier,,
The only carrier I recommend,Ordered this as a last resort after my velcro baby refused to be put down for 3 months. Should have ordered it on day 1. So easy to use and baby loves it.,5,2025-03-14 00:00:00 UTC,Naomi Robinson,naomi714@live.com,,nestli-embrace-sling-carrier,,
Happy with my purchase,"Great quality, soft fabric, baby seems comfy. Docking one star because mine arrived with a small mark on the fabric. Customer service sorted it quickly though.",4,2023-05-15 00:00:00 UTC,Chloe Martin,cmartin@icloud.com,,nestli-embrace-sling-carrier,,
My husband uses it more than me,My daughter had colic for 6 weeks and nothing worked. Put her in this carrier and she was asleep in 4 minutes. I literally cried. This carrier saved my sanity.,5,2024-06-17 00:00:00 UTC,Brielle King,bking628@aol.com,,nestli-embrace-sling-carrier,,
"Returned 3 carriers, kept this one",I work from home and wear this during calls. Baby is calm and quiet and I look completely professional. Game changing for WFH moms.,5,2023-06-22 00:00:00 UTC,Claire Baker,bakerc@aol.com,,nestli-embrace-sling-carrier,,
Baby falls asleep in minutes,Bought this as a gift for my sister's baby shower. She texted me a week later saying it's the only thing that calms her baby.,5,2023-10-10 00:00:00 UTC,Kevin Carter,kevin_carter292@yahoo.com,,nestli-embrace-sling-carrier,,
Best purchase of 2024,My daughter had colic for 6 weeks and nothing worked. Put her in this carrier and she was asleep in 4 minutes. I literally cried. This carrier saved my sanity.,5,2023-12-29 00:00:00 UTC,Sofia Hughes,sofia199@outlook.com,,nestli-embrace-sling-carrier,,
Airport essential,My husband said carriers looked too complicated. I ordered this without telling him. He tried it once and now he uses it more than I do. He calls it his dad superpower.,5,2023-04-19 00:00:00 UTC,Brielle Wilson,wilson_b130@outlook.com,,nestli-embrace-sling-carrier,,
Cried happy tears when I tried it,Went to the grocery store with both hands free for the first time in 4 months. I actually teared up in the cereal aisle. This carrier is everything.,5,2024-03-03 00:00:00 UTC,Olivia Allen,olivia801@gmail.com,,nestli-embrace-sling-carrier,,
Best carrier I've ever owned,Was skeptical after spending money on other carriers that hurt my back. This one is genuinely different. Wide padded strap makes all the difference.,5,2025-03-26 00:00:00 UTC,Willow Cooper,willow.cooper@aol.com,,nestli-embrace-sling-carrier,,
My velcro baby is finally calm,Baby wouldn't sleep unless I was holding her. Tried this carrier out of desperation at 3am and she passed out within minutes. I've been wearing it every day since.,5,2024-06-26 00:00:00 UTC,Ellie Carter,ellie_carter116@msn.com,,nestli-embrace-sling-carrier,,
My pediatrician approved it,Was skeptical after spending money on other carriers that hurt my back. This one is genuinely different. Wide padded strap makes all the difference.,5,2025-10-23 00:00:00 UTC,Kennedy White,kennedywhite171@live.com,,nestli-embrace-sling-carrier,,
"Returned 3 carriers, kept this one",Bought this as a gift for my sister's baby shower. She texted me a week later saying it's the only thing that calms her baby.,5,2024-06-26 00:00:00 UTC,Julia Hill,hill.j68@yahoo.com,,nestli-embrace-sling-carrier,,
Would recommend with small caveat,"Good carrier, my baby seems happy in it. I wish it came in more colors for my wardrobe but functionally it works great. Would recommend.",4,2024-03-18 00:00:00 UTC,Sarah Ramirez,ramirez_s596@outlook.com,,nestli-embrace-sling-carrier,,
Obsessed with this thing,Took this to Disney World. Walked 12 hours with a 15-month-old in this carrier. My back felt completely fine. My husband was jealous.,5,2024-08-14 00:00:00 UTC,Emery Ortiz,ortize@gmail.com,,nestli-embrace-sling-carrier,,
10/10 no notes,My husband said carriers looked too complicated. I ordered this without telling him. He tried it once and now he uses it more than I do. He calls it his dad superpower.,5,2023-03-07 00:00:00 UTC,Andrew Garcia,agarcia273@aol.com,,nestli-embrace-sling-carrier,,
My arms don't hurt anymore!,My second baby is so much calmer than my first was — I think it's entirely because I used this carrier from day 1. Skin-to-skin while getting things done.,5,2023-06-02 00:00:00 UTC,Ashley Adams,aadams@msn.com,,nestli-embrace-sling-carrier,,
"Great quality, took time to adjust","Good carrier, my baby seems happy in it. I wish it came in more colors for my wardrobe but functionally it works great. Would recommend.",4,2024-01-14 00:00:00 UTC,Aaron Brown,abrown@msn.com,,nestli-embrace-sling-carrier,,
Worth every single penny,Went to the grocery store with both hands free for the first time in 4 months. I actually teared up in the cereal aisle. This carrier is everything.,5,2023-06-29 00:00:00 UTC,Allison Russell,allisonrussell1@gmail.com,,nestli-embrace-sling-carrier,,
Good but takes practice,Love that I can nurse in this with a little practice. Took me a couple of weeks to get the hang of it but now it's seamless. High quality product.,4,2023-02-13 00:00:00 UTC,Sophie Rivera,riveras884@msn.com,,nestli-embrace-sling-carrier,,
Almost perfect,"Great carrier, my daughter loves it. Took off one star because the instructions could be more detailed. Overall very happy with the purchase.",4,2024-06-24 00:00:00 UTC,Hailey Hernandez,hailey@gmail.com,,nestli-embrace-sling-carrier,,
My pediatrician approved it,Bought this because a mom in my birth class had one. Now 6 women from that class have this carrier. We call ourselves the Nestli moms.,5,2023-09-22 00:00:00 UTC,Elizabeth Scott,elizabethscott@outlook.com,,nestli-embrace-sling-carrier,,
Perfection,The fabric is breathable enough that we used it all summer without baby overheating. Such a thoughtful design.,5,2023-09-04 00:00:00 UTC,Isabella Powell,powell.i@aol.com,,nestli-embrace-sling-carrier,,
The only carrier I recommend,I was nervous about ring slings but the setup guide was so clear. Had it on correctly the first try. Baby was happy immediately.,5,2023-09-25 00:00:00 UTC,Valentina Rivera,valentina@hotmail.com,,nestli-embrace-sling-carrier,,
"Fits perfectly, baby loves it",My second baby is so much calmer than my first was — I think it's entirely because I used this carrier from day 1. Skin-to-skin while getting things done.,5,2024-09-20 00:00:00 UTC,Vanessa Sanders,vsanders626@outlook.com,,nestli-embrace-sling-carrier,,
"Great carrier, wish it came with more colors",Works well and baby loves it. The ring is a bit stiff at first so adjusting takes some force until it breaks in. After a week it was perfect.,4,2025-01-27 00:00:00 UTC,Nathan Campbell,ncampbell130@yahoo.com,,nestli-embrace-sling-carrier,,
Solid carrier overall,Comfortable for long carries. Gave 4 stars because the color I received looked slightly different from the website photo. Still looks nice though.,4,2025-07-31 00:00:00 UTC,Rachel Stewart,rachel@gmail.com,,nestli-embrace-sling-carrier,,
Best carrier I've ever owned,Went to the grocery store with both hands free for the first time in 4 months. I actually teared up in the cereal aisle. This carrier is everything.,5,2025-10-10 00:00:00 UTC,Delilah Nguyen,delilah_nguyen368@msn.com,,nestli-embrace-sling-carrier,,
Cried happy tears when I tried it,My second baby is so much calmer than my first was — I think it's entirely because I used this carrier from day 1. Skin-to-skin while getting things done.,5,2024-02-15 00:00:00 UTC,Grace Garcia,garcia_g@aol.com,,nestli-embrace-sling-carrier,,
My sanity saver,My second baby is so much calmer than my first was — I think it's entirely because I used this carrier from day 1. Skin-to-skin while getting things done.,5,2024-01-06 00:00:00 UTC,Jack Allen,jack718@hotmail.com,,nestli-embrace-sling-carrier,,
Amazing quality,Was skeptical after spending money on other carriers that hurt my back. This one is genuinely different. Wide padded strap makes all the difference.,5,2024-09-22 00:00:00 UTC,David Moore,moore_d862@gmail.com,,nestli-embrace-sling-carrier,,
Obsessed with this thing,We flew cross-country with our 7-month-old. This carrier fit in my purse and our baby slept through both flights. Worth ten times the price.,5,2024-08-20 00:00:00 UTC,Madelyn Nguyen,mnguyen@gmail.com,,nestli-embrace-sling-carrier,,
Carrier of the year,My daughter had colic for 6 weeks and nothing worked. Put her in this carrier and she was asleep in 4 minutes. I literally cried. This carrier saved my sanity.,5,2023-05-06 00:00:00 UTC,Tyler Cooper,cooper_t663@outlook.com,,nestli-embrace-sling-carrier,,
Perfection,Bought this because a mom in my birth class had one. Now 6 women from that class have this carrier. We call ourselves the Nestli moms.,5,2023-12-04 00:00:00 UTC,Jasmine Martinez,martinezj@msn.com,,nestli-embrace-sling-carrier,,
Would recommend with small caveat,Works well and baby loves it. The ring is a bit stiff at first so adjusting takes some force until it breaks in. After a week it was perfect.,4,2023-11-27 00:00:00 UTC,Gary Edwards,gedwards108@live.com,,nestli-embrace-sling-carrier,,
Lightweight and perfect,Both my husband and I use this with no readjusting. One carrier for both parents — such a smart design. Highly recommend.,5,2023-04-30 00:00:00 UTC,Isla Garcia,igarcia@msn.com,,nestli-embrace-sling-carrier,,
Really great carrier,Love that I can nurse in this with a little practice. Took me a couple of weeks to get the hang of it but now it's seamless. High quality product.,4,2024-02-14 00:00:00 UTC,Dennis Young,young.d692@live.com,,nestli-embrace-sling-carrier,,
Dad approved!,Went to the grocery store with both hands free for the first time in 4 months. I actually teared up in the cereal aisle. This carrier is everything.,5,2023-04-15 00:00:00 UTC,Ivy Rodriguez,rodriguez_i@live.com,,nestli-embrace-sling-carrier,,
"Easy to put on, baby loves it",My daughter had colic for 6 weeks and nothing worked. Put her in this carrier and she was asleep in 4 minutes. I literally cried. This carrier saved my sanity.,5,2023-09-29 00:00:00 UTC,Michael Phillips,phillips.m970@hotmail.com,,nestli-embrace-sling-carrier,,
My newborn loves it,Baby wouldn't sleep unless I was holding her. Tried this carrier out of desperation at 3am and she passed out within minutes. I've been wearing it every day since.,5,2025-01-24 00:00:00 UTC,Madelyn Cruz,cruz.m255@outlook.com,,nestli-embrace-sling-carrier,,
Dad approved!,"My toddler is 2.5 years old and we still use this at the farmers market. She gets tired, I pop her in, she's calm. Best investment of new parenthood.",5,2026-01-14 00:00:00 UTC,Lauren Peterson,lpeterson239@gmail.com,,nestli-embrace-sling-carrier,,
My velcro baby is finally calm,The fabric is breathable enough that we used it all summer without baby overheating. Such a thoughtful design.,5,2024-04-08 00:00:00 UTC,Caroline Adams,caroline.adams658@gmail.com,,nestli-embrace-sling-carrier,,
"Goodbye stroller, hello Nestli",Ordered this as a last resort after my velcro baby refused to be put down for 3 months. Should have ordered it on day 1. So easy to use and baby loves it.,5,2023-12-26 00:00:00 UTC,Emilia Gray,emilia@yahoo.com,,nestli-embrace-sling-carrier,,
"Good quality, learning curve",Solid product. The strap is wide and comfortable. I gave 4 stars because I wish the setup instructions were a bit clearer with pictures. But the carrier itself is great.,4,2024-05-19 00:00:00 UTC,Vanessa Watson,vwatson@outlook.com,,nestli-embrace-sling-carrier,,
My go-to carrier for everything,Bought this as a gift for my sister's baby shower. She texted me a week later saying it's the only thing that calms her baby.,5,2023-10-02 00:00:00 UTC,Daniel Allen,dallen540@yahoo.com,,nestli-embrace-sling-carrier,,
Never taking this off,We flew cross-country with our 7-month-old. This carrier fit in my purse and our baby slept through both flights. Worth ten times the price.,5,2023-01-01 00:00:00 UTC,Ruby Williams,ruby@icloud.com,,nestli-embrace-sling-carrier,,
My sanity saver,My husband said carriers looked too complicated. I ordered this without telling him. He tried it once and now he uses it more than I do. He calls it his dad superpower.,5,2024-01-06 00:00:00 UTC,Layla Johnson,johnson.l@msn.com,,nestli-embrace-sling-carrier,,
Happy with my purchase,"Good carrier, my baby seems happy in it. I wish it came in more colors for my wardrobe but functionally it works great. Would recommend.",4,2024-11-20 00:00:00 UTC,Brian Parker,bparker398@outlook.com,,nestli-embrace-sling-carrier,,
Love it with minor learning curve,Really nice carrier. Well made and baby seems very comfortable. Just takes a little practice at first. Glad I bought it.,4,2023-11-09 00:00:00 UTC,Dennis James,djames694@msn.com,,nestli-embrace-sling-carrier,,
My sanity saver,"I've tried 3 different carriers before this one. Returned all of them. The Nestli goes on in seconds, I barely feel the weight, and my son falls asleep in it every single time.",5,2024-01-04 00:00:00 UTC,Savannah Cox,cox_s815@icloud.com,,nestli-embrace-sling-carrier,,
Love it with minor learning curve,Really like this carrier. My husband found it slightly tricky to adjust at first but now he uses it on his own. Baby falls asleep in it often.,4,2025-10-22 00:00:00 UTC,Mila Perez,mperez@msn.com,,nestli-embrace-sling-carrier,,
Wish I had this with my first,My second baby is so much calmer than my first was — I think it's entirely because I used this carrier from day 1. Skin-to-skin while getting things done.,5,2024-05-09 00:00:00 UTC,Ava Foster,fostera832@outlook.com,,nestli-embrace-sling-carrier,,
4 stars — great product,Great carrier and I use it daily. The only thing I'd change is the carry pouch — it's a bit small. But the carrier itself is 5 stars.,4,2023-01-05 00:00:00 UTC,Sarah Fisher,sarah_fisher14@outlook.com,,nestli-embrace-sling-carrier,,
My newborn loves it,We flew cross-country with our 7-month-old. This carrier fit in my purse and our baby slept through both flights. Worth ten times the price.,5,2023-12-21 00:00:00 UTC,Patrick Anderson,patrick553@gmail.com,,nestli-embrace-sling-carrier,,
Really great carrier,Really like this carrier. My husband found it slightly tricky to adjust at first but now he uses it on his own. Baby falls asleep in it often.,4,2024-03-01 00:00:00 UTC,Stephen Long,slong769@gmail.com,,nestli-embrace-sling-carrier,,
Worth every single penny,My son has reflux and needs to stay upright after feeds. This carrier keeps him perfectly positioned and he's so much more comfortable.,5,2023-12-21 00:00:00 UTC,Savannah Peterson,speterson173@live.com,,nestli-embrace-sling-carrier,,
Exceeded all my expectations,My second baby is so much calmer than my first was — I think it's entirely because I used this carrier from day 1. Skin-to-skin while getting things done.,5,2024-10-20 00:00:00 UTC,Charlotte Thomas,thomasc497@outlook.com,,nestli-embrace-sling-carrier,,
Bought for a friend too,Took this to Disney World. Walked 12 hours with a 15-month-old in this carrier. My back felt completely fine. My husband was jealous.,5,2023-01-03 00:00:00 UTC,Stella Flores,sflores@icloud.com,,nestli-embrace-sling-carrier,,
10/10 no notes,The fabric is breathable enough that we used it all summer without baby overheating. Such a thoughtful design.,5,2024-05-19 00:00:00 UTC,Anthony Bennett,abennett236@hotmail.com,,nestli-embrace-sling-carrier,,
My go-to carrier for everything,My postpartum anxiety was through the roof until I started babywearing. Having her close and being able to feel her breathing calmed both of us down.,5,2025-12-13 00:00:00 UTC,Sarah Rogers,srogers@icloud.com,,nestli-embrace-sling-carrier,,
Cooking with baby — done!,"Been using this for 14 months. Not a single seam has come loose, not a single stitch has broken. This thing is built to last.",5,2023-10-17 00:00:00 UTC,Kaylee Martin,kmartin429@gmail.com,,nestli-embrace-sling-carrier,,
My newborn loves it,Took this to Disney World. Walked 12 hours with a 15-month-old in this carrier. My back felt completely fine. My husband was jealous.,5,2023-12-26 00:00:00 UTC,Dennis Stewart,dennisstewart764@gmail.com,,nestli-embrace-sling-carrier,,
Bought for a friend too,Ordered this as a last resort after my velcro baby refused to be put down for 3 months. Should have ordered it on day 1. So easy to use and baby loves it.,5,2025-01-17 00:00:00 UTC,Brandon Ortiz,ortiz_b@icloud.com,,nestli-embrace-sling-carrier,,
Perfection,My second baby is so much calmer than my first was — I think it's entirely because I used this carrier from day 1. Skin-to-skin while getting things done.,5,2024-02-08 00:00:00 UTC,Nathan Peterson,nathanpeterson606@live.com,,nestli-embrace-sling-carrier,,
My sanity saver,My daughter had colic for 6 weeks and nothing worked. Put her in this carrier and she was asleep in 4 minutes. I literally cried. This carrier saved my sanity.,5,2023-02-06 00:00:00 UTC,Sophie Rogers,sophie.rogers795@gmail.com,,nestli-embrace-sling-carrier,,
Solid carrier overall,Solid product. The strap is wide and comfortable. I gave 4 stars because I wish the setup instructions were a bit clearer with pictures. But the carrier itself is great.,4,2024-05-01 00:00:00 UTC,Jasmine Bell,jbell@outlook.com,,nestli-embrace-sling-carrier,,
Recommend for most moms,Great carrier and I use it daily. The only thing I'd change is the carry pouch — it's a bit small. But the carrier itself is 5 stars.,4,2024-02-17 00:00:00 UTC,Lillian Green,lillian@live.com,,nestli-embrace-sling-carrier,,
Best baby gear purchase,My second baby is so much calmer than my first was — I think it's entirely because I used this carrier from day 1. Skin-to-skin while getting things done.,5,2024-07-01 00:00:00 UTC,Frank Clark,clark.f@gmail.com,,nestli-embrace-sling-carrier,,
Life changing for new moms,Both my husband and I use this with no readjusting. One carrier for both parents — such a smart design. Highly recommend.,5,2023-03-11 00:00:00 UTC,Lydia Thompson,lydia689@live.com,,nestli-embrace-sling-carrier,,
Life changing for new moms,Brought this to a family reunion. Every aunt and uncle took a turn. Nobody could believe how easy it was to put on. Orders came in from 3 family members.,5,2024-01-24 00:00:00 UTC,Allison Peterson,allison_peterson637@aol.com,,nestli-embrace-sling-carrier,,
Amazing quality,Brought this to a family reunion. Every aunt and uncle took a turn. Nobody could believe how easy it was to put on. Orders came in from 3 family members.,5,2023-09-13 00:00:00 UTC,Cora Allen,allenc261@icloud.com,,nestli-embrace-sling-carrier,,
Good for newborns,Good quality product. Baby is content in it and I can actually get things done. Would give 5 stars but it took some practice to get the tightness right.,4,2023-06-07 00:00:00 UTC,Tyler Gomez,tyler_gomez@icloud.com,,nestli-embrace-sling-carrier,,
The only carrier I recommend,My daughter had colic for 6 weeks and nothing worked. Put her in this carrier and she was asleep in 4 minutes. I literally cried. This carrier saved my sanity.,5,2023-11-08 00:00:00 UTC,Elena Jones,elena.jones970@yahoo.com,,nestli-embrace-sling-carrier,,
Love it with minor learning curve,Love that I can nurse in this with a little practice. Took me a couple of weeks to get the hang of it but now it's seamless. High quality product.,4,2023-01-15 00:00:00 UTC,Kaylee Rivera,kaylee.rivera@aol.com,,nestli-embrace-sling-carrier,,
Exceeded all my expectations,Both my husband and I use this with no readjusting. One carrier for both parents — such a smart design. Highly recommend.,5,2023-07-16 00:00:00 UTC,Adam Miller,amiller@gmail.com,,nestli-embrace-sling-carrier,,
Love it with minor learning curve,Really great carrier overall. Took me about 3 tries to get the fit right but once I figured it out I love it. Baby seems comfortable and I have both hands free.,4,2023-02-02 00:00:00 UTC,Caroline Edwards,carolineedwards911@aol.com,,nestli-embrace-sling-carrier,,
Happy with my purchase,"Love the quality of this carrier. Only reason it's 4 stars is the learning curve — it took me a week to feel confident putting it on. After that, totally smooth.",4,2023-03-22 00:00:00 UTC,Ellie Thompson,ethompson680@live.com,,nestli-embrace-sling-carrier,,
Life changing for new moms,My baby went from needing to be rocked for 45 minutes to falling asleep in this carrier in under 10 minutes. Life is different now.,5,2024-06-07 00:00:00 UTC,Emery Carter,cartere@msn.com,,nestli-embrace-sling-carrier,,
Airport essential,Both my husband and I use this with no readjusting. One carrier for both parents — such a smart design. Highly recommend.,5,2023-07-11 00:00:00 UTC,Skylar Morgan,skylar@gmail.com,,nestli-embrace-sling-carrier,,
Grocery store hero,Bought this as a gift for my sister's baby shower. She texted me a week later saying it's the only thing that calms her baby.,5,2023-08-21 00:00:00 UTC,Dennis Mitchell,mitchell_d@live.com,,nestli-embrace-sling-carrier,,
My pediatrician approved it,My daughter had colic for 6 weeks and nothing worked. Put her in this carrier and she was asleep in 4 minutes. I literally cried. This carrier saved my sanity.,5,2024-12-26 00:00:00 UTC,Jason Ross,jross442@msn.com,,nestli-embrace-sling-carrier,,
Worth every single penny,Bought this as a gift for my sister's baby shower. She texted me a week later saying it's the only thing that calms her baby.,5,2023-05-07 00:00:00 UTC,Charlotte Parker,cparker670@yahoo.com,,nestli-embrace-sling-carrier,,
Love it with minor learning curve,Great carrier and I use it daily. The only thing I'd change is the carry pouch — it's a bit small. But the carrier itself is 5 stars.,4,2023-09-26 00:00:00 UTC,Vanessa Watson,watson_v@gmail.com,,nestli-embrace-sling-carrier,,
"Easy to put on, baby loves it",Bought this as a gift for my sister's baby shower. She texted me a week later saying it's the only thing that calms her baby.,5,2024-10-29 00:00:00 UTC,Sophie Hernandez,sophie@yahoo.com,,nestli-embrace-sling-carrier,,
My arms don't hurt anymore!,We flew cross-country with our 7-month-old. This carrier fit in my purse and our baby slept through both flights. Worth ten times the price.,5,2024-05-25 00:00:00 UTC,Audrey Gutierrez,gutierrez_a@yahoo.com,,nestli-embrace-sling-carrier,,
Every mom needs this,Brought this to a family reunion. Every aunt and uncle took a turn. Nobody could believe how easy it was to put on. Orders came in from 3 family members.,5,2024-05-27 00:00:00 UTC,Cora Flores,flores.c@hotmail.com,,nestli-embrace-sling-carrier,,
Airport essential,My postpartum anxiety was through the roof until I started babywearing. Having her close and being able to feel her breathing calmed both of us down.,5,2024-07-01 00:00:00 UTC,Emilia Lee,elee@hotmail.com,,nestli-embrace-sling-carrier,,
Really like this carrier,Love that I can nurse in this with a little practice. Took me a couple of weeks to get the hang of it but now it's seamless. High quality product.,4,2024-04-08 00:00:00 UTC,Timothy Young,timothy472@live.com,,nestli-embrace-sling-carrier,,
Perfection,My postpartum anxiety was through the roof until I started babywearing. Having her close and being able to feel her breathing calmed both of us down.,5,2023-01-12 00:00:00 UTC,Nova Morgan,nova@icloud.com,,nestli-embrace-sling-carrier,,
Lightweight and perfect,We flew cross-country with our 7-month-old. This carrier fit in my purse and our baby slept through both flights. Worth ten times the price.,5,2024-03-16 00:00:00 UTC,Jose Sullivan,jose_sullivan815@hotmail.com,,nestli-embrace-sling-carrier,,
Genuinely life changing,Baby wouldn't sleep unless I was holding her. Tried this carrier out of desperation at 3am and she passed out within minutes. I've been wearing it every day since.,5,2023-06-29 00:00:00 UTC,Patrick Ortiz,portiz437@outlook.com,,nestli-embrace-sling-carrier,,
So easy to use,Bought this because a mom in my birth class had one. Now 6 women from that class have this carrier. We call ourselves the Nestli moms.,5,2024-01-01 00:00:00 UTC,Megan Hall,megan@yahoo.com,,nestli-embrace-sling-carrier,,
Best baby gear purchase,"My toddler is 2.5 years old and we still use this at the farmers market. She gets tired, I pop her in, she's calm. Best investment of new parenthood.",5,2023-02-22 00:00:00 UTC,Kenneth Torres,kenneth_torres@msn.com,,nestli-embrace-sling-carrier,,
Should have bought this from day one,The fabric is breathable enough that we used it all summer without baby overheating. Such a thoughtful design.,5,2025-12-29 00:00:00 UTC,James Barnes,james_barnes539@yahoo.com,,nestli-embrace-sling-carrier,,
Really great carrier,Really nice carrier. Well made and baby seems very comfortable. Just takes a little practice at first. Glad I bought it.,4,2024-05-18 00:00:00 UTC,Jonathan Wilson,jonathan_wilson@aol.com,,nestli-embrace-sling-carrier,,
Every mom needs this,"My toddler is 2.5 years old and we still use this at the farmers market. She gets tired, I pop her in, she's calm. Best investment of new parenthood.",5,2024-07-31 00:00:00 UTC,Audrey Scott,ascott939@gmail.com,,nestli-embrace-sling-carrier,,
"Fits perfectly, baby loves it",My husband said carriers looked too complicated. I ordered this without telling him. He tried it once and now he uses it more than I do. He calls it his dad superpower.,5,2023-04-09 00:00:00 UTC,Kennedy Lopez,lopezk@live.com,,nestli-embrace-sling-carrier,,
My husband uses it more than me,Brought this to a family reunion. Every aunt and uncle took a turn. Nobody could believe how easy it was to put on. Orders came in from 3 family members.,5,2023-12-01 00:00:00 UTC,Scarlett Davis,sdavis@live.com,,nestli-embrace-sling-carrier,,
Genuinely life changing,"Been using this for 14 months. Not a single seam has come loose, not a single stitch has broken. This thing is built to last.",5,2023-12-04 00:00:00 UTC,Piper Green,green.p@aol.com,,nestli-embrace-sling-carrier,,
Recommend for most moms,"Great quality, soft fabric, baby seems comfy. Docking one star because mine arrived with a small mark on the fabric. Customer service sorted it quickly though.",4,2025-10-07 00:00:00 UTC,Frank Davis,fdavis539@gmail.com,,nestli-embrace-sling-carrier,,
This saved my postpartum,My son is 20 months and 26 pounds. I still carry him in this when he's tired on walks. Zero shoulder pain.,5,2023-11-24 00:00:00 UTC,Hailey Sanders,sandersh245@aol.com,,nestli-embrace-sling-carrier,,
Wish I had this with my first,"Been using this for 14 months. Not a single seam has come loose, not a single stitch has broken. This thing is built to last.",5,2024-07-16 00:00:00 UTC,Madison Ross,madison_ross194@live.com,,nestli-embrace-sling-carrier,,
Every mom needs this,My son has reflux and needs to stay upright after feeds. This carrier keeps him perfectly positioned and he's so much more comfortable.,5,2024-06-17 00:00:00 UTC,Vanessa Sanchez,vanessa203@msn.com,,nestli-embrace-sling-carrier,,
"Good carrier, slight adjustment needed",Good quality product. Baby is content in it and I can actually get things done. Would give 5 stars but it took some practice to get the tightness right.,4,2023-08-17 00:00:00 UTC,Willow Martin,willow828@aol.com,,nestli-embrace-sling-carrier,,
Happy with my purchase,"Good carrier, my baby seems happy in it. I wish it came in more colors for my wardrobe but functionally it works great. Would recommend.",4,2023-07-11 00:00:00 UTC,Gabriella Reyes,gabriellareyes725@gmail.com,,nestli-embrace-sling-carrier,,
Every mom needs this,"I've tried 3 different carriers before this one. Returned all of them. The Nestli goes on in seconds, I barely feel the weight, and my son falls asleep in it every single time.",5,2023-06-12 00:00:00 UTC,Audrey Robinson,robinsona@aol.com,,nestli-embrace-sling-carrier,,
4 stars — great product,Really happy with the purchase. Slight learning curve but nothing that a YouTube tutorial didn't solve. Baby is calm and I'm hands-free.,4,2023-02-24 00:00:00 UTC,Julia Nguyen,julianguyen12@icloud.com,,nestli-embrace-sling-carrier,,
Exceeded all my expectations,"My toddler is 2.5 years old and we still use this at the farmers market. She gets tired, I pop her in, she's calm. Best investment of new parenthood.",5,2024-02-21 00:00:00 UTC,Julia Clark,julia_clark@yahoo.com,,nestli-embrace-sling-carrier,,
This is THE one,I was nervous about ring slings but the setup guide was so clear. Had it on correctly the first try. Baby was happy immediately.,5,2023-04-06 00:00:00 UTC,Brittany Collins,collins.b@icloud.com,,nestli-embrace-sling-carrier,,
Perfection,I run a mom and baby yoga class. I recommend this carrier to every single student. Half of them come back and say it changed their life.,5,2024-03-02 00:00:00 UTC,Justin Reed,reed.j897@outlook.com,,nestli-embrace-sling-carrier,,
My arms don't hurt anymore!,"Been using this for 14 months. Not a single seam has come loose, not a single stitch has broken. This thing is built to last.",5,2023-05-27 00:00:00 UTC,Sarah Howard,howard_s@live.com,,nestli-embrace-sling-carrier,,
My sanity saver,Went to the grocery store with both hands free for the first time in 4 months. I actually teared up in the cereal aisle. This carrier is everything.,5,2024-03-08 00:00:00 UTC,Jason Rodriguez,rodriguez_j514@gmail.com,,nestli-embrace-sling-carrier,,
Good for newborns,"Good carrier, my baby seems happy in it. I wish it came in more colors for my wardrobe but functionally it works great. Would recommend.",4,2023-02-27 00:00:00 UTC,George King,george.king891@yahoo.com,,nestli-embrace-sling-carrier,,
"Easy to put on, baby loves it",I run a mom and baby yoga class. I recommend this carrier to every single student. Half of them come back and say it changed their life.,5,2023-03-25 00:00:00 UTC,Leah Clark,leah@msn.com,,nestli-embrace-sling-carrier,,
"Love it, took a few tries",Comfortable for long carries. Gave 4 stars because the color I received looked slightly different from the website photo. Still looks nice though.,4,2024-01-10 00:00:00 UTC,Kaylee Price,kaylee@yahoo.com,,nestli-embrace-sling-carrier,,
Life changing for new moms,"My toddler is 2.5 years old and we still use this at the farmers market. She gets tired, I pop her in, she's calm. Best investment of new parenthood.",5,2025-01-02 00:00:00 UTC,Ashley Ramirez,ramirez_a@hotmail.com,,nestli-embrace-sling-carrier,,
Perfect for our lifestyle,"Been using this for 14 months. Not a single seam has come loose, not a single stitch has broken. This thing is built to last.",5,2024-06-25 00:00:00 UTC,Charlotte Sanders,sandersc459@outlook.com,,nestli-embrace-sling-carrier,,
So easy to use,"I've tried 3 different carriers before this one. Returned all of them. The Nestli goes on in seconds, I barely feel the weight, and my son falls asleep in it every single time.",5,2025-09-22 00:00:00 UTC,Madison Ross,mross@hotmail.com,,nestli-embrace-sling-carrier,,
My arms don't hurt anymore!,I was nervous about ring slings but the setup guide was so clear. Had it on correctly the first try. Baby was happy immediately.,5,2025-04-13 00:00:00 UTC,Taylor Torres,ttorres@live.com,,nestli-embrace-sling-carrier,,
Cooking with baby — done!,"My toddler is 2.5 years old and we still use this at the farmers market. She gets tired, I pop her in, she's calm. Best investment of new parenthood.",5,2023-09-06 00:00:00 UTC,Sofia Richardson,sofia.richardson941@live.com,,nestli-embrace-sling-carrier,,
Wish I had this with my first,"Been using this for 14 months. Not a single seam has come loose, not a single stitch has broken. This thing is built to last.",5,2024-12-14 00:00:00 UTC,Elena Thomas,elena.thomas768@yahoo.com,,nestli-embrace-sling-carrier,,
5 stars isn't enough,Went to the grocery store with both hands free for the first time in 4 months. I actually teared up in the cereal aisle. This carrier is everything.,5,2023-07-01 00:00:00 UTC,Tyler Fisher,tyler@outlook.com,,nestli-embrace-sling-carrier,,
My pediatrician approved it,Bought this because a mom in my birth class had one. Now 6 women from that class have this carrier. We call ourselves the Nestli moms.,5,2023-05-15 00:00:00 UTC,Emily Diaz,emily519@live.com,,nestli-embrace-sling-carrier,,
My newborn loves it,I run a mom and baby yoga class. I recommend this carrier to every single student. Half of them come back and say it changed their life.,5,2023-05-06 00:00:00 UTC,Amber Fisher,afisher@icloud.com,,nestli-embrace-sling-carrier,,
"Easy to put on, baby loves it",My postpartum anxiety was through the roof until I started babywearing. Having her close and being able to feel her breathing calmed both of us down.,5,2023-08-07 00:00:00 UTC,Jonathan Thompson,jthompson605@icloud.com,,nestli-embrace-sling-carrier,,
Best purchase of 2024,My second baby is so much calmer than my first was — I think it's entirely because I used this carrier from day 1. Skin-to-skin while getting things done.,5,2024-12-17 00:00:00 UTC,Kaylee Miller,kayleemiller352@live.com,,nestli-embrace-sling-carrier,,
"Good carrier, slight adjustment needed","Great carrier, my daughter loves it. Took off one star because the instructions could be more detailed. Overall very happy with the purchase.",4,2023-04-09 00:00:00 UTC,Sadie Gonzalez,gonzalezs32@gmail.com,,nestli-embrace-sling-carrier,,
Best carrier I've ever owned,Brought this to a family reunion. Every aunt and uncle took a turn. Nobody could believe how easy it was to put on. Orders came in from 3 family members.,5,2024-10-04 00:00:00 UTC,Valentina Hall,valentinahall974@icloud.com,,nestli-embrace-sling-carrier,,
4 stars — great product,"Love the quality of this carrier. Only reason it's 4 stars is the learning curve — it took me a week to feel confident putting it on. After that, totally smooth.",4,2024-03-10 00:00:00 UTC,Anthony Ross,rossa782@live.com,,nestli-embrace-sling-carrier,,
Good but takes practice,Comfortable for long carries. Gave 4 stars because the color I received looked slightly different from the website photo. Still looks nice though.,4,2024-11-30 00:00:00 UTC,Alexis Rogers,alexisrogers982@gmail.com,,nestli-embrace-sling-carrier,,
Best carrier I've ever owned,My postpartum anxiety was through the roof until I started babywearing. Having her close and being able to feel her breathing calmed both of us down.,5,2024-05-23 00:00:00 UTC,Stephanie Lee,stephanie_lee@yahoo.com,,nestli-embrace-sling-carrier,,
"Goodbye stroller, hello Nestli",Bought this because a mom in my birth class had one. Now 6 women from that class have this carrier. We call ourselves the Nestli moms.,5,2023-05-17 00:00:00 UTC,Stephanie Phillips,stephanie.phillips@aol.com,,nestli-embrace-sling-carrier,,
Bought for a friend too,My postpartum anxiety was through the roof until I started babywearing. Having her close and being able to feel her breathing calmed both of us down.,5,2024-02-25 00:00:00 UTC,Megan Jones,jonesm693@gmail.com,,nestli-embrace-sling-carrier,,
Exceeded all my expectations,Went to the grocery store with both hands free for the first time in 4 months. I actually teared up in the cereal aisle. This carrier is everything.,5,2023-08-19 00:00:00 UTC,Frank Rogers,rogersf742@live.com,,nestli-embrace-sling-carrier,,
Love it with minor learning curve,Really happy with the purchase. Slight learning curve but nothing that a YouTube tutorial didn't solve. Baby is calm and I'm hands-free.,4,2023-09-24 00:00:00 UTC,Adam Russell,russell_a259@msn.com,,nestli-embrace-sling-carrier,,
Really great carrier,"Love the quality of this carrier. Only reason it's 4 stars is the learning curve — it took me a week to feel confident putting it on. After that, totally smooth.",4,2023-05-22 00:00:00 UTC,Cora Green,cgreen552@hotmail.com,,nestli-embrace-sling-carrier,,
My husband uses it more than me,I run a mom and baby yoga class. I recommend this carrier to every single student. Half of them come back and say it changed their life.,5,2023-05-01 00:00:00 UTC,Kenneth Morales,kmorales@live.com,,nestli-embrace-sling-carrier,,
My go-to carrier for everything,We flew cross-country with our 7-month-old. This carrier fit in my purse and our baby slept through both flights. Worth ten times the price.,5,2025-06-15 00:00:00 UTC,Robert Murphy,robert540@live.com,,nestli-embrace-sling-carrier,,
My husband uses it more than me,"My toddler is 2.5 years old and we still use this at the farmers market. She gets tired, I pop her in, she's calm. Best investment of new parenthood.",5,2024-07-19 00:00:00 UTC,Natalie Richardson,natalie299@hotmail.com,,nestli-embrace-sling-carrier,,
Hands free finally!!!,My baby went from needing to be rocked for 45 minutes to falling asleep in this carrier in under 10 minutes. Life is different now.,5,2023-01-15 00:00:00 UTC,Charlotte Garcia,charlotte61@aol.com,,nestli-embrace-sling-carrier,,
Best carrier I've ever owned,My baby went from needing to be rocked for 45 minutes to falling asleep in this carrier in under 10 minutes. Life is different now.,5,2023-05-18 00:00:00 UTC,Ryan Flores,flores_r@msn.com,,nestli-embrace-sling-carrier,,
Lightweight and perfect,Ordered this as a last resort after my velcro baby refused to be put down for 3 months. Should have ordered it on day 1. So easy to use and baby loves it.,5,2023-11-16 00:00:00 UTC,Lillian Green,lillian@aol.com,,nestli-embrace-sling-carrier,,
Lightweight and perfect,My baby went from needing to be rocked for 45 minutes to falling asleep in this carrier in under 10 minutes. Life is different now.,5,2024-09-10 00:00:00 UTC,Hazel Hughes,hazel@msn.com,,nestli-embrace-sling-carrier,,
Carrier of the year,Both my husband and I use this with no readjusting. One carrier for both parents — such a smart design. Highly recommend.,5,2024-04-01 00:00:00 UTC,Kevin Smith,ksmith@msn.com,,nestli-embrace-sling-carrier,,
"Great carrier, wish it came with more colors",Really like this carrier. My husband found it slightly tricky to adjust at first but now he uses it on his own. Baby falls asleep in it often.,4,2024-01-22 00:00:00 UTC,Justin Baker,jbaker284@yahoo.com,,nestli-embrace-sling-carrier,,
Absolute game changer!,Was skeptical after spending money on other carriers that hurt my back. This one is genuinely different. Wide padded strap makes all the difference.,5,2023-07-21 00:00:00 UTC,Piper Nguyen,piper@icloud.com,,nestli-embrace-sling-carrier,,
Recommend for most moms,Really great carrier overall. Took me about 3 tries to get the fit right but once I figured it out I love it. Baby seems comfortable and I have both hands free.,4,2024-05-26 00:00:00 UTC,Lucy Ross,lucy.ross154@live.com,,nestli-embrace-sling-carrier,,
10/10 no notes,"My toddler is 2.5 years old and we still use this at the farmers market. She gets tired, I pop her in, she's calm. Best investment of new parenthood.",5,2024-04-04 00:00:00 UTC,Isabella Nelson,nelson_i583@live.com,,nestli-embrace-sling-carrier,,
This is THE one,Went to the grocery store with both hands free for the first time in 4 months. I actually teared up in the cereal aisle. This carrier is everything.,5,2024-06-17 00:00:00 UTC,Gary Davis,gdavis907@aol.com,,nestli-embrace-sling-carrier,,
Best purchase of 2024,My son is 20 months and 26 pounds. I still carry him in this when he's tired on walks. Zero shoulder pain.,5,2023-08-26 00:00:00 UTC,Camila Robinson,camila_robinson@aol.com,,nestli-embrace-sling-carrier,,
Best baby gear purchase,Ordered this as a last resort after my velcro baby refused to be put down for 3 months. Should have ordered it on day 1. So easy to use and baby loves it.,5,2024-04-16 00:00:00 UTC,Allison Cook,allisoncook@hotmail.com,,nestli-embrace-sling-carrier,,
Baby falls asleep in minutes,I work from home and wear this during calls. Baby is calm and quiet and I look completely professional. Game changing for WFH moms.,5,2025-02-06 00:00:00 UTC,Evelyn Nelson,enelson@yahoo.com,,nestli-embrace-sling-carrier,,
So easy to use,My baby went from needing to be rocked for 45 minutes to falling asleep in this carrier in under 10 minutes. Life is different now.,5,2024-08-22 00:00:00 UTC,Elizabeth Rivera,elizabeth.rivera@hotmail.com,,nestli-embrace-sling-carrier,,
"Easy to put on, baby loves it",My baby went from needing to be rocked for 45 minutes to falling asleep in this carrier in under 10 minutes. Life is different now.,5,2025-03-29 00:00:00 UTC,Stella Barnes,sbarnes463@hotmail.com,,nestli-embrace-sling-carrier,,
My velcro baby is finally calm,Brought this to a family reunion. Every aunt and uncle took a turn. Nobody could believe how easy it was to put on. Orders came in from 3 family members.,5,2024-10-09 00:00:00 UTC,Natalie Scott,nscott@outlook.com,,nestli-embrace-sling-carrier,,
Carrier of the year,Took this to Disney World. Walked 12 hours with a 15-month-old in this carrier. My back felt completely fine. My husband was jealous.,5,2023-11-05 00:00:00 UTC,Jeffrey Edwards,edwardsj229@msn.com,,nestli-embrace-sling-carrier,,
My husband uses it more than me,My second baby is so much calmer than my first was — I think it's entirely because I used this carrier from day 1. Skin-to-skin while getting things done.,5,2023-11-03 00:00:00 UTC,Dennis Hughes,dennis_hughes@outlook.com,,nestli-embrace-sling-carrier,,
Perfection,My daughter had colic for 6 weeks and nothing worked. Put her in this carrier and she was asleep in 4 minutes. I literally cried. This carrier saved my sanity.,5,2023-09-27 00:00:00 UTC,Ella Torres,torrese@yahoo.com,,nestli-embrace-sling-carrier,,
My husband uses it more than me,My son has reflux and needs to stay upright after feeds. This carrier keeps him perfectly positioned and he's so much more comfortable.,5,2024-12-23 00:00:00 UTC,Vanessa James,vanessa@aol.com,,nestli-embrace-sling-carrier,,
Finally sleeping again,"Been using this for 14 months. Not a single seam has come loose, not a single stitch has broken. This thing is built to last.",5,2025-08-15 00:00:00 UTC,Gabriella Perez,gperez@msn.com,,nestli-embrace-sling-carrier,,
"Great carrier, wish it came with more colors",Good quality product. Baby is content in it and I can actually get things done. Would give 5 stars but it took some practice to get the tightness right.,4,2023-01-01 00:00:00 UTC,Sophia Sullivan,sophia_sullivan@hotmail.com,,nestli-embrace-sling-carrier,,
"Fits perfectly, baby loves it",My son has reflux and needs to stay upright after feeds. This carrier keeps him perfectly positioned and he's so much more comfortable.,5,2023-11-03 00:00:00 UTC,Serenity King,kings@gmail.com,,nestli-embrace-sling-carrier,,
Bought 2 — one for grandma too,My son has reflux and needs to stay upright after feeds. This carrier keeps him perfectly positioned and he's so much more comfortable.,5,2023-07-29 00:00:00 UTC,Mia Nguyen,mianguyen620@hotmail.com,,nestli-embrace-sling-carrier,,
Love it with minor learning curve,Works well and baby loves it. The ring is a bit stiff at first so adjusting takes some force until it breaks in. After a week it was perfect.,4,2023-04-14 00:00:00 UTC,Lily Wright,lily@outlook.com,,nestli-embrace-sling-carrier,,
Bought 2 — one for grandma too,Ordered this as a last resort after my velcro baby refused to be put down for 3 months. Should have ordered it on day 1. So easy to use and baby loves it.,5,2025-04-10 00:00:00 UTC,Lillian Powell,lillian_powell835@gmail.com,,nestli-embrace-sling-carrier,,
Good but takes practice,Comfortable for long carries. Gave 4 stars because the color I received looked slightly different from the website photo. Still looks nice though.,4,2024-10-16 00:00:00 UTC,Hannah Miller,miller.h360@gmail.com,,nestli-embrace-sling-carrier,,
Best baby gear purchase,Both my husband and I use this with no readjusting. One carrier for both parents — such a smart design. Highly recommend.,5,2023-06-19 00:00:00 UTC,Daniel James,djames407@msn.com,,nestli-embrace-sling-carrier,,
"Fits perfectly, baby loves it","The quality is incredible. Stitching is perfect, fabric is so soft against baby skin. Washed it 40+ times and it still looks brand new.",5,2023-11-22 00:00:00 UTC,Stephanie Morales,moraless@live.com,,nestli-embrace-sling-carrier,,
My go-to carrier for everything,My daughter had colic for 6 weeks and nothing worked. Put her in this carrier and she was asleep in 4 minutes. I literally cried. This carrier saved my sanity.,5,2024-12-17 00:00:00 UTC,Tyler Green,tyler.green369@aol.com,,nestli-embrace-sling-carrier,,
My newborn loves it,Was skeptical after spending money on other carriers that hurt my back. This one is genuinely different. Wide padded strap makes all the difference.,5,2023-06-19 00:00:00 UTC,Mia Perez,miaperez584@outlook.com,,nestli-embrace-sling-carrier,,
"Good quality, learning curve",Great carrier and I use it daily. The only thing I'd change is the carry pouch — it's a bit small. But the carrier itself is 5 stars.,4,2024-04-19 00:00:00 UTC,Sophia Walker,sophia_walker@hotmail.com,,nestli-embrace-sling-carrier,,
4 stars — great product,"Love the quality of this carrier. Only reason it's 4 stars is the learning curve — it took me a week to feel confident putting it on. After that, totally smooth.",4,2023-12-08 00:00:00 UTC,Luna Taylor,ltaylor257@aol.com,,nestli-embrace-sling-carrier,,
My newborn loves it,"The quality is incredible. Stitching is perfect, fabric is so soft against baby skin. Washed it 40+ times and it still looks brand new.",5,2024-02-22 00:00:00 UTC,Valentina Baker,baker_v298@msn.com,,nestli-embrace-sling-carrier,,
"Great carrier, wish it came with more colors","Love the quality of this carrier. Only reason it's 4 stars is the learning curve — it took me a week to feel confident putting it on. After that, totally smooth.",4,2023-09-13 00:00:00 UTC,Ellie Murphy,murphy_e@live.com,,nestli-embrace-sling-carrier,,
This is THE one,Bought this as a gift for my sister's baby shower. She texted me a week later saying it's the only thing that calms her baby.,5,2023-01-01 00:00:00 UTC,Jerry King,jerryking@aol.com,,nestli-embrace-sling-carrier,,
"Returned 3 carriers, kept this one",Baby wouldn't sleep unless I was holding her. Tried this carrier out of desperation at 3am and she passed out within minutes. I've been wearing it every day since.,5,2023-05-10 00:00:00 UTC,Aria Parker,parkera@icloud.com,,nestli-embrace-sling-carrier,,
Solid 4 stars from me,"Great quality, soft fabric, baby seems comfy. Docking one star because mine arrived with a small mark on the fabric. Customer service sorted it quickly though.",4,2023-08-14 00:00:00 UTC,Kennedy Bailey,kennedy310@outlook.com,,nestli-embrace-sling-carrier,,
Best purchase of 2024,Brought this to a family reunion. Every aunt and uncle took a turn. Nobody could believe how easy it was to put on. Orders came in from 3 family members.,5,2024-04-19 00:00:00 UTC,Josephine Cox,jcox@hotmail.com,,nestli-embrace-sling-carrier,,
Exceeded all my expectations,We flew cross-country with our 7-month-old. This carrier fit in my purse and our baby slept through both flights. Worth ten times the price.,5,2025-01-25 00:00:00 UTC,Emma Robinson,robinson.e206@hotmail.com,,nestli-embrace-sling-carrier,,
So easy to use,Baby wouldn't sleep unless I was holding her. Tried this carrier out of desperation at 3am and she passed out within minutes. I've been wearing it every day since.,5,2025-02-18 00:00:00 UTC,Nevaeh Ortiz,nevaeh_ortiz@yahoo.com,,nestli-embrace-sling-carrier,,
Best purchase of 2024,My baby went from needing to be rocked for 45 minutes to falling asleep in this carrier in under 10 minutes. Life is different now.,5,2023-04-20 00:00:00 UTC,Abigail Carter,abigail@gmail.com,,nestli-embrace-sling-carrier,,
Really like this carrier,Great carrier and I use it daily. The only thing I'd change is the carry pouch — it's a bit small. But the carrier itself is 5 stars.,4,2024-12-20 00:00:00 UTC,Alexa Fisher,fisher.a415@outlook.com,,nestli-embrace-sling-carrier,,
My pediatrician approved it,"Been using this for 14 months. Not a single seam has come loose, not a single stitch has broken. This thing is built to last.",5,2023-05-03 00:00:00 UTC,Jerry Perry,perryj@outlook.com,,nestli-embrace-sling-carrier,,
The only carrier I recommend,Ordered this as a last resort after my velcro baby refused to be put down for 3 months. Should have ordered it on day 1. So easy to use and baby loves it.,5,2023-12-03 00:00:00 UTC,Mark Ward,markward951@msn.com,,nestli-embrace-sling-carrier,,
Wish I had this with my first,Was skeptical after spending money on other carriers that hurt my back. This one is genuinely different. Wide padded strap makes all the difference.,5,2023-11-26 00:00:00 UTC,Anthony Green,anthony@msn.com,,nestli-embrace-sling-carrier,,
"Nice carrier, minor issue with strap",Great carrier and I use it daily. The only thing I'd change is the carry pouch — it's a bit small. But the carrier itself is 5 stars.,4,2023-12-26 00:00:00 UTC,Vivian Perry,perry.v@hotmail.com,,nestli-embrace-sling-carrier,,
4 stars — great product,Works well and baby loves it. The ring is a bit stiff at first so adjusting takes some force until it breaks in. After a week it was perfect.,4,2023-10-30 00:00:00 UTC,Donald Williams,donald37@icloud.com,,nestli-embrace-sling-carrier,,
Really like this carrier,Great carrier and I use it daily. The only thing I'd change is the carry pouch — it's a bit small. But the carrier itself is 5 stars.,4,2024-05-01 00:00:00 UTC,Daniel Nelson,daniel@msn.com,,nestli-embrace-sling-carrier,,
She stopped crying the second I put it on,Bought this as a gift for my sister's baby shower. She texted me a week later saying it's the only thing that calms her baby.,5,2024-04-23 00:00:00 UTC,Elena Scott,escott@msn.com,,nestli-embrace-sling-carrier,,
My baby only sleeps in this now,I was nervous about ring slings but the setup guide was so clear. Had it on correctly the first try. Baby was happy immediately.,5,2025-05-27 00:00:00 UTC,Lucy Diaz,lucy782@yahoo.com,,nestli-embrace-sling-carrier,,
My baby only sleeps in this now,My postpartum anxiety was through the roof until I started babywearing. Having her close and being able to feel her breathing calmed both of us down.,5,2024-08-13 00:00:00 UTC,Jessica King,jessicaking371@hotmail.com,,nestli-embrace-sling-carrier,,
Lightweight and perfect,Bought this because a mom in my birth class had one. Now 6 women from that class have this carrier. We call ourselves the Nestli moms.,5,2025-06-10 00:00:00 UTC,Arianna Green,agreen@hotmail.com,,nestli-embrace-sling-carrier,,
Best purchase of 2024,Bought this as a gift for my sister's baby shower. She texted me a week later saying it's the only thing that calms her baby.,5,2023-04-02 00:00:00 UTC,Edward Cruz,ecruz205@msn.com,,nestli-embrace-sling-carrier,,
"Good carrier, slight adjustment needed",Works great for my petite frame. Had to watch a video to get the fit right but after that it's been perfect. Baby loves the closeness.,4,2025-05-28 00:00:00 UTC,Paisley White,paisley455@gmail.com,,nestli-embrace-sling-carrier,,
Great for travel,I was nervous about ring slings but the setup guide was so clear. Had it on correctly the first try. Baby was happy immediately.,5,2023-01-01 00:00:00 UTC,Steven Parker,steven_parker850@hotmail.com,,nestli-embrace-sling-carrier,,
Bought for a friend too,Went to the grocery store with both hands free for the first time in 4 months. I actually teared up in the cereal aisle. This carrier is everything.,5,2023-09-18 00:00:00 UTC,Gabriella Nguyen,gabriella_nguyen@yahoo.com,,nestli-embrace-sling-carrier,,
Good for newborns,Love that I can nurse in this with a little practice. Took me a couple of weeks to get the hang of it but now it's seamless. High quality product.,4,2024-08-22 00:00:00 UTC,Maya Howard,mayahoward648@hotmail.com,,nestli-embrace-sling-carrier,,
Amazing quality,We flew cross-country with our 7-month-old. This carrier fit in my purse and our baby slept through both flights. Worth ten times the price.,5,2024-05-25 00:00:00 UTC,Jonathan Flores,jonathan_flores836@aol.com,,nestli-embrace-sling-carrier,,
Mostly love this carrier,Really like this carrier. My husband found it slightly tricky to adjust at first but now he uses it on his own. Baby falls asleep in it often.,4,2023-11-05 00:00:00 UTC,Aria Jackson,jackson_a@yahoo.com,,nestli-embrace-sling-carrier,,
"Good carrier, slight adjustment needed",Love that I can nurse in this with a little practice. Took me a couple of weeks to get the hang of it but now it's seamless. High quality product.,4,2023-01-08 00:00:00 UTC,Lillian Collins,lillian_collins@gmail.com,,nestli-embrace-sling-carrier,,
Wish I had this with my first,We flew cross-country with our 7-month-old. This carrier fit in my purse and our baby slept through both flights. Worth ten times the price.,5,2023-05-28 00:00:00 UTC,Stephen Taylor,stephentaylor846@live.com,,nestli-embrace-sling-carrier,,
Cooking with baby — done!,Bought this because a mom in my birth class had one. Now 6 women from that class have this carrier. We call ourselves the Nestli moms.,5,2023-12-18 00:00:00 UTC,Audrey Campbell,audreycampbell@icloud.com,,nestli-embrace-sling-carrier,,
"Love it, took a few tries","Great quality, soft fabric, baby seems comfy. Docking one star because mine arrived with a small mark on the fabric. Customer service sorted it quickly though.",4,2024-07-13 00:00:00 UTC,Jose Gonzalez,jgonzalez468@live.com,,nestli-embrace-sling-carrier,,
Hands free finally!!!,My second baby is so much calmer than my first was — I think it's entirely because I used this carrier from day 1. Skin-to-skin while getting things done.,5,2023-08-19 00:00:00 UTC,Violet White,white.v938@aol.com,,nestli-embrace-sling-carrier,,
"Returned 3 carriers, kept this one",The fabric is breathable enough that we used it all summer without baby overheating. Such a thoughtful design.,5,2024-03-02 00:00:00 UTC,Sadie Cook,cook_s@icloud.com,,nestli-embrace-sling-carrier,,
"Nice carrier, minor issue with strap",Love that I can nurse in this with a little practice. Took me a couple of weeks to get the hang of it but now it's seamless. High quality product.,4,2023-05-21 00:00:00 UTC,Nevaeh Ramirez,nevaeh922@icloud.com,,nestli-embrace-sling-carrier,,
"Nice carrier, minor issue with strap","Great carrier, my daughter loves it. Took off one star because the instructions could be more detailed. Overall very happy with the purchase.",4,2024-01-03 00:00:00 UTC,Hailey Foster,foster.h@aol.com,,nestli-embrace-sling-carrier,,
Best baby gear purchase,"My toddler is 2.5 years old and we still use this at the farmers market. She gets tired, I pop her in, she's calm. Best investment of new parenthood.",5,2024-03-30 00:00:00 UTC,Nora Price,nprice159@msn.com,,nestli-embrace-sling-carrier,,
Great for travel,The fabric is breathable enough that we used it all summer without baby overheating. Such a thoughtful design.,5,2024-03-09 00:00:00 UTC,Nora Baker,norabaker717@icloud.com,,nestli-embrace-sling-carrier,,
My husband uses it more than me,Was skeptical after spending money on other carriers that hurt my back. This one is genuinely different. Wide padded strap makes all the difference.,5,2024-02-14 00:00:00 UTC,Penelope Hughes,hughes_p@icloud.com,,nestli-embrace-sling-carrier,,
My arms don't hurt anymore!,We flew cross-country with our 7-month-old. This carrier fit in my purse and our baby slept through both flights. Worth ten times the price.,5,2024-08-27 00:00:00 UTC,Tyler Cooper,tcooper@icloud.com,,nestli-embrace-sling-carrier,,
This saved my postpartum,"The quality is incredible. Stitching is perfect, fabric is so soft against baby skin. Washed it 40+ times and it still looks brand new.",5,2023-06-21 00:00:00 UTC,Joshua Foster,joshuafoster433@gmail.com,,nestli-embrace-sling-carrier,,
Best purchase of 2024,Brought this to a family reunion. Every aunt and uncle took a turn. Nobody could believe how easy it was to put on. Orders came in from 3 family members.,5,2023-10-21 00:00:00 UTC,Josephine White,josephinewhite@outlook.com,,nestli-embrace-sling-carrier,,
Airport essential,I was nervous about ring slings but the setup guide was so clear. Had it on correctly the first try. Baby was happy immediately.,5,2024-03-15 00:00:00 UTC,Rachel Perez,rachel_perez490@icloud.com,,nestli-embrace-sling-carrier,,
Airport essential,My son is 20 months and 26 pounds. I still carry him in this when he's tired on walks. Zero shoulder pain.,5,2024-12-17 00:00:00 UTC,James Brooks,james_brooks@aol.com,,nestli-embrace-sling-carrier,,
5 stars isn't enough,My son has reflux and needs to stay upright after feeds. This carrier keeps him perfectly positioned and he's so much more comfortable.,5,2023-06-05 00:00:00 UTC,Andrew Long,along544@yahoo.com,,nestli-embrace-sling-carrier,,
Best baby gear purchase,Ordered this as a last resort after my velcro baby refused to be put down for 3 months. Should have ordered it on day 1. So easy to use and baby loves it.,5,2025-03-03 00:00:00 UTC,Serenity Cruz,scruz952@outlook.com,,nestli-embrace-sling-carrier,,
Impressive quality for the price,"Good carrier, my baby seems happy in it. I wish it came in more colors for my wardrobe but functionally it works great. Would recommend.",4,2024-01-06 00:00:00 UTC,Ruby Nguyen,rnguyen200@hotmail.com,,nestli-embrace-sling-carrier,,
She stopped crying the second I put it on,Both my husband and I use this with no readjusting. One carrier for both parents — such a smart design. Highly recommend.,5,2023-09-29 00:00:00 UTC,Everly Richardson,richardson_e@yahoo.com,,nestli-embrace-sling-carrier,,
Can't imagine parenting without this,My postpartum anxiety was through the roof until I started babywearing. Having her close and being able to feel her breathing calmed both of us down.,5,2024-05-07 00:00:00 UTC,Gabriella Jenkins,jenkinsg617@icloud.com,,nestli-embrace-sling-carrier,,
Really like this carrier,Works great for my petite frame. Had to watch a video to get the fit right but after that it's been perfect. Baby loves the closeness.,4,2025-12-20 00:00:00 UTC,Amber Reyes,reyes.a@icloud.com,,nestli-embrace-sling-carrier,,
"Fits perfectly, baby loves it",I run a mom and baby yoga class. I recommend this carrier to every single student. Half of them come back and say it changed their life.,5,2024-10-25 00:00:00 UTC,Nora Rivera,norarivera@icloud.com,,nestli-embrace-sling-carrier,,
Bought 2 — one for grandma too,Was skeptical after spending money on other carriers that hurt my back. This one is genuinely different. Wide padded strap makes all the difference.,5,2023-05-13 00:00:00 UTC,Jasmine Morales,moralesj494@hotmail.com,,nestli-embrace-sling-carrier,,
My newborn loves it,Went to the grocery store with both hands free for the first time in 4 months. I actually teared up in the cereal aisle. This carrier is everything.,5,2023-05-06 00:00:00 UTC,Sophia Stewart,sstewart326@live.com,,nestli-embrace-sling-carrier,,
My baby only sleeps in this now,I work from home and wear this during calls. Baby is calm and quiet and I look completely professional. Game changing for WFH moms.,5,2023-07-23 00:00:00 UTC,Claire Cox,claire119@hotmail.com,,nestli-embrace-sling-carrier,,
Almost perfect,Solid product. The strap is wide and comfortable. I gave 4 stars because I wish the setup instructions were a bit clearer with pictures. But the carrier itself is great.,4,2024-10-30 00:00:00 UTC,Jerry White,jerrywhite603@yahoo.com,,nestli-embrace-sling-carrier,,
Never taking this off,I was nervous about ring slings but the setup guide was so clear. Had it on correctly the first try. Baby was happy immediately.,5,2024-03-10 00:00:00 UTC,Brielle James,bjames@live.com,,nestli-embrace-sling-carrier,,
Amazing quality,Both my husband and I use this with no readjusting. One carrier for both parents — such a smart design. Highly recommend.,5,2023-12-21 00:00:00 UTC,Layla Watson,layla926@outlook.com,,nestli-embrace-sling-carrier,,
Mostly love this carrier,Really like this carrier. My husband found it slightly tricky to adjust at first but now he uses it on his own. Baby falls asleep in it often.,4,2023-06-29 00:00:00 UTC,Timothy Miller,miller_t@icloud.com,,nestli-embrace-sling-carrier,,
Really like this carrier,"Love the quality of this carrier. Only reason it's 4 stars is the learning curve — it took me a week to feel confident putting it on. After that, totally smooth.",4,2023-05-06 00:00:00 UTC,Serenity Nguyen,serenity_nguyen256@yahoo.com,,nestli-embrace-sling-carrier,,
Bought for a friend too,My second baby is so much calmer than my first was — I think it's entirely because I used this carrier from day 1. Skin-to-skin while getting things done.,5,2023-12-16 00:00:00 UTC,Raymond Nguyen,raymond@msn.com,,nestli-embrace-sling-carrier,,
Never taking this off,Ordered this as a last resort after my velcro baby refused to be put down for 3 months. Should have ordered it on day 1. So easy to use and baby loves it.,5,2023-08-09 00:00:00 UTC,Layla Green,layla_green973@outlook.com,,nestli-embrace-sling-carrier,,
My velcro baby is finally calm,My husband said carriers looked too complicated. I ordered this without telling him. He tried it once and now he uses it more than I do. He calls it his dad superpower.,5,2023-06-08 00:00:00 UTC,Sarah Harris,sharris@live.com,,nestli-embrace-sling-carrier,,
Lightweight and perfect,Bought this because a mom in my birth class had one. Now 6 women from that class have this carrier. We call ourselves the Nestli moms.,5,2024-10-23 00:00:00 UTC,Matthew Barnes,matthew672@outlook.com,,nestli-embrace-sling-carrier,,
Solid 4 stars from me,Really nice carrier. Well made and baby seems very comfortable. Just takes a little practice at first. Glad I bought it.,4,2023-11-23 00:00:00 UTC,Chloe Gutierrez,cgutierrez187@yahoo.com,,nestli-embrace-sling-carrier,,
"Returned 3 carriers, kept this one","My toddler is 2.5 years old and we still use this at the farmers market. She gets tired, I pop her in, she's calm. Best investment of new parenthood.",5,2024-07-20 00:00:00 UTC,Patrick Carter,carterp@hotmail.com,,nestli-embrace-sling-carrier,,
Worth every single penny,Both my husband and I use this with no readjusting. One carrier for both parents — such a smart design. Highly recommend.,5,2023-07-12 00:00:00 UTC,Sophie Rivera,srivera@live.com,,nestli-embrace-sling-carrier,,
My arms don't hurt anymore!,My daughter had colic for 6 weeks and nothing worked. Put her in this carrier and she was asleep in 4 minutes. I literally cried. This carrier saved my sanity.,5,2023-05-02 00:00:00 UTC,Mila Gray,mila59@outlook.com,,nestli-embrace-sling-carrier,,
"Nice carrier, minor issue with strap","Great quality, soft fabric, baby seems comfy. Docking one star because mine arrived with a small mark on the fabric. Customer service sorted it quickly though.",4,2023-04-30 00:00:00 UTC,Kennedy Hughes,kennedy870@hotmail.com,,nestli-embrace-sling-carrier,,
"Love it, took a few tries","Great quality, soft fabric, baby seems comfy. Docking one star because mine arrived with a small mark on the fabric. Customer service sorted it quickly though.",4,2023-11-20 00:00:00 UTC,Nathan Davis,nathandavis211@yahoo.com,,nestli-embrace-sling-carrier,,
Cooking with baby — done!,I run a mom and baby yoga class. I recommend this carrier to every single student. Half of them come back and say it changed their life.,5,2023-05-01 00:00:00 UTC,Layla Powell,powell_l303@hotmail.com,,nestli-embrace-sling-carrier,,
Perfection,Bought this as a gift for my sister's baby shower. She texted me a week later saying it's the only thing that calms her baby.,5,2023-08-07 00:00:00 UTC,Eva Jenkins,jenkinse@outlook.com,,nestli-embrace-sling-carrier,,
"Goodbye stroller, hello Nestli",Both my husband and I use this with no readjusting. One carrier for both parents — such a smart design. Highly recommend.,5,2025-09-01 00:00:00 UTC,Madeline Hughes,mhughes103@hotmail.com,,nestli-embrace-sling-carrier,,
Happy with my purchase,Works well and baby loves it. The ring is a bit stiff at first so adjusting takes some force until it breaks in. After a week it was perfect.,4,2024-02-28 00:00:00 UTC,Elena Rivera,riverae@msn.com,,nestli-embrace-sling-carrier,,
Worth every single penny,Bought this as a gift for my sister's baby shower. She texted me a week later saying it's the only thing that calms her baby.,5,2023-03-27 00:00:00 UTC,Ellie Powell,powell.e659@yahoo.com,,nestli-embrace-sling-carrier,,
Best purchase of 2024,Bought this as a gift for my sister's baby shower. She texted me a week later saying it's the only thing that calms her baby.,5,2025-02-11 00:00:00 UTC,Eliana Hernandez,hernandeze@outlook.com,,nestli-embrace-sling-carrier,,
Absolute game changer!,"My toddler is 2.5 years old and we still use this at the farmers market. She gets tired, I pop her in, she's calm. Best investment of new parenthood.",5,2023-11-13 00:00:00 UTC,Kimberly Mitchell,kimberly225@yahoo.com,,nestli-embrace-sling-carrier,,
Hands free finally!!!,My baby went from needing to be rocked for 45 minutes to falling asleep in this carrier in under 10 minutes. Life is different now.,5,2024-09-30 00:00:00 UTC,Elena Roberts,elenaroberts@aol.com,,nestli-embrace-sling-carrier,,
Absolute game changer!,Took this to Disney World. Walked 12 hours with a 15-month-old in this carrier. My back felt completely fine. My husband was jealous.,5,2024-05-13 00:00:00 UTC,Camila Campbell,campbell.c@hotmail.com,,nestli-embrace-sling-carrier,,
Baby falls asleep in minutes,My baby went from needing to be rocked for 45 minutes to falling asleep in this carrier in under 10 minutes. Life is different now.,5,2023-01-23 00:00:00 UTC,Stephen Richardson,richardsons220@live.com,,nestli-embrace-sling-carrier,,
Every mom needs this,My son is 20 months and 26 pounds. I still carry him in this when he's tired on walks. Zero shoulder pain.,5,2024-02-10 00:00:00 UTC,Kimberly Cook,kimberly740@hotmail.com,,nestli-embrace-sling-carrier,,
Happy with my purchase,Works well and baby loves it. The ring is a bit stiff at first so adjusting takes some force until it breaks in. After a week it was perfect.,4,2023-12-24 00:00:00 UTC,Jonathan Mitchell,jonathan442@yahoo.com,,nestli-embrace-sling-carrier,,
Can't imagine parenting without this,Took this to Disney World. Walked 12 hours with a 15-month-old in this carrier. My back felt completely fine. My husband was jealous.,5,2024-06-03 00:00:00 UTC,Leah Wood,wood.l133@msn.com,,nestli-embrace-sling-carrier,,
She stopped crying the second I put it on,Both my husband and I use this with no readjusting. One carrier for both parents — such a smart design. Highly recommend.,5,2024-03-04 00:00:00 UTC,Jeffrey James,jamesj607@live.com,,nestli-embrace-sling-carrier,,
The only carrier I recommend,Both my husband and I use this with no readjusting. One carrier for both parents — such a smart design. Highly recommend.,5,2023-12-06 00:00:00 UTC,Lillian Young,lillian@yahoo.com,,nestli-embrace-sling-carrier,,
Exceeded all my expectations,"Been using this for 14 months. Not a single seam has come loose, not a single stitch has broken. This thing is built to last.",5,2024-10-23 00:00:00 UTC,Lauren Bell,lauren@yahoo.com,,nestli-embrace-sling-carrier,,
Grocery store hero,My son is 20 months and 26 pounds. I still carry him in this when he's tired on walks. Zero shoulder pain.,5,2023-03-11 00:00:00 UTC,Sophia Martin,smartin388@yahoo.com,,nestli-embrace-sling-carrier,,
Hands free finally!!!,My second baby is so much calmer than my first was — I think it's entirely because I used this carrier from day 1. Skin-to-skin while getting things done.,5,2023-08-21 00:00:00 UTC,Julia Morris,julia@icloud.com,,nestli-embrace-sling-carrier,,
"Easy to put on, baby loves it",I was nervous about ring slings but the setup guide was so clear. Had it on correctly the first try. Baby was happy immediately.,5,2025-08-08 00:00:00 UTC,Natalie Cooper,coopern109@outlook.com,,nestli-embrace-sling-carrier,,
Exceeded all my expectations,We flew cross-country with our 7-month-old. This carrier fit in my purse and our baby slept through both flights. Worth ten times the price.,5,2024-02-09 00:00:00 UTC,Sadie Davis,sadie.davis471@aol.com,,nestli-embrace-sling-carrier,,
Should have bought this from day one,"I've tried 3 different carriers before this one. Returned all of them. The Nestli goes on in seconds, I barely feel the weight, and my son falls asleep in it every single time.",5,2023-07-30 00:00:00 UTC,Michael Martin,martin_m555@msn.com,,nestli-embrace-sling-carrier,,
Really like this carrier,Works great for my petite frame. Had to watch a video to get the fit right but after that it's been perfect. Baby loves the closeness.,4,2023-05-26 00:00:00 UTC,Vivian Nelson,vivian_nelson204@outlook.com,,nestli-embrace-sling-carrier,,
Life changing for new moms,I was nervous about ring slings but the setup guide was so clear. Had it on correctly the first try. Baby was happy immediately.,5,2023-08-29 00:00:00 UTC,Andrew Morales,morales_a457@gmail.com,,nestli-embrace-sling-carrier,,
Cooking with baby — done!,My daughter had colic for 6 weeks and nothing worked. Put her in this carrier and she was asleep in 4 minutes. I literally cried. This carrier saved my sanity.,5,2024-12-28 00:00:00 UTC,Alexis Long,alexis_long@icloud.com,,nestli-embrace-sling-carrier,,
My arms don't hurt anymore!,Bought this as a gift for my sister's baby shower. She texted me a week later saying it's the only thing that calms her baby.,5,2023-01-12 00:00:00 UTC,Alice Cooper,alice_cooper950@icloud.com,,nestli-embrace-sling-carrier,,
Grocery store hero,My daughter had colic for 6 weeks and nothing worked. Put her in this carrier and she was asleep in 4 minutes. I literally cried. This carrier saved my sanity.,5,2024-07-25 00:00:00 UTC,Charles Evans,cevans36@gmail.com,,nestli-embrace-sling-carrier,,
Would recommend with small caveat,Really nice carrier. Well made and baby seems very comfortable. Just takes a little practice at first. Glad I bought it.,4,2024-02-24 00:00:00 UTC,Amanda Diaz,diaza855@msn.com,,nestli-embrace-sling-carrier,,
This is THE one,My son has reflux and needs to stay upright after feeds. This carrier keeps him perfectly positioned and he's so much more comfortable.,5,2025-05-07 00:00:00 UTC,Raymond Wood,raymond_wood334@gmail.com,,nestli-embrace-sling-carrier,,
Obsessed with this thing,My son has reflux and needs to stay upright after feeds. This carrier keeps him perfectly positioned and he's so much more comfortable.,5,2024-10-30 00:00:00 UTC,Paul Hughes,hughes.p@aol.com,,nestli-embrace-sling-carrier,,
Baby falls asleep in minutes,Both my husband and I use this with no readjusting. One carrier for both parents — such a smart design. Highly recommend.,5,2023-06-16 00:00:00 UTC,Piper Baker,pbaker@msn.com,,nestli-embrace-sling-carrier,,
My arms don't hurt anymore!,I was nervous about ring slings but the setup guide was so clear. Had it on correctly the first try. Baby was happy immediately.,5,2023-01-29 00:00:00 UTC,Aaliyah Morgan,amorgan@msn.com,,nestli-embrace-sling-carrier,,
"Great carrier, wish it came with more colors",Good quality product. Baby is content in it and I can actually get things done. Would give 5 stars but it took some practice to get the tightness right.,4,2024-08-30 00:00:00 UTC,Jacob Ross,jacob545@aol.com,,nestli-embrace-sling-carrier,,
Would recommend with small caveat,Love that I can nurse in this with a little practice. Took me a couple of weeks to get the hang of it but now it's seamless. High quality product.,4,2025-06-01 00:00:00 UTC,Joseph Green,greenj10@hotmail.com,,nestli-embrace-sling-carrier,,
My pediatrician approved it,"The quality is incredible. Stitching is perfect, fabric is so soft against baby skin. Washed it 40+ times and it still looks brand new.",5,2023-02-20 00:00:00 UTC,Isabella Taylor,isabella_taylor@hotmail.com,,nestli-embrace-sling-carrier,,
This is THE one,I was nervous about ring slings but the setup guide was so clear. Had it on correctly the first try. Baby was happy immediately.,5,2024-07-15 00:00:00 UTC,Eva Williams,williams.e@icloud.com,,nestli-embrace-sling-carrier,,
Bought for a friend too,Baby wouldn't sleep unless I was holding her. Tried this carrier out of desperation at 3am and she passed out within minutes. I've been wearing it every day since.,5,2023-11-06 00:00:00 UTC,James Rogers,rogers.j@msn.com,,nestli-embrace-sling-carrier,,
My arms don't hurt anymore!,My second baby is so much calmer than my first was — I think it's entirely because I used this carrier from day 1. Skin-to-skin while getting things done.,5,2024-01-30 00:00:00 UTC,Brittany Murphy,brittanymurphy@outlook.com,,nestli-embrace-sling-carrier,,
"Easy to put on, baby loves it",My baby went from needing to be rocked for 45 minutes to falling asleep in this carrier in under 10 minutes. Life is different now.,5,2023-08-16 00:00:00 UTC,Brittany Evans,bevans228@live.com,,nestli-embrace-sling-carrier,,
Solid 4 stars from me,Really great carrier overall. Took me about 3 tries to get the fit right but once I figured it out I love it. Baby seems comfortable and I have both hands free.,4,2024-09-27 00:00:00 UTC,Quinn Gonzalez,quinn.gonzalez783@icloud.com,,nestli-embrace-sling-carrier,,
Absolute game changer!,Took this to Disney World. Walked 12 hours with a 15-month-old in this carrier. My back felt completely fine. My husband was jealous.,5,2024-08-11 00:00:00 UTC,Thomas Roberts,thomas_roberts@aol.com,,nestli-embrace-sling-carrier,,
My newborn loves it,I was nervous about ring slings but the setup guide was so clear. Had it on correctly the first try. Baby was happy immediately.,5,2023-04-26 00:00:00 UTC,Kayla Stewart,stewartk225@outlook.com,,nestli-embrace-sling-carrier,,
Mostly love this carrier,"Love the quality of this carrier. Only reason it's 4 stars is the learning curve — it took me a week to feel confident putting it on. After that, totally smooth.",4,2025-04-25 00:00:00 UTC,Anna Rogers,annarogers@hotmail.com,,nestli-embrace-sling-carrier,,
My baby only sleeps in this now,Went to the grocery store with both hands free for the first time in 4 months. I actually teared up in the cereal aisle. This carrier is everything.,5,2025-08-30 00:00:00 UTC,Vivian Russell,vivian540@icloud.com,,nestli-embrace-sling-carrier,,
5 stars isn't enough,Both my husband and I use this with no readjusting. One carrier for both parents — such a smart design. Highly recommend.,5,2023-04-09 00:00:00 UTC,Emma White,ewhite465@outlook.com,,nestli-embrace-sling-carrier,,
Obsessed with this thing,"Been using this for 14 months. Not a single seam has come loose, not a single stitch has broken. This thing is built to last.",5,2023-03-23 00:00:00 UTC,Monica Garcia,mgarcia59@hotmail.com,,nestli-embrace-sling-carrier,,
Wish I had this with my first,Took this to Disney World. Walked 12 hours with a 15-month-old in this carrier. My back felt completely fine. My husband was jealous.,5,2023-09-20 00:00:00 UTC,Adam Green,agreen698@outlook.com,,nestli-embrace-sling-carrier,,
She stopped crying the second I put it on,Baby wouldn't sleep unless I was holding her. Tried this carrier out of desperation at 3am and she passed out within minutes. I've been wearing it every day since.,5,2023-01-05 00:00:00 UTC,Mila Hill,mila247@yahoo.com,,nestli-embrace-sling-carrier,,
Love it with minor learning curve,"Love the quality of this carrier. Only reason it's 4 stars is the learning curve — it took me a week to feel confident putting it on. After that, totally smooth.",4,2023-06-01 00:00:00 UTC,Ashley Turner,ashleyturner@outlook.com,,nestli-embrace-sling-carrier,,
Airport essential,We flew cross-country with our 7-month-old. This carrier fit in my purse and our baby slept through both flights. Worth ten times the price.,5,2023-10-18 00:00:00 UTC,Kenneth Evans,kenneth889@icloud.com,,nestli-embrace-sling-carrier,,
Best carrier I've ever owned,Baby wouldn't sleep unless I was holding her. Tried this carrier out of desperation at 3am and she passed out within minutes. I've been wearing it every day since.,5,2023-11-17 00:00:00 UTC,Julia Butler,julia@gmail.com,,nestli-embrace-sling-carrier,,
Impressive quality for the price,"Great quality, soft fabric, baby seems comfy. Docking one star because mine arrived with a small mark on the fabric. Customer service sorted it quickly though.",4,2024-09-11 00:00:00 UTC,David Sullivan,sullivan_d509@live.com,,nestli-embrace-sling-carrier,,
Would recommend with small caveat,"Love the quality of this carrier. Only reason it's 4 stars is the learning curve — it took me a week to feel confident putting it on. After that, totally smooth.",4,2023-03-31 00:00:00 UTC,Adeline Jackson,adeline@aol.com,,nestli-embrace-sling-carrier,,
My baby only sleeps in this now,My husband said carriers looked too complicated. I ordered this without telling him. He tried it once and now he uses it more than I do. He calls it his dad superpower.,5,2023-11-06 00:00:00 UTC,Brittany Nguyen,brittany@icloud.com,,nestli-embrace-sling-carrier,,
This saved my postpartum,Bought this because a mom in my birth class had one. Now 6 women from that class have this carrier. We call ourselves the Nestli moms.,5,2024-01-29 00:00:00 UTC,Anthony Butler,anthony316@msn.com,,nestli-embrace-sling-carrier,,
Hands free finally!!!,My husband said carriers looked too complicated. I ordered this without telling him. He tried it once and now he uses it more than I do. He calls it his dad superpower.,5,2024-07-20 00:00:00 UTC,Raymond Martinez,martinez.r929@outlook.com,,nestli-embrace-sling-carrier,,
Airport essential,My husband said carriers looked too complicated. I ordered this without telling him. He tried it once and now he uses it more than I do. He calls it his dad superpower.,5,2023-03-01 00:00:00 UTC,Zoe Anderson,zoeanderson681@outlook.com,,nestli-embrace-sling-carrier,,
Happy with my purchase,Good quality product. Baby is content in it and I can actually get things done. Would give 5 stars but it took some practice to get the tightness right.,4,2024-04-08 00:00:00 UTC,Aubrey Hill,aubrey541@hotmail.com,,nestli-embrace-sling-carrier,,
My sanity saver,I work from home and wear this during calls. Baby is calm and quiet and I look completely professional. Game changing for WFH moms.,5,2024-02-22 00:00:00 UTC,Taylor Johnson,tjohnson@aol.com,,nestli-embrace-sling-carrier,,
Dad approved!,I run a mom and baby yoga class. I recommend this carrier to every single student. Half of them come back and say it changed their life.,5,2023-08-25 00:00:00 UTC,Raymond Gonzalez,rgonzalez@gmail.com,,nestli-embrace-sling-carrier,,
5 stars isn't enough,"Been using this for 14 months. Not a single seam has come loose, not a single stitch has broken. This thing is built to last.",5,2023-06-04 00:00:00 UTC,Emilia Diaz,diaz_e687@outlook.com,,nestli-embrace-sling-carrier,,
Baby falls asleep in minutes,"I've tried 3 different carriers before this one. Returned all of them. The Nestli goes on in seconds, I barely feel the weight, and my son falls asleep in it every single time.",5,2025-02-01 00:00:00 UTC,Eric Miller,emiller869@hotmail.com,,nestli-embrace-sling-carrier,,
Lightweight and perfect,My husband said carriers looked too complicated. I ordered this without telling him. He tried it once and now he uses it more than I do. He calls it his dad superpower.,5,2024-03-11 00:00:00 UTC,Justin Edwards,edwards.j@msn.com,,nestli-embrace-sling-carrier,,
Genuinely life changing,I run a mom and baby yoga class. I recommend this carrier to every single student. Half of them come back and say it changed their life.,5,2024-09-29 00:00:00 UTC,Aaliyah Rodriguez,arodriguez@hotmail.com,,nestli-embrace-sling-carrier,,
Cooking with baby — done!,"I've tried 3 different carriers before this one. Returned all of them. The Nestli goes on in seconds, I barely feel the weight, and my son falls asleep in it every single time.",5,2024-09-03 00:00:00 UTC,Richard Johnson,johnson.r@icloud.com,,nestli-embrace-sling-carrier,,
Airport essential,My baby went from needing to be rocked for 45 minutes to falling asleep in this carrier in under 10 minutes. Life is different now.,5,2023-06-20 00:00:00 UTC,Madison Jenkins,jenkins.m@icloud.com,,nestli-embrace-sling-carrier,,
Should have bought this from day one,Was skeptical after spending money on other carriers that hurt my back. This one is genuinely different. Wide padded strap makes all the difference.,5,2024-01-14 00:00:00 UTC,Megan Sanchez,msanchez@yahoo.com,,nestli-embrace-sling-carrier,,
Really great carrier,Love that I can nurse in this with a little practice. Took me a couple of weeks to get the hang of it but now it's seamless. High quality product.,4,2023-08-18 00:00:00 UTC,Cora Bennett,cora31@icloud.com,,nestli-embrace-sling-carrier,,
She stopped crying the second I put it on,My baby went from needing to be rocked for 45 minutes to falling asleep in this carrier in under 10 minutes. Life is different now.,5,2023-11-14 00:00:00 UTC,Audrey Richardson,audrey@outlook.com,,nestli-embrace-sling-carrier,,
5 stars isn't enough,"Been using this for 14 months. Not a single seam has come loose, not a single stitch has broken. This thing is built to last.",5,2023-10-27 00:00:00 UTC,Adeline Diaz,diaza914@gmail.com,,nestli-embrace-sling-carrier,,
Best baby gear purchase,We flew cross-country with our 7-month-old. This carrier fit in my purse and our baby slept through both flights. Worth ten times the price.,5,2024-10-12 00:00:00 UTC,Autumn Nguyen,autumn@icloud.com,,nestli-embrace-sling-carrier,,
"Easy to put on, baby loves it","Been using this for 14 months. Not a single seam has come loose, not a single stitch has broken. This thing is built to last.",5,2025-11-29 00:00:00 UTC,Megan Sanders,megan403@gmail.com,,nestli-embrace-sling-carrier,,
Bought for a friend too,Went to the grocery store with both hands free for the first time in 4 months. I actually teared up in the cereal aisle. This carrier is everything.,5,2023-12-27 00:00:00 UTC,Tyler Flores,tflores60@live.com,,nestli-embrace-sling-carrier,,
Impressive quality for the price,Solid product. The strap is wide and comfortable. I gave 4 stars because I wish the setup instructions were a bit clearer with pictures. But the carrier itself is great.,4,2024-12-29 00:00:00 UTC,Addison Walker,addison897@icloud.com,,nestli-embrace-sling-carrier,,
Carrier of the year,Bought this because a mom in my birth class had one. Now 6 women from that class have this carrier. We call ourselves the Nestli moms.,5,2024-04-30 00:00:00 UTC,Ronald Carter,carterr@icloud.com,,nestli-embrace-sling-carrier,,
Every mom needs this,My son is 20 months and 26 pounds. I still carry him in this when he's tired on walks. Zero shoulder pain.,5,2024-02-21 00:00:00 UTC,Luna Adams,ladams555@yahoo.com,,nestli-embrace-sling-carrier,,
This is THE one,My daughter had colic for 6 weeks and nothing worked. Put her in this carrier and she was asleep in 4 minutes. I literally cried. This carrier saved my sanity.,5,2025-01-15 00:00:00 UTC,Donald Lewis,donald@live.com,,nestli-embrace-sling-carrier,,
My pediatrician approved it,Was skeptical after spending money on other carriers that hurt my back. This one is genuinely different. Wide padded strap makes all the difference.,5,2024-05-18 00:00:00 UTC,Jason Bell,jason372@aol.com,,nestli-embrace-sling-carrier,,
Amazing quality,We flew cross-country with our 7-month-old. This carrier fit in my purse and our baby slept through both flights. Worth ten times the price.,5,2024-03-26 00:00:00 UTC,Evelyn Bennett,evelyn@aol.com,,nestli-embrace-sling-carrier,,
The only carrier I recommend,Went to the grocery store with both hands free for the first time in 4 months. I actually teared up in the cereal aisle. This carrier is everything.,5,2024-02-15 00:00:00 UTC,Ruby Baker,ruby.baker@live.com,,nestli-embrace-sling-carrier,,
Obsessed with this thing,"Been using this for 14 months. Not a single seam has come loose, not a single stitch has broken. This thing is built to last.",5,2023-06-23 00:00:00 UTC,Elizabeth Jackson,elizabeth.jackson481@outlook.com,,nestli-embrace-sling-carrier,,
Can't imagine parenting without this,My son is 20 months and 26 pounds. I still carry him in this when he's tired on walks. Zero shoulder pain.,5,2023-09-01 00:00:00 UTC,Sarah Gray,sarah41@msn.com,,nestli-embrace-sling-carrier,,
My husband uses it more than me,Both my husband and I use this with no readjusting. One carrier for both parents — such a smart design. Highly recommend.,5,2024-07-23 00:00:00 UTC,Vanessa Gray,grayv@aol.com,,nestli-embrace-sling-carrier,,
Love it with minor learning curve,Really like this carrier. My husband found it slightly tricky to adjust at first but now he uses it on his own. Baby falls asleep in it often.,4,2025-08-15 00:00:00 UTC,Leah Morgan,leah@live.com,,nestli-embrace-sling-carrier,,
Good for newborns,Love that I can nurse in this with a little practice. Took me a couple of weeks to get the hang of it but now it's seamless. High quality product.,4,2024-06-13 00:00:00 UTC,Ella Gonzalez,gonzalez.e@live.com,,nestli-embrace-sling-carrier,,
My go-to carrier for everything,Bought this as a gift for my sister's baby shower. She texted me a week later saying it's the only thing that calms her baby.,5,2024-01-15 00:00:00 UTC,Alexis Moore,alexis.moore@icloud.com,,nestli-embrace-sling-carrier,,
My newborn loves it,My son has reflux and needs to stay upright after feeds. This carrier keeps him perfectly positioned and he's so much more comfortable.,5,2025-03-21 00:00:00 UTC,Nicholas Martin,nmartin850@hotmail.com,,nestli-embrace-sling-carrier,,
Wish I had this with my first,Bought this because a mom in my birth class had one. Now 6 women from that class have this carrier. We call ourselves the Nestli moms.,5,2025-06-21 00:00:00 UTC,Josephine Gonzalez,josephine@yahoo.com,,nestli-embrace-sling-carrier,,
Bought for a friend too,I was nervous about ring slings but the setup guide was so clear. Had it on correctly the first try. Baby was happy immediately.,5,2025-01-27 00:00:00 UTC,Scott Johnson,sjohnson480@live.com,,nestli-embrace-sling-carrier,,
My newborn loves it,Was skeptical after spending money on other carriers that hurt my back. This one is genuinely different. Wide padded strap makes all the difference.,5,2023-01-22 00:00:00 UTC,Raymond Martinez,rmartinez465@gmail.com,,nestli-embrace-sling-carrier,,
My newborn loves it,Brought this to a family reunion. Every aunt and uncle took a turn. Nobody could believe how easy it was to put on. Orders came in from 3 family members.,5,2025-12-20 00:00:00 UTC,Benjamin Bell,bbell@hotmail.com,,nestli-embrace-sling-carrier,,
This saved my postpartum,Baby wouldn't sleep unless I was holding her. Tried this carrier out of desperation at 3am and she passed out within minutes. I've been wearing it every day since.,5,2023-07-31 00:00:00 UTC,Alice Nguyen,alicenguyen220@gmail.com,,nestli-embrace-sling-carrier,,
Solid carrier overall,"Great quality, soft fabric, baby seems comfy. Docking one star because mine arrived with a small mark on the fabric. Customer service sorted it quickly though.",4,2025-05-06 00:00:00 UTC,Edward Nelson,edward@aol.com,,nestli-embrace-sling-carrier,,
Love it with minor learning curve,Really nice carrier. Well made and baby seems very comfortable. Just takes a little practice at first. Glad I bought it.,4,2024-08-17 00:00:00 UTC,Luna Powell,powell_l@gmail.com,,nestli-embrace-sling-carrier,,
Bought for a friend too,Was skeptical after spending money on other carriers that hurt my back. This one is genuinely different. Wide padded strap makes all the difference.,5,2023-08-17 00:00:00 UTC,Aaliyah Ward,aaliyah986@hotmail.com,,nestli-embrace-sling-carrier,,
Baby falls asleep in minutes,The fabric is breathable enough that we used it all summer without baby overheating. Such a thoughtful design.,5,2024-01-14 00:00:00 UTC,Zoey Perez,zoey@msn.com,,nestli-embrace-sling-carrier,,
Every mom needs this,Ordered this as a last resort after my velcro baby refused to be put down for 3 months. Should have ordered it on day 1. So easy to use and baby loves it.,5,2024-07-17 00:00:00 UTC,Julia Parker,parker_j@live.com,,nestli-embrace-sling-carrier,,
Impressive quality for the price,Comfortable for long carries. Gave 4 stars because the color I received looked slightly different from the website photo. Still looks nice though.,4,2023-05-16 00:00:00 UTC,Sophia Lewis,lewis_s@aol.com,,nestli-embrace-sling-carrier,,
Bought for a friend too,Baby wouldn't sleep unless I was holding her. Tried this carrier out of desperation at 3am and she passed out within minutes. I've been wearing it every day since.,5,2024-09-25 00:00:00 UTC,Anna Morris,morris_a@yahoo.com,,nestli-embrace-sling-carrier,,
"Easy to put on, baby loves it",Ordered this as a last resort after my velcro baby refused to be put down for 3 months. Should have ordered it on day 1. So easy to use and baby loves it.,5,2023-05-06 00:00:00 UTC,Jennifer Jenkins,jennifer_jenkins103@aol.com,,nestli-embrace-sling-carrier,,
So easy to use,My son is 20 months and 26 pounds. I still carry him in this when he's tired on walks. Zero shoulder pain.,5,2023-06-29 00:00:00 UTC,Donald Miller,donald276@gmail.com,,nestli-embrace-sling-carrier,,
Genuinely life changing,We flew cross-country with our 7-month-old. This carrier fit in my purse and our baby slept through both flights. Worth ten times the price.,5,2023-02-17 00:00:00 UTC,Jason Sanchez,jason187@hotmail.com,,nestli-embrace-sling-carrier,,
Perfection,My daughter had colic for 6 weeks and nothing worked. Put her in this carrier and she was asleep in 4 minutes. I literally cried. This carrier saved my sanity.,5,2024-05-14 00:00:00 UTC,Ava White,avawhite468@msn.com,,nestli-embrace-sling-carrier,,
My pediatrician approved it,My second baby is so much calmer than my first was — I think it's entirely because I used this carrier from day 1. Skin-to-skin while getting things done.,5,2024-09-16 00:00:00 UTC,Mark James,mjames@outlook.com,,nestli-embrace-sling-carrier,,
10/10 no notes,My daughter had colic for 6 weeks and nothing worked. Put her in this carrier and she was asleep in 4 minutes. I literally cried. This carrier saved my sanity.,5,2025-01-01 00:00:00 UTC,Madison Hughes,hughes.m734@live.com,,nestli-embrace-sling-carrier,,
Exceeded all my expectations,My postpartum anxiety was through the roof until I started babywearing. Having her close and being able to feel her breathing calmed both of us down.,5,2023-10-30 00:00:00 UTC,Nora Ramirez,nora282@yahoo.com,,nestli-embrace-sling-carrier,,
My baby only sleeps in this now,My son is 20 months and 26 pounds. I still carry him in this when he's tired on walks. Zero shoulder pain.,5,2023-02-20 00:00:00 UTC,Eric Richardson,erichardson76@msn.com,,nestli-embrace-sling-carrier,,
This is THE one,I was nervous about ring slings but the setup guide was so clear. Had it on correctly the first try. Baby was happy immediately.,5,2023-12-12 00:00:00 UTC,Mia Rogers,mrogers419@yahoo.com,,nestli-embrace-sling-carrier,,
She stopped crying the second I put it on,Bought this as a gift for my sister's baby shower. She texted me a week later saying it's the only thing that calms her baby.,5,2023-02-07 00:00:00 UTC,Adeline Roberts,adeline@outlook.com,,nestli-embrace-sling-carrier,,
"Goodbye stroller, hello Nestli",The fabric is breathable enough that we used it all summer without baby overheating. Such a thoughtful design.,5,2023-10-19 00:00:00 UTC,Tyler Brown,tyler298@msn.com,,nestli-embrace-sling-carrier,,
So easy to use,"I've tried 3 different carriers before this one. Returned all of them. The Nestli goes on in seconds, I barely feel the weight, and my son falls asleep in it every single time.",5,2023-07-17 00:00:00 UTC,Violet Reyes,vreyes@msn.com,,nestli-embrace-sling-carrier,,
"Fits perfectly, baby loves it","My toddler is 2.5 years old and we still use this at the farmers market. She gets tired, I pop her in, she's calm. Best investment of new parenthood.",5,2025-06-30 00:00:00 UTC,Evelyn Young,evelyn.young@gmail.com,,nestli-embrace-sling-carrier,,
My baby only sleeps in this now,My husband said carriers looked too complicated. I ordered this without telling him. He tried it once and now he uses it more than I do. He calls it his dad superpower.,5,2024-02-03 00:00:00 UTC,Violet Russell,russell_v521@outlook.com,,nestli-embrace-sling-carrier,,
Never taking this off,Baby wouldn't sleep unless I was holding her. Tried this carrier out of desperation at 3am and she passed out within minutes. I've been wearing it every day since.,5,2023-11-01 00:00:00 UTC,Amber Cook,amber@hotmail.com,,nestli-embrace-sling-carrier,,
Good for newborns,Great carrier and I use it daily. The only thing I'd change is the carry pouch — it's a bit small. But the carrier itself is 5 stars.,4,2023-09-29 00:00:00 UTC,Sarah Collins,scollins@icloud.com,,nestli-embrace-sling-carrier,,
"Fits perfectly, baby loves it",Baby wouldn't sleep unless I was holding her. Tried this carrier out of desperation at 3am and she passed out within minutes. I've been wearing it every day since.,5,2023-12-12 00:00:00 UTC,Kimberly Mitchell,kimberlymitchell290@icloud.com,,nestli-embrace-sling-carrier,,
Absolute game changer!,My son has reflux and needs to stay upright after feeds. This carrier keeps him perfectly positioned and he's so much more comfortable.,5,2023-02-25 00:00:00 UTC,Madeline Watson,madeline_watson@yahoo.com,,nestli-embrace-sling-carrier,,
Hands free finally!!!,My postpartum anxiety was through the roof until I started babywearing. Having her close and being able to feel her breathing calmed both of us down.,5,2024-03-26 00:00:00 UTC,Lucy Diaz,diaz.l49@msn.com,,nestli-embrace-sling-carrier,,
Baby falls asleep in minutes,The fabric is breathable enough that we used it all summer without baby overheating. Such a thoughtful design.,5,2023-03-03 00:00:00 UTC,Nathan Martinez,nmartinez@live.com,,nestli-embrace-sling-carrier,,
Perfect for our lifestyle,The fabric is breathable enough that we used it all summer without baby overheating. Such a thoughtful design.,5,2023-12-20 00:00:00 UTC,Riley Parker,parkerr@outlook.com,,nestli-embrace-sling-carrier,,
So easy to use,I was nervous about ring slings but the setup guide was so clear. Had it on correctly the first try. Baby was happy immediately.,5,2024-10-06 00:00:00 UTC,Richard Rivera,rrivera@live.com,,nestli-embrace-sling-carrier,,
So easy to use,My postpartum anxiety was through the roof until I started babywearing. Having her close and being able to feel her breathing calmed both of us down.,5,2024-08-13 00:00:00 UTC,Alexis Williams,awilliams780@hotmail.com,,nestli-embrace-sling-carrier,,
Best carrier I've ever owned,Baby wouldn't sleep unless I was holding her. Tried this carrier out of desperation at 3am and she passed out within minutes. I've been wearing it every day since.,5,2023-02-06 00:00:00 UTC,Nathan Reed,reed_n@aol.com,,nestli-embrace-sling-carrier,,
Really great carrier,Great carrier and I use it daily. The only thing I'd change is the carry pouch — it's a bit small. But the carrier itself is 5 stars.,4,2025-12-12 00:00:00 UTC,Eliana Powell,epowell44@outlook.com,,nestli-embrace-sling-carrier,,
"Great carrier, wish it came with more colors",Love that I can nurse in this with a little practice. Took me a couple of weeks to get the hang of it but now it's seamless. High quality product.,4,2025-05-16 00:00:00 UTC,Scott Thomas,thomas.s160@msn.com,,nestli-embrace-sling-carrier,,
My newborn loves it,The fabric is breathable enough that we used it all summer without baby overheating. Such a thoughtful design.,5,2023-04-18 00:00:00 UTC,Larry White,larry865@icloud.com,,nestli-embrace-sling-carrier,,
Wish I had this with my first,My postpartum anxiety was through the roof until I started babywearing. Having her close and being able to feel her breathing calmed both of us down.,5,2023-01-31 00:00:00 UTC,Gianna Brown,browng237@hotmail.com,,nestli-embrace-sling-carrier,,
"Fits perfectly, baby loves it",Brought this to a family reunion. Every aunt and uncle took a turn. Nobody could believe how easy it was to put on. Orders came in from 3 family members.,5,2024-07-27 00:00:00 UTC,Jose Rodriguez,jose957@msn.com,,nestli-embrace-sling-carrier,,
The only carrier I recommend,"I've tried 3 different carriers before this one. Returned all of them. The Nestli goes on in seconds, I barely feel the weight, and my son falls asleep in it every single time.",5,2024-03-12 00:00:00 UTC,Anthony Ortiz,ortiza@gmail.com,,nestli-embrace-sling-carrier,,
Solid 4 stars from me,"Great quality, soft fabric, baby seems comfy. Docking one star because mine arrived with a small mark on the fabric. Customer service sorted it quickly though.",4,2023-05-05 00:00:00 UTC,Joseph Flores,flores_j@msn.com,,nestli-embrace-sling-carrier,,
"Good carrier, slight adjustment needed",Really happy with the purchase. Slight learning curve but nothing that a YouTube tutorial didn't solve. Baby is calm and I'm hands-free.,4,2023-06-15 00:00:00 UTC,Addison Morgan,addison440@aol.com,,nestli-embrace-sling-carrier,,
Never taking this off,I run a mom and baby yoga class. I recommend this carrier to every single student. Half of them come back and say it changed their life.,5,2024-03-22 00:00:00 UTC,Naomi Reyes,nreyes@gmail.com,,nestli-embrace-sling-carrier,,
"Good quality, learning curve","Love the quality of this carrier. Only reason it's 4 stars is the learning curve — it took me a week to feel confident putting it on. After that, totally smooth.",4,2023-11-18 00:00:00 UTC,Lucy Johnson,lucyjohnson@icloud.com,,nestli-embrace-sling-carrier,,
"Easy to put on, baby loves it",My baby went from needing to be rocked for 45 minutes to falling asleep in this carrier in under 10 minutes. Life is different now.,5,2025-08-10 00:00:00 UTC,Tyler Carter,carter_t@msn.com,,nestli-embrace-sling-carrier,,
"Easy to put on, baby loves it","My toddler is 2.5 years old and we still use this at the farmers market. She gets tired, I pop her in, she's calm. Best investment of new parenthood.",5,2023-09-09 00:00:00 UTC,George Lee,george.lee832@live.com,,nestli-embrace-sling-carrier,,
My husband uses it more than me,My postpartum anxiety was through the roof until I started babywearing. Having her close and being able to feel her breathing calmed both of us down.,5,2026-04-03 00:00:00 UTC,Michael Long,long_m@aol.com,,nestli-embrace-sling-carrier,,
"Love it, took a few tries",Great carrier and I use it daily. The only thing I'd change is the carry pouch — it's a bit small. But the carrier itself is 5 stars.,4,2023-04-17 00:00:00 UTC,Monica Cox,mcox7@hotmail.com,,nestli-embrace-sling-carrier,,
Baby falls asleep in minutes,Bought this as a gift for my sister's baby shower. She texted me a week later saying it's the only thing that calms her baby.,5,2023-06-04 00:00:00 UTC,Robert Walker,rwalker262@live.com,,nestli-embrace-sling-carrier,,
My arms don't hurt anymore!,Baby wouldn't sleep unless I was holding her. Tried this carrier out of desperation at 3am and she passed out within minutes. I've been wearing it every day since.,5,2023-05-17 00:00:00 UTC,Lydia Price,lprice@outlook.com,,nestli-embrace-sling-carrier,,
Bought for a friend too,My son has reflux and needs to stay upright after feeds. This carrier keeps him perfectly positioned and he's so much more comfortable.,5,2023-04-29 00:00:00 UTC,Naomi Jackson,naomi_jackson405@aol.com,,nestli-embrace-sling-carrier,,
Really great carrier,"Good carrier, my baby seems happy in it. I wish it came in more colors for my wardrobe but functionally it works great. Would recommend.",4,2023-11-26 00:00:00 UTC,Riley Rogers,rogers.r423@msn.com,,nestli-embrace-sling-carrier,,
Perfect for our lifestyle,Baby wouldn't sleep unless I was holding her. Tried this carrier out of desperation at 3am and she passed out within minutes. I've been wearing it every day since.,5,2024-12-23 00:00:00 UTC,Jonathan Jones,jones.j@icloud.com,,nestli-embrace-sling-carrier,,
My husband uses it more than me,I run a mom and baby yoga class. I recommend this carrier to every single student. Half of them come back and say it changed their life.,5,2024-06-23 00:00:00 UTC,Timothy Phillips,timothy.phillips23@live.com,,nestli-embrace-sling-carrier,,
My sanity saver,My second baby is so much calmer than my first was — I think it's entirely because I used this carrier from day 1. Skin-to-skin while getting things done.,5,2024-02-06 00:00:00 UTC,Kevin Reyes,kevin707@live.com,,nestli-embrace-sling-carrier,,
My baby only sleeps in this now,We flew cross-country with our 7-month-old. This carrier fit in my purse and our baby slept through both flights. Worth ten times the price.,5,2024-07-12 00:00:00 UTC,Natalie Moore,moore_n@yahoo.com,,nestli-embrace-sling-carrier,,
Best carrier I've ever owned,"I've tried 3 different carriers before this one. Returned all of them. The Nestli goes on in seconds, I barely feel the weight, and my son falls asleep in it every single time.",5,2024-10-10 00:00:00 UTC,Gary Robinson,garyrobinson184@hotmail.com,,nestli-embrace-sling-carrier,,
"Returned 3 carriers, kept this one",Bought this as a gift for my sister's baby shower. She texted me a week later saying it's the only thing that calms her baby.,5,2023-08-09 00:00:00 UTC,Richard Thomas,richard762@msn.com,,nestli-embrace-sling-carrier,,
Best carrier I've ever owned,Ordered this as a last resort after my velcro baby refused to be put down for 3 months. Should have ordered it on day 1. So easy to use and baby loves it.,5,2023-02-03 00:00:00 UTC,Jose Davis,jose@outlook.com,,nestli-embrace-sling-carrier,,
Finally sleeping again,Ordered this as a last resort after my velcro baby refused to be put down for 3 months. Should have ordered it on day 1. So easy to use and baby loves it.,5,2023-10-10 00:00:00 UTC,Penelope Mitchell,penelope_mitchell126@hotmail.com,,nestli-embrace-sling-carrier,,
She stopped crying the second I put it on,Both my husband and I use this with no readjusting. One carrier for both parents — such a smart design. Highly recommend.,5,2024-07-16 00:00:00 UTC,Elizabeth Edwards,elizabeth@aol.com,,nestli-embrace-sling-carrier,,
"Good carrier, slight adjustment needed",Really great carrier overall. Took me about 3 tries to get the fit right but once I figured it out I love it. Baby seems comfortable and I have both hands free.,4,2024-03-22 00:00:00 UTC,Emery Lewis,emery@gmail.com,,nestli-embrace-sling-carrier,,
"Fits perfectly, baby loves it","The quality is incredible. Stitching is perfect, fabric is so soft against baby skin. Washed it 40+ times and it still looks brand new.",5,2024-11-04 00:00:00 UTC,Grace Allen,alleng@outlook.com,,nestli-embrace-sling-carrier,,
Perfect for our lifestyle,Took this to Disney World. Walked 12 hours with a 15-month-old in this carrier. My back felt completely fine. My husband was jealous.,5,2023-02-28 00:00:00 UTC,Emery Turner,eturner698@gmail.com,,nestli-embrace-sling-carrier,,
Cried happy tears when I tried it,Both my husband and I use this with no readjusting. One carrier for both parents — such a smart design. Highly recommend.,5,2023-01-10 00:00:00 UTC,Isabella Adams,iadams648@gmail.com,,nestli-embrace-sling-carrier,,
Never taking this off,"Been using this for 14 months. Not a single seam has come loose, not a single stitch has broken. This thing is built to last.",5,2024-05-16 00:00:00 UTC,Hazel Baker,hazel@msn.com,,nestli-embrace-sling-carrier,,
"Goodbye stroller, hello Nestli",My husband said carriers looked too complicated. I ordered this without telling him. He tried it once and now he uses it more than I do. He calls it his dad superpower.,5,2023-02-18 00:00:00 UTC,Jeffrey Brown,jbrown360@live.com,,nestli-embrace-sling-carrier,,
Carrier of the year,My husband said carriers looked too complicated. I ordered this without telling him. He tried it once and now he uses it more than I do. He calls it his dad superpower.,5,2025-08-29 00:00:00 UTC,Zoey Foster,zfoster@icloud.com,,nestli-embrace-sling-carrier,,
Absolute game changer!,Bought this as a gift for my sister's baby shower. She texted me a week later saying it's the only thing that calms her baby.,5,2025-05-18 00:00:00 UTC,Sophia Myers,smyers158@yahoo.com,,nestli-embrace-sling-carrier,,
She stopped crying the second I put it on,Both my husband and I use this with no readjusting. One carrier for both parents — such a smart design. Highly recommend.,5,2023-12-21 00:00:00 UTC,David Young,youngd@outlook.com,,nestli-embrace-sling-carrier,,
Recommend for most moms,Comfortable for long carries. Gave 4 stars because the color I received looked slightly different from the website photo. Still looks nice though.,4,2023-03-13 00:00:00 UTC,Piper Ward,piper.ward@live.com,,nestli-embrace-sling-carrier,,
"Good quality, learning curve",Works well and baby loves it. The ring is a bit stiff at first so adjusting takes some force until it breaks in. After a week it was perfect.,4,2023-10-27 00:00:00 UTC,Alexis White,whitea459@gmail.com,,nestli-embrace-sling-carrier,,
Great for travel,Bought this because a mom in my birth class had one. Now 6 women from that class have this carrier. We call ourselves the Nestli moms.,5,2023-07-26 00:00:00 UTC,Emily Scott,escott821@hotmail.com,,nestli-embrace-sling-carrier,,
Perfection,Both my husband and I use this with no readjusting. One carrier for both parents — such a smart design. Highly recommend.,5,2023-04-01 00:00:00 UTC,Richard Brown,richard@icloud.com,,nestli-embrace-sling-carrier,,
Cried happy tears when I tried it,My baby went from needing to be rocked for 45 minutes to falling asleep in this carrier in under 10 minutes. Life is different now.,5,2023-07-30 00:00:00 UTC,Andrew Moore,moore_a@aol.com,,nestli-embrace-sling-carrier,,
Almost perfect,"Love the quality of this carrier. Only reason it's 4 stars is the learning curve — it took me a week to feel confident putting it on. After that, totally smooth.",4,2023-02-23 00:00:00 UTC,Aaliyah Rogers,aaliyah768@icloud.com,,nestli-embrace-sling-carrier,,
"Returned 3 carriers, kept this one",We flew cross-country with our 7-month-old. This carrier fit in my purse and our baby slept through both flights. Worth ten times the price.,5,2023-05-29 00:00:00 UTC,Thomas Bell,thomas265@icloud.com,,nestli-embrace-sling-carrier,,
Amazing quality,Bought this because a mom in my birth class had one. Now 6 women from that class have this carrier. We call ourselves the Nestli moms.,5,2024-08-17 00:00:00 UTC,Emery Davis,edavis@aol.com,,nestli-embrace-sling-carrier,,
My pediatrician approved it,Both my husband and I use this with no readjusting. One carrier for both parents — such a smart design. Highly recommend.,5,2024-05-09 00:00:00 UTC,Brandon Perry,bperry@live.com,,nestli-embrace-sling-carrier,,
"Nice carrier, minor issue with strap","Good carrier, my baby seems happy in it. I wish it came in more colors for my wardrobe but functionally it works great. Would recommend.",4,2023-02-15 00:00:00 UTC,Leah Rogers,leah247@outlook.com,,nestli-embrace-sling-carrier,,
"Nice carrier, minor issue with strap",Love that I can nurse in this with a little practice. Took me a couple of weeks to get the hang of it but now it's seamless. High quality product.,4,2023-04-08 00:00:00 UTC,Everly Nelson,everly@icloud.com,,nestli-embrace-sling-carrier,,
"Good carrier, slight adjustment needed","Good carrier, my baby seems happy in it. I wish it came in more colors for my wardrobe but functionally it works great. Would recommend.",4,2024-08-19 00:00:00 UTC,Richard Flores,flores_r537@msn.com,,nestli-embrace-sling-carrier,,
Good for newborns,Love that I can nurse in this with a little practice. Took me a couple of weeks to get the hang of it but now it's seamless. High quality product.,4,2023-04-03 00:00:00 UTC,Sophia James,sophia_james@outlook.com,,nestli-embrace-sling-carrier,,
Would recommend with small caveat,Good quality product. Baby is content in it and I can actually get things done. Would give 5 stars but it took some practice to get the tightness right.,4,2025-05-18 00:00:00 UTC,Samantha Cox,samantha_cox@hotmail.com,,nestli-embrace-sling-carrier,,
Lightweight and perfect,My son has reflux and needs to stay upright after feeds. This carrier keeps him perfectly positioned and he's so much more comfortable.,5,2024-08-20 00:00:00 UTC,Amber Ross,amber.ross634@gmail.com,,nestli-embrace-sling-carrier,,
Mostly love this carrier,"Great carrier, my daughter loves it. Took off one star because the instructions could be more detailed. Overall very happy with the purchase.",4,2025-07-21 00:00:00 UTC,Charles Morgan,morgan.c@icloud.com,,nestli-embrace-sling-carrier,,
"Goodbye stroller, hello Nestli",I work from home and wear this during calls. Baby is calm and quiet and I look completely professional. Game changing for WFH moms.,5,2023-09-18 00:00:00 UTC,Chloe Richardson,chloe.richardson@outlook.com,,nestli-embrace-sling-carrier,,
My newborn loves it,I run a mom and baby yoga class. I recommend this carrier to every single student. Half of them come back and say it changed their life.,5,2024-04-26 00:00:00 UTC,Sophie Evans,sophie.evans@yahoo.com,,nestli-embrace-sling-carrier,,
My sanity saver,Bought this because a mom in my birth class had one. Now 6 women from that class have this carrier. We call ourselves the Nestli moms.,5,2023-12-27 00:00:00 UTC,Everly Perez,eperez@icloud.com,,nestli-embrace-sling-carrier,,
Grocery store hero,Took this to Disney World. Walked 12 hours with a 15-month-old in this carrier. My back felt completely fine. My husband was jealous.,5,2026-01-22 00:00:00 UTC,Savannah Garcia,savannahgarcia131@outlook.com,,nestli-embrace-sling-carrier,,
Finally sleeping again,Bought this because a mom in my birth class had one. Now 6 women from that class have this carrier. We call ourselves the Nestli moms.,5,2023-07-20 00:00:00 UTC,Chloe Bennett,chloe@hotmail.com,,nestli-embrace-sling-carrier,,
Finally sleeping again,"I've tried 3 different carriers before this one. Returned all of them. The Nestli goes on in seconds, I barely feel the weight, and my son falls asleep in it every single time.",5,2023-05-09 00:00:00 UTC,Ryan Sanchez,ryansanchez@gmail.com,,nestli-embrace-sling-carrier,,
Obsessed with this thing,"I've tried 3 different carriers before this one. Returned all of them. The Nestli goes on in seconds, I barely feel the weight, and my son falls asleep in it every single time.",5,2025-04-02 00:00:00 UTC,Autumn Cruz,acruz@aol.com,,nestli-embrace-sling-carrier,,
Good but takes practice,Great carrier and I use it daily. The only thing I'd change is the carry pouch — it's a bit small. But the carrier itself is 5 stars.,4,2025-01-10 00:00:00 UTC,Ruby Nguyen,nguyen.r@gmail.com,,nestli-embrace-sling-carrier,,
This is THE one,The fabric is breathable enough that we used it all summer without baby overheating. Such a thoughtful design.,5,2023-10-07 00:00:00 UTC,Ellie Evans,ellie908@gmail.com,,nestli-embrace-sling-carrier,,
Bought for a friend too,I was nervous about ring slings but the setup guide was so clear. Had it on correctly the first try. Baby was happy immediately.,5,2025-06-18 00:00:00 UTC,Charles Robinson,robinsonc194@live.com,,nestli-embrace-sling-carrier,,
Good but takes practice,Love that I can nurse in this with a little practice. Took me a couple of weeks to get the hang of it but now it's seamless. High quality product.,4,2025-03-11 00:00:00 UTC,Gregory Wood,gregory524@gmail.com,,nestli-embrace-sling-carrier,,
"Fits perfectly, baby loves it",My son is 20 months and 26 pounds. I still carry him in this when he's tired on walks. Zero shoulder pain.,5,2024-10-21 00:00:00 UTC,Alice Baker,abaker@icloud.com,,nestli-embrace-sling-carrier,,
Carrier of the year,"I've tried 3 different carriers before this one. Returned all of them. The Nestli goes on in seconds, I barely feel the weight, and my son falls asleep in it every single time.",5,2023-09-15 00:00:00 UTC,Brielle Lee,brielle@hotmail.com,,nestli-embrace-sling-carrier,,
"Goodbye stroller, hello Nestli","Been using this for 14 months. Not a single seam has come loose, not a single stitch has broken. This thing is built to last.",5,2024-02-24 00:00:00 UTC,Ava Myers,ava@gmail.com,,nestli-embrace-sling-carrier,,
Impressive quality for the price,"Good carrier, my baby seems happy in it. I wish it came in more colors for my wardrobe but functionally it works great. Would recommend.",4,2024-01-25 00:00:00 UTC,Luna Adams,ladams@live.com,,nestli-embrace-sling-carrier,,
Best purchase of 2024,My baby went from needing to be rocked for 45 minutes to falling asleep in this carrier in under 10 minutes. Life is different now.,5,2024-06-18 00:00:00 UTC,Tyler Hill,tylerhill@hotmail.com,,nestli-embrace-sling-carrier,,
Perfection,Both my husband and I use this with no readjusting. One carrier for both parents — such a smart design. Highly recommend.,5,2023-07-04 00:00:00 UTC,Gregory Lopez,lopez.g@outlook.com,,nestli-embrace-sling-carrier,,
Genuinely life changing,The fabric is breathable enough that we used it all summer without baby overheating. Such a thoughtful design.,5,2023-05-07 00:00:00 UTC,Natalie Thompson,nthompson@aol.com,,nestli-embrace-sling-carrier,,
Best purchase of 2024,Both my husband and I use this with no readjusting. One carrier for both parents — such a smart design. Highly recommend.,5,2024-06-29 00:00:00 UTC,Cora Martinez,cora699@yahoo.com,,nestli-embrace-sling-carrier,,
Never taking this off,My baby went from needing to be rocked for 45 minutes to falling asleep in this carrier in under 10 minutes. Life is different now.,5,2023-10-12 00:00:00 UTC,Diana Turner,dturner138@live.com,,nestli-embrace-sling-carrier,,
Every mom needs this,"The quality is incredible. Stitching is perfect, fabric is so soft against baby skin. Washed it 40+ times and it still looks brand new.",5,2024-06-17 00:00:00 UTC,Nicholas Lewis,nicholas169@msn.com,,nestli-embrace-sling-carrier,,
Solid 4 stars from me,Works great for my petite frame. Had to watch a video to get the fit right but after that it's been perfect. Baby loves the closeness.,4,2024-02-26 00:00:00 UTC,Lydia Nguyen,nguyenl490@live.com,,nestli-embrace-sling-carrier,,
Hands free finally!!!,Bought this as a gift for my sister's baby shower. She texted me a week later saying it's the only thing that calms her baby.,5,2023-09-25 00:00:00 UTC,Mark Torres,torresm708@msn.com,,nestli-embrace-sling-carrier,,
Should have bought this from day one,My baby went from needing to be rocked for 45 minutes to falling asleep in this carrier in under 10 minutes. Life is different now.,5,2024-11-24 00:00:00 UTC,Lauren Cruz,lauren@yahoo.com,,nestli-embrace-sling-carrier,,
"Good carrier, slight adjustment needed",Solid product. The strap is wide and comfortable. I gave 4 stars because I wish the setup instructions were a bit clearer with pictures. But the carrier itself is great.,4,2024-09-14 00:00:00 UTC,Elena Barnes,elena712@outlook.com,,nestli-embrace-sling-carrier,,
Perfect for our lifestyle,Brought this to a family reunion. Every aunt and uncle took a turn. Nobody could believe how easy it was to put on. Orders came in from 3 family members.,5,2023-01-04 00:00:00 UTC,Charlotte Mitchell,cmitchell@aol.com,,nestli-embrace-sling-carrier,,
Good for newborns,"Great carrier, my daughter loves it. Took off one star because the instructions could be more detailed. Overall very happy with the purchase.",4,2025-09-14 00:00:00 UTC,Nathan Williams,nathan.williams@hotmail.com,,nestli-embrace-sling-carrier,,
Good but takes practice,Good quality product. Baby is content in it and I can actually get things done. Would give 5 stars but it took some practice to get the tightness right.,4,2023-07-10 00:00:00 UTC,William Jones,wjones84@hotmail.com,,nestli-embrace-sling-carrier,,
Never taking this off,Took this to Disney World. Walked 12 hours with a 15-month-old in this carrier. My back felt completely fine. My husband was jealous.,5,2023-01-01 00:00:00 UTC,Layla Torres,ltorres@msn.com,,nestli-embrace-sling-carrier,,
Great for travel,"My toddler is 2.5 years old and we still use this at the farmers market. She gets tired, I pop her in, she's calm. Best investment of new parenthood.",5,2023-09-25 00:00:00 UTC,Autumn Bell,abell641@gmail.com,,nestli-embrace-sling-carrier,,
Perfection,Baby wouldn't sleep unless I was holding her. Tried this carrier out of desperation at 3am and she passed out within minutes. I've been wearing it every day since.,5,2023-02-28 00:00:00 UTC,Penelope Morgan,penelope.morgan574@outlook.com,,nestli-embrace-sling-carrier,,
Obsessed with this thing,My husband said carriers looked too complicated. I ordered this without telling him. He tried it once and now he uses it more than I do. He calls it his dad superpower.,5,2025-04-22 00:00:00 UTC,Ivy Perry,ivy_perry557@gmail.com,,nestli-embrace-sling-carrier,,
Really great carrier,"Great quality, soft fabric, baby seems comfy. Docking one star because mine arrived with a small mark on the fabric. Customer service sorted it quickly though.",4,2023-03-11 00:00:00 UTC,Diana Long,dlong@yahoo.com,,nestli-embrace-sling-carrier,,
Good but takes practice,Solid product. The strap is wide and comfortable. I gave 4 stars because I wish the setup instructions were a bit clearer with pictures. But the carrier itself is great.,4,2023-07-18 00:00:00 UTC,Jerry Garcia,jerry37@msn.com,,nestli-embrace-sling-carrier,,
This is THE one,My son is 20 months and 26 pounds. I still carry him in this when he's tired on walks. Zero shoulder pain.,5,2025-01-06 00:00:00 UTC,Chloe Perez,chloe860@msn.com,,nestli-embrace-sling-carrier,,
Best purchase of 2024,"The quality is incredible. Stitching is perfect, fabric is so soft against baby skin. Washed it 40+ times and it still looks brand new.",5,2024-08-03 00:00:00 UTC,Jose Anderson,jose267@msn.com,,nestli-embrace-sling-carrier,,
Finally sleeping again,Was skeptical after spending money on other carriers that hurt my back. This one is genuinely different. Wide padded strap makes all the difference.,5,2023-07-06 00:00:00 UTC,Madison Miller,madison642@hotmail.com,,nestli-embrace-sling-carrier,,
My husband uses it more than me,"I've tried 3 different carriers before this one. Returned all of them. The Nestli goes on in seconds, I barely feel the weight, and my son falls asleep in it every single time.",5,2024-02-17 00:00:00 UTC,Natalie Lewis,nlewis741@hotmail.com,,nestli-embrace-sling-carrier,,
My newborn loves it,"The quality is incredible. Stitching is perfect, fabric is so soft against baby skin. Washed it 40+ times and it still looks brand new.",5,2023-12-25 00:00:00 UTC,David Mitchell,david@live.com,,nestli-embrace-sling-carrier,,
Carrier of the year,I run a mom and baby yoga class. I recommend this carrier to every single student. Half of them come back and say it changed their life.,5,2024-07-08 00:00:00 UTC,Emilia Cruz,emilia486@aol.com,,nestli-embrace-sling-carrier,,
"Great quality, took time to adjust",Really happy with the purchase. Slight learning curve but nothing that a YouTube tutorial didn't solve. Baby is calm and I'm hands-free.,4,2023-05-28 00:00:00 UTC,Olivia Hernandez,olivia202@outlook.com,,nestli-embrace-sling-carrier,,
Good but takes practice,"Great carrier, my daughter loves it. Took off one star because the instructions could be more detailed. Overall very happy with the purchase.",4,2023-08-08 00:00:00 UTC,Avery Thomas,athomas@hotmail.com,,nestli-embrace-sling-carrier,,
Mostly love this carrier,Solid product. The strap is wide and comfortable. I gave 4 stars because I wish the setup instructions were a bit clearer with pictures. But the carrier itself is great.,4,2023-09-18 00:00:00 UTC,Kinsley Lewis,lewisk137@yahoo.com,,nestli-embrace-sling-carrier,,
Mostly love this carrier,Works well and baby loves it. The ring is a bit stiff at first so adjusting takes some force until it breaks in. After a week it was perfect.,4,2024-06-17 00:00:00 UTC,Piper Davis,pdavis745@msn.com,,nestli-embrace-sling-carrier,,
My husband uses it more than me,Both my husband and I use this with no readjusting. One carrier for both parents — such a smart design. Highly recommend.,5,2023-04-26 00:00:00 UTC,Samantha Edwards,samantha342@outlook.com,,nestli-embrace-sling-carrier,,
My velcro baby is finally calm,My daughter had colic for 6 weeks and nothing worked. Put her in this carrier and she was asleep in 4 minutes. I literally cried. This carrier saved my sanity.,5,2023-08-06 00:00:00 UTC,Justin Allen,justin@aol.com,,nestli-embrace-sling-carrier,,
"Good carrier, slight adjustment needed","Love the quality of this carrier. Only reason it's 4 stars is the learning curve — it took me a week to feel confident putting it on. After that, totally smooth.",4,2024-07-15 00:00:00 UTC,James Wright,wright.j@msn.com,,nestli-embrace-sling-carrier,,
Amazing quality,My son is 20 months and 26 pounds. I still carry him in this when he's tired on walks. Zero shoulder pain.,5,2025-02-16 00:00:00 UTC,Camila Robinson,robinson.c@hotmail.com,,nestli-embrace-sling-carrier,,
My husband uses it more than me,"Been using this for 14 months. Not a single seam has come loose, not a single stitch has broken. This thing is built to last.",5,2024-10-05 00:00:00 UTC,Nicholas Brown,nicholas209@icloud.com,,nestli-embrace-sling-carrier,,
Love it with minor learning curve,Works well and baby loves it. The ring is a bit stiff at first so adjusting takes some force until it breaks in. After a week it was perfect.,4,2023-03-20 00:00:00 UTC,Alexander Clark,aclark@icloud.com,,nestli-embrace-sling-carrier,,
Solid carrier overall,Great carrier and I use it daily. The only thing I'd change is the carry pouch — it's a bit small. But the carrier itself is 5 stars.,4,2024-12-15 00:00:00 UTC,Genesis Myers,gmyers742@outlook.com,,nestli-embrace-sling-carrier,,
Life changing for new moms,Was skeptical after spending money on other carriers that hurt my back. This one is genuinely different. Wide padded strap makes all the difference.,5,2024-04-14 00:00:00 UTC,Willow Scott,willow@aol.com,,nestli-embrace-sling-carrier,,
Worth every single penny,Went to the grocery store with both hands free for the first time in 4 months. I actually teared up in the cereal aisle. This carrier is everything.,5,2023-12-17 00:00:00 UTC,Isabella Hernandez,ihernandez634@hotmail.com,,nestli-embrace-sling-carrier,,
Best purchase of 2024,My second baby is so much calmer than my first was — I think it's entirely because I used this carrier from day 1. Skin-to-skin while getting things done.,5,2024-10-20 00:00:00 UTC,Delilah Moore,delilahmoore@icloud.com,,nestli-embrace-sling-carrier,,
"Fits perfectly, baby loves it",I run a mom and baby yoga class. I recommend this carrier to every single student. Half of them come back and say it changed their life.,5,2025-01-13 00:00:00 UTC,David Martin,david@aol.com,,nestli-embrace-sling-carrier,,
Best purchase of 2024,Bought this because a mom in my birth class had one. Now 6 women from that class have this carrier. We call ourselves the Nestli moms.,5,2023-05-25 00:00:00 UTC,Eric Hill,erichill@yahoo.com,,nestli-embrace-sling-carrier,,
Lightweight and perfect,"My toddler is 2.5 years old and we still use this at the farmers market. She gets tired, I pop her in, she's calm. Best investment of new parenthood.",5,2026-01-18 00:00:00 UTC,David Lee,lee_d81@hotmail.com,,nestli-embrace-sling-carrier,,
Really great carrier,Really like this carrier. My husband found it slightly tricky to adjust at first but now he uses it on his own. Baby falls asleep in it often.,4,2023-09-19 00:00:00 UTC,Julia Ross,ross_j@outlook.com,,nestli-embrace-sling-carrier,,
Really great carrier,Works great for my petite frame. Had to watch a video to get the fit right but after that it's been perfect. Baby loves the closeness.,4,2024-09-26 00:00:00 UTC,Amelia Gray,amelia.gray744@aol.com,,nestli-embrace-sling-carrier,,
Best purchase of 2024,"The quality is incredible. Stitching is perfect, fabric is so soft against baby skin. Washed it 40+ times and it still looks brand new.",5,2025-02-23 00:00:00 UTC,Matthew Jackson,jackson_m@msn.com,,nestli-embrace-sling-carrier,,
Dad approved!,Took this to Disney World. Walked 12 hours with a 15-month-old in this carrier. My back felt completely fine. My husband was jealous.,5,2024-02-08 00:00:00 UTC,Ariana Davis,adavis@gmail.com,,nestli-embrace-sling-carrier,,
Absolute game changer!,My son has reflux and needs to stay upright after feeds. This carrier keeps him perfectly positioned and he's so much more comfortable.,5,2024-11-12 00:00:00 UTC,Nicholas Murphy,nicholas@outlook.com,,nestli-embrace-sling-carrier,,
Really like this carrier,"Great carrier, my daughter loves it. Took off one star because the instructions could be more detailed. Overall very happy with the purchase.",4,2024-07-09 00:00:00 UTC,Mia Thompson,mthompson39@gmail.com,,nestli-embrace-sling-carrier,,
"Fits perfectly, baby loves it",Brought this to a family reunion. Every aunt and uncle took a turn. Nobody could believe how easy it was to put on. Orders came in from 3 family members.,5,2023-08-11 00:00:00 UTC,Kennedy Campbell,kennedycampbell@aol.com,,nestli-embrace-sling-carrier,,
Worth every single penny,Ordered this as a last resort after my velcro baby refused to be put down for 3 months. Should have ordered it on day 1. So easy to use and baby loves it.,5,2023-11-06 00:00:00 UTC,Ryan Roberts,rroberts@live.com,,nestli-embrace-sling-carrier,,
"Good carrier, slight adjustment needed","Good carrier, my baby seems happy in it. I wish it came in more colors for my wardrobe but functionally it works great. Would recommend.",4,2023-09-19 00:00:00 UTC,Stephanie Flores,stephanieflores@live.com,,nestli-embrace-sling-carrier,,
Never taking this off,My son has reflux and needs to stay upright after feeds. This carrier keeps him perfectly positioned and he's so much more comfortable.,5,2024-03-16 00:00:00 UTC,Zoe Cox,zoe932@gmail.com,,nestli-embrace-sling-carrier,,
Mostly love this carrier,Really like this carrier. My husband found it slightly tricky to adjust at first but now he uses it on his own. Baby falls asleep in it often.,4,2024-03-30 00:00:00 UTC,Gianna Lee,gianna179@msn.com,,nestli-embrace-sling-carrier,,
Love it with minor learning curve,Great carrier and I use it daily. The only thing I'd change is the carry pouch — it's a bit small. But the carrier itself is 5 stars.,4,2023-10-14 00:00:00 UTC,Justin Bailey,baileyj67@msn.com,,nestli-embrace-sling-carrier,,
She stopped crying the second I put it on,Bought this as a gift for my sister's baby shower. She texted me a week later saying it's the only thing that calms her baby.,5,2025-08-20 00:00:00 UTC,Avery James,avery_james356@gmail.com,,nestli-embrace-sling-carrier,,
My arms don't hurt anymore!,"Been using this for 14 months. Not a single seam has come loose, not a single stitch has broken. This thing is built to last.",5,2023-10-11 00:00:00 UTC,Jack Gomez,gomezj@yahoo.com,,nestli-embrace-sling-carrier,,
Baby falls asleep in minutes,My second baby is so much calmer than my first was — I think it's entirely because I used this carrier from day 1. Skin-to-skin while getting things done.,5,2024-04-23 00:00:00 UTC,Samantha Turner,samantha698@hotmail.com,,nestli-embrace-sling-carrier,,
Cooking with baby — done!,My son is 20 months and 26 pounds. I still carry him in this when he's tired on walks. Zero shoulder pain.,5,2024-01-25 00:00:00 UTC,Alexander Rogers,arogers@hotmail.com,,nestli-embrace-sling-carrier,,
Airport essential,Bought this because a mom in my birth class had one. Now 6 women from that class have this carrier. We call ourselves the Nestli moms.,5,2023-10-05 00:00:00 UTC,Kayla Green,kgreen@icloud.com,,nestli-embrace-sling-carrier,,
"Nice carrier, minor issue with strap",Works well and baby loves it. The ring is a bit stiff at first so adjusting takes some force until it breaks in. After a week it was perfect.,4,2024-01-24 00:00:00 UTC,Brian Cooper,bcooper@outlook.com,,nestli-embrace-sling-carrier,,
This saved my postpartum,Brought this to a family reunion. Every aunt and uncle took a turn. Nobody could believe how easy it was to put on. Orders came in from 3 family members.,5,2023-06-19 00:00:00 UTC,Paul Ortiz,ortiz.p458@hotmail.com,,nestli-embrace-sling-carrier,,
Bought for a friend too,Was skeptical after spending money on other carriers that hurt my back. This one is genuinely different. Wide padded strap makes all the difference.,5,2024-01-01 00:00:00 UTC,Diana Harris,dianaharris140@msn.com,,nestli-embrace-sling-carrier,,
Impressive quality for the price,"Great carrier, my daughter loves it. Took off one star because the instructions could be more detailed. Overall very happy with the purchase.",4,2023-12-02 00:00:00 UTC,Nora Barnes,nbarnes163@aol.com,,nestli-embrace-sling-carrier,,
So easy to use,Both my husband and I use this with no readjusting. One carrier for both parents — such a smart design. Highly recommend.,5,2024-01-11 00:00:00 UTC,Willow Rivera,willow@outlook.com,,nestli-embrace-sling-carrier,,
"Fits perfectly, baby loves it",My baby went from needing to be rocked for 45 minutes to falling asleep in this carrier in under 10 minutes. Life is different now.,5,2024-03-15 00:00:00 UTC,Vivian Moore,moore_v402@icloud.com,,nestli-embrace-sling-carrier,,
5 stars isn't enough,My postpartum anxiety was through the roof until I started babywearing. Having her close and being able to feel her breathing calmed both of us down.,5,2024-06-25 00:00:00 UTC,Audrey Hernandez,audrey_hernandez@outlook.com,,nestli-embrace-sling-carrier,,
Absolute game changer!,Was skeptical after spending money on other carriers that hurt my back. This one is genuinely different. Wide padded strap makes all the difference.,5,2024-09-22 00:00:00 UTC,Gianna Turner,gianna219@yahoo.com,,nestli-embrace-sling-carrier,,
Cried happy tears when I tried it,Was skeptical after spending money on other carriers that hurt my back. This one is genuinely different. Wide padded strap makes all the difference.,5,2023-12-10 00:00:00 UTC,Scott Ross,ross_s428@aol.com,,nestli-embrace-sling-carrier,,
She stopped crying the second I put it on,My second baby is so much calmer than my first was — I think it's entirely because I used this carrier from day 1. Skin-to-skin while getting things done.,5,2023-11-06 00:00:00 UTC,Emery Rogers,emery_rogers228@hotmail.com,,nestli-embrace-sling-carrier,,
Really like this carrier,"Love the quality of this carrier. Only reason it's 4 stars is the learning curve — it took me a week to feel confident putting it on. After that, totally smooth.",4,2023-06-23 00:00:00 UTC,Aubrey Powell,powell_a@outlook.com,,nestli-embrace-sling-carrier,,
"Easy to put on, baby loves it",I run a mom and baby yoga class. I recommend this carrier to every single student. Half of them come back and say it changed their life.,5,2024-05-19 00:00:00 UTC,Vivian Fisher,fisherv382@outlook.com,,nestli-embrace-sling-carrier,,
My go-to carrier for everything,Was skeptical after spending money on other carriers that hurt my back. This one is genuinely different. Wide padded strap makes all the difference.,5,2023-01-26 00:00:00 UTC,Quinn Fisher,quinn@msn.com,,nestli-embrace-sling-carrier,,
"Good carrier, slight adjustment needed",Love that I can nurse in this with a little practice. Took me a couple of weeks to get the hang of it but now it's seamless. High quality product.,4,2025-06-21 00:00:00 UTC,Lauren Cruz,lcruz@msn.com,,nestli-embrace-sling-carrier,,
Every mom needs this,My son is 20 months and 26 pounds. I still carry him in this when he's tired on walks. Zero shoulder pain.,5,2024-03-24 00:00:00 UTC,Anna Thomas,athomas188@icloud.com,,nestli-embrace-sling-carrier,,
Really great carrier,Love that I can nurse in this with a little practice. Took me a couple of weeks to get the hang of it but now it's seamless. High quality product.,4,2023-01-09 00:00:00 UTC,Adam Murphy,adam_murphy@msn.com,,nestli-embrace-sling-carrier,,
Would recommend with small caveat,Good quality product. Baby is content in it and I can actually get things done. Would give 5 stars but it took some practice to get the tightness right.,4,2023-11-23 00:00:00 UTC,Joshua Walker,joshua542@icloud.com,,nestli-embrace-sling-carrier,,
Genuinely life changing,The fabric is breathable enough that we used it all summer without baby overheating. Such a thoughtful design.,5,2023-09-02 00:00:00 UTC,Amelia Jones,ajones@icloud.com,,nestli-embrace-sling-carrier,,
Life changing for new moms,"Been using this for 14 months. Not a single seam has come loose, not a single stitch has broken. This thing is built to last.",5,2025-05-28 00:00:00 UTC,Lily Sullivan,lily@live.com,,nestli-embrace-sling-carrier,,
10/10 no notes,"The quality is incredible. Stitching is perfect, fabric is so soft against baby skin. Washed it 40+ times and it still looks brand new.",5,2024-05-01 00:00:00 UTC,Gianna Reyes,gianna@hotmail.com,,nestli-embrace-sling-carrier,,
My go-to carrier for everything,I work from home and wear this during calls. Baby is calm and quiet and I look completely professional. Game changing for WFH moms.,5,2023-04-28 00:00:00 UTC,Aurora Torres,aurora@icloud.com,,nestli-embrace-sling-carrier,,
So easy to use,Baby wouldn't sleep unless I was holding her. Tried this carrier out of desperation at 3am and she passed out within minutes. I've been wearing it every day since.,5,2024-02-16 00:00:00 UTC,Alexa Edwards,alexa631@yahoo.com,,nestli-embrace-sling-carrier,,
My velcro baby is finally calm,I work from home and wear this during calls. Baby is calm and quiet and I look completely professional. Game changing for WFH moms.,5,2023-12-01 00:00:00 UTC,Maya Reyes,reyes_m305@gmail.com,,nestli-embrace-sling-carrier,,
Best carrier I've ever owned,We flew cross-country with our 7-month-old. This carrier fit in my purse and our baby slept through both flights. Worth ten times the price.,5,2024-08-06 00:00:00 UTC,Allison Jones,ajones768@hotmail.com,,nestli-embrace-sling-carrier,,
Finally sleeping again,My son has reflux and needs to stay upright after feeds. This carrier keeps him perfectly positioned and he's so much more comfortable.,5,2024-08-02 00:00:00 UTC,Paisley Lee,lee_p@msn.com,,nestli-embrace-sling-carrier,,
"Easy to put on, baby loves it","My toddler is 2.5 years old and we still use this at the farmers market. She gets tired, I pop her in, she's calm. Best investment of new parenthood.",5,2023-06-07 00:00:00 UTC,Skylar Brooks,brookss245@aol.com,,nestli-embrace-sling-carrier,,
"Good carrier, slight adjustment needed",Works great for my petite frame. Had to watch a video to get the fit right but after that it's been perfect. Baby loves the closeness.,4,2023-06-25 00:00:00 UTC,Skylar Phillips,skylar687@hotmail.com,,nestli-embrace-sling-carrier,,
Every mom needs this,Ordered this as a last resort after my velcro baby refused to be put down for 3 months. Should have ordered it on day 1. So easy to use and baby loves it.,5,2025-02-24 00:00:00 UTC,Andrew Miller,miller_a@live.com,,nestli-embrace-sling-carrier,,
Perfect for our lifestyle,"The quality is incredible. Stitching is perfect, fabric is so soft against baby skin. Washed it 40+ times and it still looks brand new.",5,2024-12-09 00:00:00 UTC,Cora Brown,cora.brown693@live.com,,nestli-embrace-sling-carrier,,
Carrier of the year,Went to the grocery store with both hands free for the first time in 4 months. I actually teared up in the cereal aisle. This carrier is everything.,5,2024-11-11 00:00:00 UTC,Mila Johnson,johnson_m919@hotmail.com,,nestli-embrace-sling-carrier,,
Airport essential,My postpartum anxiety was through the roof until I started babywearing. Having her close and being able to feel her breathing calmed both of us down.,5,2025-02-04 00:00:00 UTC,Allison Mitchell,amitchell@hotmail.com,,nestli-embrace-sling-carrier,,
Really like this carrier,Comfortable for long carries. Gave 4 stars because the color I received looked slightly different from the website photo. Still looks nice though.,4,2023-06-23 00:00:00 UTC,Riley Bailey,rbailey514@aol.com,,nestli-embrace-sling-carrier,,
Good for newborns,Solid product. The strap is wide and comfortable. I gave 4 stars because I wish the setup instructions were a bit clearer with pictures. But the carrier itself is great.,4,2024-04-16 00:00:00 UTC,Nova Jenkins,jenkins.n@live.com,,nestli-embrace-sling-carrier,,
My newborn loves it,"The quality is incredible. Stitching is perfect, fabric is so soft against baby skin. Washed it 40+ times and it still looks brand new.",5,2023-05-25 00:00:00 UTC,Emilia Young,emiliayoung809@aol.com,,nestli-embrace-sling-carrier,,
"Fits perfectly, baby loves it",Baby wouldn't sleep unless I was holding her. Tried this carrier out of desperation at 3am and she passed out within minutes. I've been wearing it every day since.,5,2024-03-20 00:00:00 UTC,Jennifer Anderson,andersonj@msn.com,,nestli-embrace-sling-carrier,,
So easy to use,Was skeptical after spending money on other carriers that hurt my back. This one is genuinely different. Wide padded strap makes all the difference.,5,2024-07-05 00:00:00 UTC,Elizabeth Cruz,cruz_e457@icloud.com,,nestli-embrace-sling-carrier,,
Finally sleeping again,We flew cross-country with our 7-month-old. This carrier fit in my purse and our baby slept through both flights. Worth ten times the price.,5,2024-03-06 00:00:00 UTC,Evelyn Powell,powell_e@hotmail.com,,nestli-embrace-sling-carrier,,
Never taking this off,Was skeptical after spending money on other carriers that hurt my back. This one is genuinely different. Wide padded strap makes all the difference.,5,2023-03-30 00:00:00 UTC,Jasmine Howard,jasmine.howard942@aol.com,,nestli-embrace-sling-carrier,,
5 stars isn't enough,Baby wouldn't sleep unless I was holding her. Tried this carrier out of desperation at 3am and she passed out within minutes. I've been wearing it every day since.,5,2023-05-03 00:00:00 UTC,Brooklyn White,brooklyn212@yahoo.com,,nestli-embrace-sling-carrier,,
Lightweight and perfect,My postpartum anxiety was through the roof until I started babywearing. Having her close and being able to feel her breathing calmed both of us down.,5,2024-09-08 00:00:00 UTC,Lucy King,kingl884@msn.com,,nestli-embrace-sling-carrier,,
Good for newborns,Works well and baby loves it. The ring is a bit stiff at first so adjusting takes some force until it breaks in. After a week it was perfect.,4,2023-10-13 00:00:00 UTC,Abigail Robinson,robinsona@msn.com,,nestli-embrace-sling-carrier,,
Worth every single penny,"The quality is incredible. Stitching is perfect, fabric is so soft against baby skin. Washed it 40+ times and it still looks brand new.",5,2024-01-22 00:00:00 UTC,Mila Bailey,baileym439@yahoo.com,,nestli-embrace-sling-carrier,,
Recommend for most moms,"Great quality, soft fabric, baby seems comfy. Docking one star because mine arrived with a small mark on the fabric. Customer service sorted it quickly though.",4,2023-10-10 00:00:00 UTC,Jose Gomez,josegomez@gmail.com,,nestli-embrace-sling-carrier,,
Worth every single penny,My second baby is so much calmer than my first was — I think it's entirely because I used this carrier from day 1. Skin-to-skin while getting things done.,5,2024-06-11 00:00:00 UTC,Kaylee Hughes,khughes718@outlook.com,,nestli-embrace-sling-carrier,,
My newborn loves it,The fabric is breathable enough that we used it all summer without baby overheating. Such a thoughtful design.,5,2024-06-15 00:00:00 UTC,Kinsley Thomas,kthomas@yahoo.com,,nestli-embrace-sling-carrier,,
Genuinely life changing,Brought this to a family reunion. Every aunt and uncle took a turn. Nobody could believe how easy it was to put on. Orders came in from 3 family members.,5,2025-04-20 00:00:00 UTC,Ava Hall,ava@outlook.com,,nestli-embrace-sling-carrier,,
Should have bought this from day one,Bought this as a gift for my sister's baby shower. She texted me a week later saying it's the only thing that calms her baby.,5,2024-03-11 00:00:00 UTC,Maya Ramirez,mramirez@icloud.com,,nestli-embrace-sling-carrier,,
Lightweight and perfect,Bought this as a gift for my sister's baby shower. She texted me a week later saying it's the only thing that calms her baby.,5,2024-02-20 00:00:00 UTC,Anna Jenkins,jenkins.a@hotmail.com,,nestli-embrace-sling-carrier,,
Absolute game changer!,My husband said carriers looked too complicated. I ordered this without telling him. He tried it once and now he uses it more than I do. He calls it his dad superpower.,5,2023-08-11 00:00:00 UTC,Riley Collins,rileycollins249@gmail.com,,nestli-embrace-sling-carrier,,
Bought 2 — one for grandma too,Ordered this as a last resort after my velcro baby refused to be put down for 3 months. Should have ordered it on day 1. So easy to use and baby loves it.,5,2023-11-30 00:00:00 UTC,Kevin Clark,clark_k824@hotmail.com,,nestli-embrace-sling-carrier,,
Grocery store hero,"My toddler is 2.5 years old and we still use this at the farmers market. She gets tired, I pop her in, she's calm. Best investment of new parenthood.",5,2023-12-12 00:00:00 UTC,Timothy James,timothy@gmail.com,,nestli-embrace-sling-carrier,,
"Returned 3 carriers, kept this one",My daughter had colic for 6 weeks and nothing worked. Put her in this carrier and she was asleep in 4 minutes. I literally cried. This carrier saved my sanity.,5,2023-03-31 00:00:00 UTC,Gregory Rogers,rogers.g@msn.com,,nestli-embrace-sling-carrier,,
Hands free finally!!!,My son is 20 months and 26 pounds. I still carry him in this when he's tired on walks. Zero shoulder pain.,5,2025-01-23 00:00:00 UTC,Valentina Flores,flores_v@live.com,,nestli-embrace-sling-carrier,,
Good but takes practice,"Great carrier, my daughter loves it. Took off one star because the instructions could be more detailed. Overall very happy with the purchase.",4,2023-02-08 00:00:00 UTC,Genesis Thompson,genesis_thompson620@aol.com,,nestli-embrace-sling-carrier,,
She stopped crying the second I put it on,My baby went from needing to be rocked for 45 minutes to falling asleep in this carrier in under 10 minutes. Life is different now.,5,2025-09-26 00:00:00 UTC,Zoey Ortiz,zortiz888@live.com,,nestli-embrace-sling-carrier,,
Love it with minor learning curve,Really like this carrier. My husband found it slightly tricky to adjust at first but now he uses it on his own. Baby falls asleep in it often.,4,2024-10-20 00:00:00 UTC,Michael Rivera,mrivera361@aol.com,,nestli-embrace-sling-carrier,,
5 stars isn't enough,Ordered this as a last resort after my velcro baby refused to be put down for 3 months. Should have ordered it on day 1. So easy to use and baby loves it.,5,2025-05-24 00:00:00 UTC,Anna Long,anna@yahoo.com,,nestli-embrace-sling-carrier,,
Would recommend with small caveat,"Great quality, soft fabric, baby seems comfy. Docking one star because mine arrived with a small mark on the fabric. Customer service sorted it quickly though.",4,2023-07-14 00:00:00 UTC,Cora Barnes,cora@yahoo.com,,nestli-embrace-sling-carrier,,
She stopped crying the second I put it on,My postpartum anxiety was through the roof until I started babywearing. Having her close and being able to feel her breathing calmed both of us down.,5,2025-07-28 00:00:00 UTC,Gianna Gray,gianna@icloud.com,,nestli-embrace-sling-carrier,,
My baby only sleeps in this now,Was skeptical after spending money on other carriers that hurt my back. This one is genuinely different. Wide padded strap makes all the difference.,5,2025-03-23 00:00:00 UTC,John Flores,johnflores243@live.com,,nestli-embrace-sling-carrier,,
Baby falls asleep in minutes,Both my husband and I use this with no readjusting. One carrier for both parents — such a smart design. Highly recommend.,5,2024-11-01 00:00:00 UTC,Sofia Hall,sofia_hall578@outlook.com,,nestli-embrace-sling-carrier,,
Wish I had this with my first,My son has reflux and needs to stay upright after feeds. This carrier keeps him perfectly positioned and he's so much more comfortable.,5,2023-03-22 00:00:00 UTC,Ella Scott,ella.scott@gmail.com,,nestli-embrace-sling-carrier,,
My baby only sleeps in this now,Took this to Disney World. Walked 12 hours with a 15-month-old in this carrier. My back felt completely fine. My husband was jealous.,5,2023-01-20 00:00:00 UTC,Amanda Campbell,campbella@live.com,,nestli-embrace-sling-carrier,,
"Easy to put on, baby loves it",Went to the grocery store with both hands free for the first time in 4 months. I actually teared up in the cereal aisle. This carrier is everything.,5,2024-03-30 00:00:00 UTC,Alice Martinez,alice605@outlook.com,,nestli-embrace-sling-carrier,,
Carrier of the year,The fabric is breathable enough that we used it all summer without baby overheating. Such a thoughtful design.,5,2024-08-06 00:00:00 UTC,Lydia Taylor,lydia_taylor@live.com,,nestli-embrace-sling-carrier,,
My pediatrician approved it,My second baby is so much calmer than my first was — I think it's entirely because I used this carrier from day 1. Skin-to-skin while getting things done.,5,2023-05-01 00:00:00 UTC,Stephanie Sullivan,ssullivan186@outlook.com,,nestli-embrace-sling-carrier,,
"Good quality, learning curve",Really like this carrier. My husband found it slightly tricky to adjust at first but now he uses it on his own. Baby falls asleep in it often.,4,2023-09-21 00:00:00 UTC,Josephine Stewart,josephine@msn.com,,nestli-embrace-sling-carrier,,
Perfection,"My toddler is 2.5 years old and we still use this at the farmers market. She gets tired, I pop her in, she's calm. Best investment of new parenthood.",5,2023-03-26 00:00:00 UTC,Ariana Collins,arianacollins778@live.com,,nestli-embrace-sling-carrier,,
Bought 2 — one for grandma too,Both my husband and I use this with no readjusting. One carrier for both parents — such a smart design. Highly recommend.,5,2023-05-18 00:00:00 UTC,Hazel Evans,hevans@icloud.com,,nestli-embrace-sling-carrier,,
Perfection,"Been using this for 14 months. Not a single seam has come loose, not a single stitch has broken. This thing is built to last.",5,2024-11-25 00:00:00 UTC,Hazel Scott,hazel229@live.com,,nestli-embrace-sling-carrier,,
Solid carrier overall,Really great carrier overall. Took me about 3 tries to get the fit right but once I figured it out I love it. Baby seems comfortable and I have both hands free.,4,2024-02-03 00:00:00 UTC,Brian Morales,brian_morales679@outlook.com,,nestli-embrace-sling-carrier,,
Bought 2 — one for grandma too,Both my husband and I use this with no readjusting. One carrier for both parents — such a smart design. Highly recommend.,5,2025-02-05 00:00:00 UTC,Jennifer Hernandez,jennifer_hernandez@icloud.com,,nestli-embrace-sling-carrier,,
My husband uses it more than me,Ordered this as a last resort after my velcro baby refused to be put down for 3 months. Should have ordered it on day 1. So easy to use and baby loves it.,5,2023-01-14 00:00:00 UTC,Lauren Hernandez,hernandezl145@gmail.com,,nestli-embrace-sling-carrier,,
Perfect for our lifestyle,My son has reflux and needs to stay upright after feeds. This carrier keeps him perfectly positioned and he's so much more comfortable.,5,2023-11-03 00:00:00 UTC,Julia Jackson,julia.jackson@msn.com,,nestli-embrace-sling-carrier,,
Solid carrier overall,Love that I can nurse in this with a little practice. Took me a couple of weeks to get the hang of it but now it's seamless. High quality product.,4,2023-03-22 00:00:00 UTC,Steven Anderson,anderson_s381@outlook.com,,nestli-embrace-sling-carrier,,
Every mom needs this,My second baby is so much calmer than my first was — I think it's entirely because I used this carrier from day 1. Skin-to-skin while getting things done.,5,2023-11-10 00:00:00 UTC,Justin Sanders,justin_sanders177@live.com,,nestli-embrace-sling-carrier,,
Cooking with baby — done!,My son is 20 months and 26 pounds. I still carry him in this when he's tired on walks. Zero shoulder pain.,5,2024-04-12 00:00:00 UTC,Ava Evans,ava_evans@msn.com,,nestli-embrace-sling-carrier,,
Cried happy tears when I tried it,"My toddler is 2.5 years old and we still use this at the farmers market. She gets tired, I pop her in, she's calm. Best investment of new parenthood.",5,2023-08-30 00:00:00 UTC,Josephine Harris,harris_j849@icloud.com,,nestli-embrace-sling-carrier,,
Cooking with baby — done!,My son is 20 months and 26 pounds. I still carry him in this when he's tired on walks. Zero shoulder pain.,5,2024-06-04 00:00:00 UTC,Kinsley Moore,moore_k@msn.com,,nestli-embrace-sling-carrier,,
My go-to carrier for everything,I was nervous about ring slings but the setup guide was so clear. Had it on correctly the first try. Baby was happy immediately.,5,2023-04-09 00:00:00 UTC,Kimberly Thomas,thomas_k54@live.com,,nestli-embrace-sling-carrier,,
Amazing quality,My son is 20 months and 26 pounds. I still carry him in this when he's tired on walks. Zero shoulder pain.,5,2023-06-24 00:00:00 UTC,Jeffrey Walker,jeffrey_walker3@outlook.com,,nestli-embrace-sling-carrier,,
Obsessed with this thing,We flew cross-country with our 7-month-old. This carrier fit in my purse and our baby slept through both flights. Worth ten times the price.,5,2023-03-30 00:00:00 UTC,Eric Wilson,wilsone@hotmail.com,,nestli-embrace-sling-carrier,,
Impressive quality for the price,Works great for my petite frame. Had to watch a video to get the fit right but after that it's been perfect. Baby loves the closeness.,4,2024-10-02 00:00:00 UTC,Ryan Barnes,barnesr@aol.com,,nestli-embrace-sling-carrier,,
Carrier of the year,Baby wouldn't sleep unless I was holding her. Tried this carrier out of desperation at 3am and she passed out within minutes. I've been wearing it every day since.,5,2023-12-15 00:00:00 UTC,Ivy Miller,imiller201@icloud.com,,nestli-embrace-sling-carrier,,
Best purchase of 2024,"Been using this for 14 months. Not a single seam has come loose, not a single stitch has broken. This thing is built to last.",5,2023-10-09 00:00:00 UTC,Zoey Ross,zoeyross@live.com,,nestli-embrace-sling-carrier,,
My newborn loves it,Took this to Disney World. Walked 12 hours with a 15-month-old in this carrier. My back felt completely fine. My husband was jealous.,5,2023-03-29 00:00:00 UTC,Nevaeh Edwards,nedwards@yahoo.com,,nestli-embrace-sling-carrier,,
Finally sleeping again,"The quality is incredible. Stitching is perfect, fabric is so soft against baby skin. Washed it 40+ times and it still looks brand new.",5,2023-05-11 00:00:00 UTC,Ellie Allen,allen_e336@msn.com,,nestli-embrace-sling-carrier,,
"Great quality, took time to adjust",Solid product. The strap is wide and comfortable. I gave 4 stars because I wish the setup instructions were a bit clearer with pictures. But the carrier itself is great.,4,2025-03-05 00:00:00 UTC,Jeffrey Young,young.j@outlook.com,,nestli-embrace-sling-carrier,,
She stopped crying the second I put it on,"The quality is incredible. Stitching is perfect, fabric is so soft against baby skin. Washed it 40+ times and it still looks brand new.",5,2024-05-27 00:00:00 UTC,Mila Wood,woodm@outlook.com,,nestli-embrace-sling-carrier,,
Should have bought this from day one,Baby wouldn't sleep unless I was holding her. Tried this carrier out of desperation at 3am and she passed out within minutes. I've been wearing it every day since.,5,2023-09-13 00:00:00 UTC,Jeffrey Sullivan,jeffrey_sullivan548@yahoo.com,,nestli-embrace-sling-carrier,,
Finally sleeping again,Bought this as a gift for my sister's baby shower. She texted me a week later saying it's the only thing that calms her baby.,5,2023-12-02 00:00:00 UTC,Brittany Ortiz,brittanyortiz@hotmail.com,,nestli-embrace-sling-carrier,,
"Good carrier, slight adjustment needed",Solid product. The strap is wide and comfortable. I gave 4 stars because I wish the setup instructions were a bit clearer with pictures. But the carrier itself is great.,4,2023-08-31 00:00:00 UTC,Ava James,avajames96@aol.com,,nestli-embrace-sling-carrier,,
10/10 no notes,I was nervous about ring slings but the setup guide was so clear. Had it on correctly the first try. Baby was happy immediately.,5,2023-01-08 00:00:00 UTC,Maya Myers,maya.myers@live.com,,nestli-embrace-sling-carrier,,
Obsessed with this thing,Took this to Disney World. Walked 12 hours with a 15-month-old in this carrier. My back felt completely fine. My husband was jealous.,5,2023-03-13 00:00:00 UTC,Richard Fisher,richard.fisher@hotmail.com,,nestli-embrace-sling-carrier,,
My sanity saver,Was skeptical after spending money on other carriers that hurt my back. This one is genuinely different. Wide padded strap makes all the difference.,5,2025-05-30 00:00:00 UTC,Isla Myers,imyers@gmail.com,,nestli-embrace-sling-carrier,,
My go-to carrier for everything,My postpartum anxiety was through the roof until I started babywearing. Having her close and being able to feel her breathing calmed both of us down.,5,2023-07-11 00:00:00 UTC,Caroline Johnson,caroline.johnson@live.com,,nestli-embrace-sling-carrier,,
Good for newborns,"Good carrier, my baby seems happy in it. I wish it came in more colors for my wardrobe but functionally it works great. Would recommend.",4,2023-09-01 00:00:00 UTC,Sadie White,white.s286@icloud.com,,nestli-embrace-sling-carrier,,
She stopped crying the second I put it on,My son has reflux and needs to stay upright after feeds. This carrier keeps him perfectly positioned and he's so much more comfortable.,5,2023-06-11 00:00:00 UTC,Addison Peterson,addisonpeterson@outlook.com,,nestli-embrace-sling-carrier,,
Recommend for most moms,Good quality product. Baby is content in it and I can actually get things done. Would give 5 stars but it took some practice to get the tightness right.,4,2025-01-27 00:00:00 UTC,Monica Fisher,mfisher@aol.com,,nestli-embrace-sling-carrier,,
Obsessed with this thing,My baby went from needing to be rocked for 45 minutes to falling asleep in this carrier in under 10 minutes. Life is different now.,5,2023-12-28 00:00:00 UTC,Riley Bennett,bennett.r933@icloud.com,,nestli-embrace-sling-carrier,,
This is THE one,I work from home and wear this during calls. Baby is calm and quiet and I look completely professional. Game changing for WFH moms.,5,2024-09-06 00:00:00 UTC,Kennedy Campbell,kcampbell@yahoo.com,,nestli-embrace-sling-carrier,,
Best carrier I've ever owned,My daughter had colic for 6 weeks and nothing worked. Put her in this carrier and she was asleep in 4 minutes. I literally cried. This carrier saved my sanity.,5,2024-11-19 00:00:00 UTC,Justin Morris,justin_morris538@aol.com,,nestli-embrace-sling-carrier,,
Best baby gear purchase,My son has reflux and needs to stay upright after feeds. This carrier keeps him perfectly positioned and he's so much more comfortable.,5,2023-01-09 00:00:00 UTC,Jose Brooks,jose@msn.com,,nestli-embrace-sling-carrier,,
So easy to use,Was skeptical after spending money on other carriers that hurt my back. This one is genuinely different. Wide padded strap makes all the difference.,5,2023-05-25 00:00:00 UTC,Emily King,emily_king@hotmail.com,,nestli-embrace-sling-carrier,,
This is THE one,Both my husband and I use this with no readjusting. One carrier for both parents — such a smart design. Highly recommend.,5,2023-10-18 00:00:00 UTC,Alexander Anderson,alexander312@yahoo.com,,nestli-embrace-sling-carrier,,
My sanity saver,"I've tried 3 different carriers before this one. Returned all of them. The Nestli goes on in seconds, I barely feel the weight, and my son falls asleep in it every single time.",5,2023-10-14 00:00:00 UTC,Emma Ramirez,eramirez596@hotmail.com,,nestli-embrace-sling-carrier,,
10/10 no notes,Both my husband and I use this with no readjusting. One carrier for both parents — such a smart design. Highly recommend.,5,2023-03-16 00:00:00 UTC,Gabriella Flores,flores_g@icloud.com,,nestli-embrace-sling-carrier,,
Really like this carrier,Really happy with the purchase. Slight learning curve but nothing that a YouTube tutorial didn't solve. Baby is calm and I'm hands-free.,4,2024-04-05 00:00:00 UTC,Mia Green,mia@hotmail.com,,nestli-embrace-sling-carrier,,
4 stars — great product,Solid product. The strap is wide and comfortable. I gave 4 stars because I wish the setup instructions were a bit clearer with pictures. But the carrier itself is great.,4,2023-08-05 00:00:00 UTC,Samantha Rodriguez,rodriguez_s@yahoo.com,,nestli-embrace-sling-carrier,,
Perfection,Both my husband and I use this with no readjusting. One carrier for both parents — such a smart design. Highly recommend.,5,2024-03-24 00:00:00 UTC,Eva Bennett,evabennett356@icloud.com,,nestli-embrace-sling-carrier,,
Airport essential,We flew cross-country with our 7-month-old. This carrier fit in my purse and our baby slept through both flights. Worth ten times the price.,5,2024-02-28 00:00:00 UTC,Jennifer Carter,jennifer@outlook.com,,nestli-embrace-sling-carrier,,
Perfect for our lifestyle,I work from home and wear this during calls. Baby is calm and quiet and I look completely professional. Game changing for WFH moms.,5,2023-03-10 00:00:00 UTC,Mia Morales,mia868@live.com,,nestli-embrace-sling-carrier,,
"Great quality, took time to adjust","Great quality, soft fabric, baby seems comfy. Docking one star because mine arrived with a small mark on the fabric. Customer service sorted it quickly though.",4,2025-05-20 00:00:00 UTC,Avery Jones,avery742@icloud.com,,nestli-embrace-sling-carrier,,
The only carrier I recommend,Went to the grocery store with both hands free for the first time in 4 months. I actually teared up in the cereal aisle. This carrier is everything.,5,2024-11-21 00:00:00 UTC,Anna Jenkins,anna.jenkins@live.com,,nestli-embrace-sling-carrier,,
My baby only sleeps in this now,"Been using this for 14 months. Not a single seam has come loose, not a single stitch has broken. This thing is built to last.",5,2025-08-28 00:00:00 UTC,Kayla Martinez,kmartinez@outlook.com,,nestli-embrace-sling-carrier,,
"Great carrier, wish it came with more colors",Great carrier and I use it daily. The only thing I'd change is the carry pouch — it's a bit small. But the carrier itself is 5 stars.,4,2023-06-15 00:00:00 UTC,Amber Reed,areed@live.com,,nestli-embrace-sling-carrier,,
My go-to carrier for everything,Was skeptical after spending money on other carriers that hurt my back. This one is genuinely different. Wide padded strap makes all the difference.,5,2023-05-18 00:00:00 UTC,Mila Allen,mallen@msn.com,,nestli-embrace-sling-carrier,,
Dad approved!,Bought this as a gift for my sister's baby shower. She texted me a week later saying it's the only thing that calms her baby.,5,2023-10-17 00:00:00 UTC,Nova Jenkins,nova86@msn.com,,nestli-embrace-sling-carrier,,
Life changing for new moms,I work from home and wear this during calls. Baby is calm and quiet and I look completely professional. Game changing for WFH moms.,5,2024-06-08 00:00:00 UTC,Gabriella Bennett,bennettg272@yahoo.com,,nestli-embrace-sling-carrier,,
Cooking with baby — done!,I run a mom and baby yoga class. I recommend this carrier to every single student. Half of them come back and say it changed their life.,5,2025-03-31 00:00:00 UTC,Charlotte Campbell,campbell_c@yahoo.com,,nestli-embrace-sling-carrier,,
Every mom needs this,"I've tried 3 different carriers before this one. Returned all of them. The Nestli goes on in seconds, I barely feel the weight, and my son falls asleep in it every single time.",5,2025-03-25 00:00:00 UTC,Lauren Ross,rossl@yahoo.com,,nestli-embrace-sling-carrier,,
My go-to carrier for everything,The fabric is breathable enough that we used it all summer without baby overheating. Such a thoughtful design.,5,2024-03-19 00:00:00 UTC,Delilah Cox,delilah.cox410@yahoo.com,,nestli-embrace-sling-carrier,,
Really great carrier,Comfortable for long carries. Gave 4 stars because the color I received looked slightly different from the website photo. Still looks nice though.,4,2025-03-31 00:00:00 UTC,Zoey Martin,zoey819@live.com,,nestli-embrace-sling-carrier,,
Never taking this off,Went to the grocery store with both hands free for the first time in 4 months. I actually teared up in the cereal aisle. This carrier is everything.,5,2023-02-01 00:00:00 UTC,Emery White,whitee@icloud.com,,nestli-embrace-sling-carrier,,
My husband uses it more than me,Both my husband and I use this with no readjusting. One carrier for both parents — such a smart design. Highly recommend.,5,2025-05-09 00:00:00 UTC,Audrey King,audrey@msn.com,,nestli-embrace-sling-carrier,,
So easy to use,Ordered this as a last resort after my velcro baby refused to be put down for 3 months. Should have ordered it on day 1. So easy to use and baby loves it.,5,2024-03-01 00:00:00 UTC,Cora Smith,cora_smith702@aol.com,,nestli-embrace-sling-carrier,,
"Good quality, learning curve",Solid product. The strap is wide and comfortable. I gave 4 stars because I wish the setup instructions were a bit clearer with pictures. But the carrier itself is great.,4,2025-05-10 00:00:00 UTC,Grace Green,ggreen@icloud.com,,nestli-embrace-sling-carrier,,
This is THE one,Bought this as a gift for my sister's baby shower. She texted me a week later saying it's the only thing that calms her baby.,5,2023-12-02 00:00:00 UTC,Justin Peterson,justin.peterson@gmail.com,,nestli-embrace-sling-carrier,,
Bought 2 — one for grandma too,My son is 20 months and 26 pounds. I still carry him in this when he's tired on walks. Zero shoulder pain.,5,2023-12-07 00:00:00 UTC,Genesis Cooper,genesis185@gmail.com,,nestli-embrace-sling-carrier,,
"Nice carrier, minor issue with strap",Works great for my petite frame. Had to watch a video to get the fit right but after that it's been perfect. Baby loves the closeness.,4,2024-01-16 00:00:00 UTC,Patrick Moore,moore_p@icloud.com,,nestli-embrace-sling-carrier,,
This is THE one,Bought this because a mom in my birth class had one. Now 6 women from that class have this carrier. We call ourselves the Nestli moms.,5,2024-03-04 00:00:00 UTC,Samuel Kelly,kelly_s@icloud.com,,nestli-embrace-sling-carrier,,
She stopped crying the second I put it on,My son has reflux and needs to stay upright after feeds. This carrier keeps him perfectly positioned and he's so much more comfortable.,5,2024-03-24 00:00:00 UTC,Victoria Lee,vlee306@gmail.com,,nestli-embrace-sling-carrier,,
Great for travel,The fabric is breathable enough that we used it all summer without baby overheating. Such a thoughtful design.,5,2023-09-27 00:00:00 UTC,Jason Taylor,jason.taylor345@gmail.com,,nestli-embrace-sling-carrier,,
Worth every single penny,I work from home and wear this during calls. Baby is calm and quiet and I look completely professional. Game changing for WFH moms.,5,2023-12-02 00:00:00 UTC,Alexander Nguyen,anguyen@icloud.com,,nestli-embrace-sling-carrier,,
Genuinely life changing,My son is 20 months and 26 pounds. I still carry him in this when he's tired on walks. Zero shoulder pain.,5,2023-09-25 00:00:00 UTC,George Johnson,george@msn.com,,nestli-embrace-sling-carrier,,
Perfection,My baby went from needing to be rocked for 45 minutes to falling asleep in this carrier in under 10 minutes. Life is different now.,5,2023-11-13 00:00:00 UTC,Rachel Davis,rachel@live.com,,nestli-embrace-sling-carrier,,
Airport essential,Brought this to a family reunion. Every aunt and uncle took a turn. Nobody could believe how easy it was to put on. Orders came in from 3 family members.,5,2025-05-09 00:00:00 UTC,Brian Lewis,lewisb@msn.com,,nestli-embrace-sling-carrier,,
"Good carrier, slight adjustment needed",Works great for my petite frame. Had to watch a video to get the fit right but after that it's been perfect. Baby loves the closeness.,4,2023-05-17 00:00:00 UTC,Kinsley Phillips,kinsley606@live.com,,nestli-embrace-sling-carrier,,
Love it with minor learning curve,Solid product. The strap is wide and comfortable. I gave 4 stars because I wish the setup instructions were a bit clearer with pictures. But the carrier itself is great.,4,2025-08-19 00:00:00 UTC,Charlotte Garcia,charlotte_garcia@live.com,,nestli-embrace-sling-carrier,,
This is THE one,Went to the grocery store with both hands free for the first time in 4 months. I actually teared up in the cereal aisle. This carrier is everything.,5,2023-09-09 00:00:00 UTC,Luna Perez,luna@live.com,,nestli-embrace-sling-carrier,,
So easy to use,I was nervous about ring slings but the setup guide was so clear. Had it on correctly the first try. Baby was happy immediately.,5,2024-06-04 00:00:00 UTC,James Brown,james109@hotmail.com,,nestli-embrace-sling-carrier,,
Cooking with baby — done!,Both my husband and I use this with no readjusting. One carrier for both parents — such a smart design. Highly recommend.,5,2025-04-08 00:00:00 UTC,Zoey Flores,floresz244@outlook.com,,nestli-embrace-sling-carrier,,
Solid 4 stars from me,Works well and baby loves it. The ring is a bit stiff at first so adjusting takes some force until it breaks in. After a week it was perfect.,4,2024-07-20 00:00:00 UTC,Sofia Hill,sofia_hill332@msn.com,,nestli-embrace-sling-carrier,,
5 stars isn't enough,I work from home and wear this during calls. Baby is calm and quiet and I look completely professional. Game changing for WFH moms.,5,2023-12-24 00:00:00 UTC,Brandon Clark,bclark@live.com,,nestli-embrace-sling-carrier,,
"Returned 3 carriers, kept this one",Took this to Disney World. Walked 12 hours with a 15-month-old in this carrier. My back felt completely fine. My husband was jealous.,5,2024-02-17 00:00:00 UTC,Adam Scott,scott.a436@hotmail.com,,nestli-embrace-sling-carrier,,
My velcro baby is finally calm,"Been using this for 14 months. Not a single seam has come loose, not a single stitch has broken. This thing is built to last.",5,2024-08-19 00:00:00 UTC,Eliana Foster,eliana588@yahoo.com,,nestli-embrace-sling-carrier,,
Obsessed with this thing,Bought this as a gift for my sister's baby shower. She texted me a week later saying it's the only thing that calms her baby.,5,2023-07-01 00:00:00 UTC,Leah Gomez,leah_gomez@msn.com,,nestli-embrace-sling-carrier,,
Best purchase of 2024,Baby wouldn't sleep unless I was holding her. Tried this carrier out of desperation at 3am and she passed out within minutes. I've been wearing it every day since.,5,2023-12-21 00:00:00 UTC,Addison Stewart,astewart@yahoo.com,,nestli-embrace-sling-carrier,,
Hands free finally!!!,Ordered this as a last resort after my velcro baby refused to be put down for 3 months. Should have ordered it on day 1. So easy to use and baby loves it.,5,2023-08-22 00:00:00 UTC,Maya Morris,maya_morris@aol.com,,nestli-embrace-sling-carrier,,
Baby falls asleep in minutes,My son is 20 months and 26 pounds. I still carry him in this when he's tired on walks. Zero shoulder pain.,5,2023-04-28 00:00:00 UTC,Amanda Flores,amandaflores@hotmail.com,,nestli-embrace-sling-carrier,,
Cooking with baby — done!,Took this to Disney World. Walked 12 hours with a 15-month-old in this carrier. My back felt completely fine. My husband was jealous.,5,2023-02-18 00:00:00 UTC,Elena Martin,elena@hotmail.com,,nestli-embrace-sling-carrier,,
Great for travel,"Been using this for 14 months. Not a single seam has come loose, not a single stitch has broken. This thing is built to last.",5,2024-02-09 00:00:00 UTC,Ruby Johnson,rubyjohnson210@live.com,,nestli-embrace-sling-carrier,,
Would recommend with small caveat,"Great carrier, my daughter loves it. Took off one star because the instructions could be more detailed. Overall very happy with the purchase.",4,2024-04-19 00:00:00 UTC,Charles Wilson,wilson_c@outlook.com,,nestli-embrace-sling-carrier,,
"Fits perfectly, baby loves it",Ordered this as a last resort after my velcro baby refused to be put down for 3 months. Should have ordered it on day 1. So easy to use and baby loves it.,5,2023-08-19 00:00:00 UTC,Madelyn Rivera,madelyn754@hotmail.com,,nestli-embrace-sling-carrier,,
Grocery store hero,"My toddler is 2.5 years old and we still use this at the farmers market. She gets tired, I pop her in, she's calm. Best investment of new parenthood.",5,2024-09-20 00:00:00 UTC,Kaylee Clark,kayleeclark702@outlook.com,,nestli-embrace-sling-carrier,,
Cooking with baby — done!,My second baby is so much calmer than my first was — I think it's entirely because I used this carrier from day 1. Skin-to-skin while getting things done.,5,2023-07-14 00:00:00 UTC,Jonathan Green,jonathangreen480@hotmail.com,,nestli-embrace-sling-carrier,,
Solid 4 stars from me,Works well and baby loves it. The ring is a bit stiff at first so adjusting takes some force until it breaks in. After a week it was perfect.,4,2024-11-03 00:00:00 UTC,Andrew Ward,andrewward871@yahoo.com,,nestli-embrace-sling-carrier,,
My pediatrician approved it,Went to the grocery store with both hands free for the first time in 4 months. I actually teared up in the cereal aisle. This carrier is everything.,5,2023-08-22 00:00:00 UTC,Nathan Perry,nathan613@live.com,,nestli-embrace-sling-carrier,,
My pediatrician approved it,I work from home and wear this during calls. Baby is calm and quiet and I look completely professional. Game changing for WFH moms.,5,2023-07-23 00:00:00 UTC,Ryan Long,rlong958@outlook.com,,nestli-embrace-sling-carrier,,
Really great carrier,Really like this carrier. My husband found it slightly tricky to adjust at first but now he uses it on his own. Baby falls asleep in it often.,4,2024-08-23 00:00:00 UTC,Ronald Bell,bell_r@gmail.com,,nestli-embrace-sling-carrier,,
Baby falls asleep in minutes,My baby went from needing to be rocked for 45 minutes to falling asleep in this carrier in under 10 minutes. Life is different now.,5,2025-03-14 00:00:00 UTC,Stephen Miller,smiller339@outlook.com,,nestli-embrace-sling-carrier,,
Wish I had this with my first,Brought this to a family reunion. Every aunt and uncle took a turn. Nobody could believe how easy it was to put on. Orders came in from 3 family members.,5,2023-10-27 00:00:00 UTC,Luna Sanders,luna968@msn.com,,nestli-embrace-sling-carrier,,
Can't imagine parenting without this,Baby wouldn't sleep unless I was holding her. Tried this carrier out of desperation at 3am and she passed out within minutes. I've been wearing it every day since.,5,2023-06-17 00:00:00 UTC,Gianna Reed,greed599@gmail.com,,nestli-embrace-sling-carrier,,
Amazing quality,I work from home and wear this during calls. Baby is calm and quiet and I look completely professional. Game changing for WFH moms.,5,2023-08-29 00:00:00 UTC,Kennedy Garcia,kennedy_garcia@live.com,,nestli-embrace-sling-carrier,,
Can't imagine parenting without this,I work from home and wear this during calls. Baby is calm and quiet and I look completely professional. Game changing for WFH moms.,5,2023-12-23 00:00:00 UTC,Taylor Martinez,martinez.t@hotmail.com,,nestli-embrace-sling-carrier,,
Solid 4 stars from me,Great carrier and I use it daily. The only thing I'd change is the carry pouch — it's a bit small. But the carrier itself is 5 stars.,4,2023-08-20 00:00:00 UTC,Edward Gomez,gomez_e830@msn.com,,nestli-embrace-sling-carrier,,
Cried happy tears when I tried it,Both my husband and I use this with no readjusting. One carrier for both parents — such a smart design. Highly recommend.,5,2023-12-11 00:00:00 UTC,Nathan White,white.n693@icloud.com,,nestli-embrace-sling-carrier,,
"Returned 3 carriers, kept this one",My baby went from needing to be rocked for 45 minutes to falling asleep in this carrier in under 10 minutes. Life is different now.,5,2023-04-22 00:00:00 UTC,Naomi Ross,naomi.ross666@live.com,,nestli-embrace-sling-carrier,,
"Great quality, took time to adjust",Really nice carrier. Well made and baby seems very comfortable. Just takes a little practice at first. Glad I bought it.,4,2023-11-07 00:00:00 UTC,Alexis Harris,harris.a@icloud.com,,nestli-embrace-sling-carrier,,
Never taking this off,Bought this as a gift for my sister's baby shower. She texted me a week later saying it's the only thing that calms her baby.,5,2023-01-14 00:00:00 UTC,Edward King,eking518@outlook.com,,nestli-embrace-sling-carrier,,
"Great quality, took time to adjust","Great quality, soft fabric, baby seems comfy. Docking one star because mine arrived with a small mark on the fabric. Customer service sorted it quickly though.",4,2024-12-21 00:00:00 UTC,Jennifer Sullivan,sullivanj@live.com,,nestli-embrace-sling-carrier,,
Great for travel,I work from home and wear this during calls. Baby is calm and quiet and I look completely professional. Game changing for WFH moms.,5,2023-06-04 00:00:00 UTC,Sophia Cruz,sophia@yahoo.com,,nestli-embrace-sling-carrier,,
"Fits perfectly, baby loves it",My baby went from needing to be rocked for 45 minutes to falling asleep in this carrier in under 10 minutes. Life is different now.,5,2025-01-08 00:00:00 UTC,Olivia Harris,olivia779@outlook.com,,nestli-embrace-sling-carrier,,
"Good quality, learning curve",Really great carrier overall. Took me about 3 tries to get the fit right but once I figured it out I love it. Baby seems comfortable and I have both hands free.,4,2023-08-10 00:00:00 UTC,Stephen Long,stephen@hotmail.com,,nestli-embrace-sling-carrier,,
Love it with minor learning curve,Solid product. The strap is wide and comfortable. I gave 4 stars because I wish the setup instructions were a bit clearer with pictures. But the carrier itself is great.,4,2023-07-22 00:00:00 UTC,Skylar Price,skylar526@outlook.com,,nestli-embrace-sling-carrier,,
Airport essential,Took this to Disney World. Walked 12 hours with a 15-month-old in this carrier. My back felt completely fine. My husband was jealous.,5,2024-01-06 00:00:00 UTC,Stephen Reed,sreed701@outlook.com,,nestli-embrace-sling-carrier,,
Worth every single penny,Bought this because a mom in my birth class had one. Now 6 women from that class have this carrier. We call ourselves the Nestli moms.,5,2024-09-21 00:00:00 UTC,Emery White,whitee999@hotmail.com,,nestli-embrace-sling-carrier,,
The only carrier I recommend,The fabric is breathable enough that we used it all summer without baby overheating. Such a thoughtful design.,5,2025-05-18 00:00:00 UTC,Jennifer Nguyen,jnguyen457@gmail.com,,nestli-embrace-sling-carrier,,
My sanity saver,I was nervous about ring slings but the setup guide was so clear. Had it on correctly the first try. Baby was happy immediately.,5,2023-01-31 00:00:00 UTC,Dennis Foster,dennis.foster@gmail.com,,nestli-embrace-sling-carrier,,
My go-to carrier for everything,Both my husband and I use this with no readjusting. One carrier for both parents — such a smart design. Highly recommend.,5,2025-02-03 00:00:00 UTC,Stephen Roberts,roberts_s@aol.com,,nestli-embrace-sling-carrier,,
My arms don't hurt anymore!,My daughter had colic for 6 weeks and nothing worked. Put her in this carrier and she was asleep in 4 minutes. I literally cried. This carrier saved my sanity.,5,2023-08-23 00:00:00 UTC,Donald White,whited@live.com,,nestli-embrace-sling-carrier,,
Best carrier I've ever owned,My daughter had colic for 6 weeks and nothing worked. Put her in this carrier and she was asleep in 4 minutes. I literally cried. This carrier saved my sanity.,5,2023-01-27 00:00:00 UTC,Valentina Collins,valentina.collins@outlook.com,,nestli-embrace-sling-carrier,,
"Easy to put on, baby loves it",Bought this because a mom in my birth class had one. Now 6 women from that class have this carrier. We call ourselves the Nestli moms.,5,2023-07-11 00:00:00 UTC,Evelyn Reyes,evelyn@icloud.com,,nestli-embrace-sling-carrier,,
Never taking this off,My husband said carriers looked too complicated. I ordered this without telling him. He tried it once and now he uses it more than I do. He calls it his dad superpower.,5,2023-11-24 00:00:00 UTC,Anna Moore,amoore@gmail.com,,nestli-embrace-sling-carrier,,
Grocery store hero,Took this to Disney World. Walked 12 hours with a 15-month-old in this carrier. My back felt completely fine. My husband was jealous.,5,2023-02-14 00:00:00 UTC,Aubrey Hall,aubrey5@aol.com,,nestli-embrace-sling-carrier,,
Best purchase of 2024,Brought this to a family reunion. Every aunt and uncle took a turn. Nobody could believe how easy it was to put on. Orders came in from 3 family members.,5,2024-07-23 00:00:00 UTC,Lauren Rivera,lauren.rivera@gmail.com,,nestli-embrace-sling-carrier,,
"Good quality, learning curve",Great carrier and I use it daily. The only thing I'd change is the carry pouch — it's a bit small. But the carrier itself is 5 stars.,4,2023-10-31 00:00:00 UTC,Lauren Jenkins,jenkinsl477@gmail.com,,nestli-embrace-sling-carrier,,
Obsessed with this thing,I was nervous about ring slings but the setup guide was so clear. Had it on correctly the first try. Baby was happy immediately.,5,2025-08-15 00:00:00 UTC,Samuel Gray,sgray@yahoo.com,,nestli-embrace-sling-carrier,,
Really like this carrier,Great carrier and I use it daily. The only thing I'd change is the carry pouch — it's a bit small. But the carrier itself is 5 stars.,4,2023-09-28 00:00:00 UTC,Vanessa Walker,vanessa976@live.com,,nestli-embrace-sling-carrier,,
Best purchase of 2024,Baby wouldn't sleep unless I was holding her. Tried this carrier out of desperation at 3am and she passed out within minutes. I've been wearing it every day since.,5,2025-01-24 00:00:00 UTC,Emily Hill,emily@msn.com,,nestli-embrace-sling-carrier,,
Finally a carrier that actually works,Brought this to a family reunion. Every aunt and uncle took a turn. Nobody could believe how easy it was to put on. Orders came in from 3 family members.,5,2023-01-20 00:00:00 UTC,Eva Phillips,eva@hotmail.com,,nestli-embrace-sling-carrier,,
So easy to use,Brought this to a family reunion. Every aunt and uncle took a turn. Nobody could believe how easy it was to put on. Orders came in from 3 family members.,5,2024-08-30 00:00:00 UTC,Caroline Lewis,lewis.c483@gmail.com,,nestli-embrace-sling-carrier,,
Bought 2 — one for grandma too,Was skeptical after spending money on other carriers that hurt my back. This one is genuinely different. Wide padded strap makes all the difference.,5,2023-04-08 00:00:00 UTC,Samantha Sanders,ssanders271@outlook.com,,nestli-embrace-sling-carrier,,
"Good quality, learning curve",Really happy with the purchase. Slight learning curve but nothing that a YouTube tutorial didn't solve. Baby is calm and I'm hands-free.,4,2023-07-08 00:00:00 UTC,Zoe Murphy,zoe.murphy@live.com,,nestli-embrace-sling-carrier,,
Lightweight and perfect,Brought this to a family reunion. Every aunt and uncle took a turn. Nobody could believe how easy it was to put on. Orders came in from 3 family members.,5,2024-05-07 00:00:00 UTC,Isla Mitchell,mitchelli@outlook.com,,nestli-embrace-sling-carrier,,
Best carrier I've ever owned,My son is 20 months and 26 pounds. I still carry him in this when he's tired on walks. Zero shoulder pain.,5,2023-09-20 00:00:00 UTC,Richard Peterson,peterson_r@msn.com,,nestli-embrace-sling-carrier,,
Exceeded all my expectations,Baby wouldn't sleep unless I was holding her. Tried this carrier out of desperation at 3am and she passed out within minutes. I've been wearing it every day since.,5,2023-12-19 00:00:00 UTC,Layla Cruz,layla@msn.com,,nestli-embrace-sling-carrier,,
Perfect for our lifestyle,Ordered this as a last resort after my velcro baby refused to be put down for 3 months. Should have ordered it on day 1. So easy to use and baby loves it.,5,2023-11-09 00:00:00 UTC,Elizabeth Flores,elizabethflores551@aol.com,,nestli-embrace-sling-carrier,,
Happy with my purchase,Great carrier and I use it daily. The only thing I'd change is the carry pouch — it's a bit small. But the carrier itself is 5 stars.,4,2023-03-15 00:00:00 UTC,Andrew Lewis,lewis_a@gmail.com,,nestli-embrace-sling-carrier,,
Baby falls asleep in minutes,"Been using this for 14 months. Not a single seam has come loose, not a single stitch has broken. This thing is built to last.",5,2025-02-21 00:00:00 UTC,Willow Sanchez,sanchez_w230@live.com,,nestli-embrace-sling-carrier,,
My pediatrician approved it,My son is 20 months and 26 pounds. I still carry him in this when he's tired on walks. Zero shoulder pain.,5,2025-10-06 00:00:00 UTC,Larry Hughes,lhughes@aol.com,,nestli-embrace-sling-carrier,,
The only carrier I recommend,My son is 20 months and 26 pounds. I still carry him in this when he's tired on walks. Zero shoulder pain.,5,2024-02-21 00:00:00 UTC,Autumn Price,autumn_price896@outlook.com,,nestli-embrace-sling-carrier,,
"Great quality, took time to adjust",Really happy with the purchase. Slight learning curve but nothing that a YouTube tutorial didn't solve. Baby is calm and I'm hands-free.,4,2023-04-30 00:00:00 UTC,Aurora White,whitea31@gmail.com,,nestli-embrace-sling-carrier,,
Perfect for our lifestyle,My second baby is so much calmer than my first was — I think it's entirely because I used this carrier from day 1. Skin-to-skin while getting things done.,5,2023-06-07 00:00:00 UTC,Quinn Jackson,quinn@msn.com,,nestli-embrace-sling-carrier,,
Amazing quality,Was skeptical after spending money on other carriers that hurt my back. This one is genuinely different. Wide padded strap makes all the difference.,5,2025-01-22 00:00:00 UTC,Raymond Carter,raymond@icloud.com,,nestli-embrace-sling-carrier,,
"Great quality, took time to adjust",Comfortable for long carries. Gave 4 stars because the color I received looked slightly different from the website photo. Still looks nice though.,4,2024-01-16 00:00:00 UTC,Kevin Adams,adamsk427@msn.com,,nestli-embrace-sling-carrier,,
Cooking with baby — done!,My second baby is so much calmer than my first was — I think it's entirely because I used this carrier from day 1. Skin-to-skin while getting things done.,5,2023-09-15 00:00:00 UTC,Leah Brown,lbrown828@yahoo.com,,nestli-embrace-sling-carrier,,
Cooking with baby — done!,"My toddler is 2.5 years old and we still use this at the farmers market. She gets tired, I pop her in, she's calm. Best investment of new parenthood.",5,2024-02-23 00:00:00 UTC,Stella Hernandez,shernandez975@hotmail.com,,nestli-embrace-sling-carrier,,
Cooking with baby — done!,Took this to Disney World. Walked 12 hours with a 15-month-old in this carrier. My back felt completely fine. My husband was jealous.,5,2024-06-05 00:00:00 UTC,Charlotte Thompson,cthompson@msn.com,,nestli-embrace-sling-carrier,,
Lightweight and perfect,My husband said carriers looked too complicated. I ordered this without telling him. He tried it once and now he uses it more than I do. He calls it his dad superpower.,5,2024-11-08 00:00:00 UTC,Naomi Brown,naomi603@msn.com,,nestli-embrace-sling-carrier,,
Life changing for new moms,"My toddler is 2.5 years old and we still use this at the farmers market. She gets tired, I pop her in, she's calm. Best investment of new parenthood.",5,2023-01-15 00:00:00 UTC,Savannah Myers,savannah.myers@gmail.com,,nestli-embrace-sling-carrier,,
Amazing quality,The fabric is breathable enough that we used it all summer without baby overheating. Such a thoughtful design.,5,2025-02-22 00:00:00 UTC,Alexander Cook,acook556@live.com,,nestli-embrace-sling-carrier,,
Solid 4 stars from me,Great carrier and I use it daily. The only thing I'd change is the carry pouch — it's a bit small. But the carrier itself is 5 stars.,4,2023-09-16 00:00:00 UTC,Leah Collins,leah.collins@outlook.com,,nestli-embrace-sling-carrier,,
Life changing for new moms,My son is 20 months and 26 pounds. I still carry him in this when he's tired on walks. Zero shoulder pain.,5,2023-07-28 00:00:00 UTC,Paul Scott,scottp513@live.com,,nestli-embrace-sling-carrier,,
My arms don't hurt anymore!,My second baby is so much calmer than my first was — I think it's entirely because I used this carrier from day 1. Skin-to-skin while getting things done.,5,2023-07-02 00:00:00 UTC,Amanda Murphy,amurphy968@aol.com,,nestli-embrace-sling-carrier,,
Mostly love this carrier,Great carrier and I use it daily. The only thing I'd change is the carry pouch — it's a bit small. But the carrier itself is 5 stars.,4,2023-05-20 00:00:00 UTC,Madison Hernandez,hernandez_m@gmail.com,,nestli-embrace-sling-carrier,,
My baby only sleeps in this now,Baby wouldn't sleep unless I was holding her. Tried this carrier out of desperation at 3am and she passed out within minutes. I've been wearing it every day since.,5,2023-12-17 00:00:00 UTC,Harper Anderson,anderson_h612@outlook.com,,nestli-embrace-sling-carrier,,
Life changing for new moms,My husband said carriers looked too complicated. I ordered this without telling him. He tried it once and now he uses it more than I do. He calls it his dad superpower.,5,2023-11-03 00:00:00 UTC,Timothy Phillips,phillips.t@aol.com,,nestli-embrace-sling-carrier,,
Never taking this off,Went to the grocery store with both hands free for the first time in 4 months. I actually teared up in the cereal aisle. This carrier is everything.,5,2023-08-01 00:00:00 UTC,Samuel Murphy,samuel@hotmail.com,,nestli-embrace-sling-carrier,,
Hands free finally!!!,"I've tried 3 different carriers before this one. Returned all of them. The Nestli goes on in seconds, I barely feel the weight, and my son falls asleep in it every single time.",5,2023-07-05 00:00:00 UTC,Arianna Jones,arianna.jones@icloud.com,,nestli-embrace-sling-carrier,,
Grocery store hero,Took this to Disney World. Walked 12 hours with a 15-month-old in this carrier. My back felt completely fine. My husband was jealous.,5,2024-08-21 00:00:00 UTC,Willow Green,willow@icloud.com,,nestli-embrace-sling-carrier,,
My baby only sleeps in this now,My postpartum anxiety was through the roof until I started babywearing. Having her close and being able to feel her breathing calmed both of us down.,5,2023-05-27 00:00:00 UTC,Lillian Johnson,lillian_johnson304@yahoo.com,,nestli-embrace-sling-carrier,,
"Great carrier, wish it came with more colors",Solid product. The strap is wide and comfortable. I gave 4 stars because I wish the setup instructions were a bit clearer with pictures. But the carrier itself is great.,4,2023-03-09 00:00:00 UTC,Daniel Hall,daniel198@msn.com,,nestli-embrace-sling-carrier,,
Finally a carrier that actually works,Both my husband and I use this with no readjusting. One carrier for both parents — such a smart design. Highly recommend.,5,2023-03-16 00:00:00 UTC,Patrick Morgan,patrick@live.com,,nestli-embrace-sling-carrier,,
Genuinely life changing,My son is 20 months and 26 pounds. I still carry him in this when he's tired on walks. Zero shoulder pain.,5,2023-12-04 00:00:00 UTC,Jason Cruz,jcruz@icloud.com,,nestli-embrace-sling-carrier,,
My go-to carrier for everything,Ordered this as a last resort after my velcro baby refused to be put down for 3 months. Should have ordered it on day 1. So easy to use and baby loves it.,5,2023-12-18 00:00:00 UTC,Mark Gray,mark817@aol.com,,nestli-embrace-sling-carrier,,
Best baby gear purchase,My second baby is so much calmer than my first was — I think it's entirely because I used this carrier from day 1. Skin-to-skin while getting things done.,5,2023-06-28 00:00:00 UTC,Joseph King,king_j@hotmail.com,,nestli-embrace-sling-carrier,,
Grocery store hero,I work from home and wear this during calls. Baby is calm and quiet and I look completely professional. Game changing for WFH moms.,5,2024-12-01 00:00:00 UTC,Kennedy Allen,kennedyallen325@msn.com,,nestli-embrace-sling-carrier,,
Perfection,My son is 20 months and 26 pounds. I still carry him in this when he's tired on walks. Zero shoulder pain.,5,2023-07-09 00:00:00 UTC,Savannah Flores,savannah_flores152@yahoo.com,,nestli-embrace-sling-carrier,,
10/10 no notes,Brought this to a family reunion. Every aunt and uncle took a turn. Nobody could believe how easy it was to put on. Orders came in from 3 family members.,5,2024-11-11 00:00:00 UTC,Daniel Scott,danielscott@gmail.com,,nestli-embrace-sling-carrier,,
5 stars isn't enough,I was nervous about ring slings but the setup guide was so clear. Had it on correctly the first try. Baby was happy immediately.,5,2023-03-15 00:00:00 UTC,Andrew Ward,warda165@gmail.com,,nestli-embrace-sling-carrier,,
Obsessed with this thing,I work from home and wear this during calls. Baby is calm and quiet and I look completely professional. Game changing for WFH moms.,5,2023-09-29 00:00:00 UTC,Autumn Brooks,autumnbrooks@gmail.com,,nestli-embrace-sling-carrier,,
Recommend for most moms,Works well and baby loves it. The ring is a bit stiff at first so adjusting takes some force until it breaks in. After a week it was perfect.,4,2023-04-08 00:00:00 UTC,Gianna Anderson,ganderson48@gmail.com,,nestli-embrace-sling-carrier,,
Bought 2 — one for grandma too,"I've tried 3 different carriers before this one. Returned all of them. The Nestli goes on in seconds, I barely feel the weight, and my son falls asleep in it every single time.",5,2023-09-05 00:00:00 UTC,Michael Rodriguez,michael_rodriguez71@aol.com,,nestli-embrace-sling-carrier,,
Good for newborns,Really happy with the purchase. Slight learning curve but nothing that a YouTube tutorial didn't solve. Baby is calm and I'm hands-free.,4,2025-02-15 00:00:00 UTC,Julia Scott,julia.scott@gmail.com,,nestli-embrace-sling-carrier,,
Would recommend with small caveat,"Good carrier, my baby seems happy in it. I wish it came in more colors for my wardrobe but functionally it works great. Would recommend.",4,2023-10-18 00:00:00 UTC,Lily White,lily@aol.com,,nestli-embrace-sling-carrier,,
Bought 2 — one for grandma too,My husband said carriers looked too complicated. I ordered this without telling him. He tried it once and now he uses it more than I do. He calls it his dad superpower.,5,2024-12-29 00:00:00 UTC,Amber Turner,amber_turner198@live.com,,nestli-embrace-sling-carrier,,
Baby falls asleep in minutes,Bought this because a mom in my birth class had one. Now 6 women from that class have this carrier. We call ourselves the Nestli moms.,5,2025-09-03 00:00:00 UTC,Aria Anderson,aanderson705@gmail.com,,nestli-embrace-sling-carrier,,
10/10 no notes,"I've tried 3 different carriers before this one. Returned all of them. The Nestli goes on in seconds, I barely feel the weight, and my son falls asleep in it every single time.",5,2023-05-25 00:00:00 UTC,Brandon Hall,brandon_hall@msn.com,,nestli-embrace-sling-carrier,,
Exceeded all my expectations,My second baby is so much calmer than my first was — I think it's entirely because I used this carrier from day 1. Skin-to-skin while getting things done.,5,2025-03-11 00:00:00 UTC,Sofia Thompson,thompson.s@msn.com,,nestli-embrace-sling-carrier,,
Best carrier I've ever owned,Bought this as a gift for my sister's baby shower. She texted me a week later saying it's the only thing that calms her baby.,5,2025-02-26 00:00:00 UTC,Aria Morgan,aria_morgan@outlook.com,,nestli-embrace-sling-carrier,,
Dad approved!,"I've tried 3 different carriers before this one. Returned all of them. The Nestli goes on in seconds, I barely feel the weight, and my son falls asleep in it every single time.",5,2023-10-15 00:00:00 UTC,Hazel Martin,hmartin@outlook.com,,nestli-embrace-sling-carrier,,
Really great carrier,"Great quality, soft fabric, baby seems comfy. Docking one star because mine arrived with a small mark on the fabric. Customer service sorted it quickly though.",4,2023-07-19 00:00:00 UTC,Evelyn Reyes,reyes.e@msn.com,,nestli-embrace-sling-carrier,,
Happy with my purchase,"Good carrier, my baby seems happy in it. I wish it came in more colors for my wardrobe but functionally it works great. Would recommend.",4,2023-12-17 00:00:00 UTC,Riley Wright,rwright840@gmail.com,,nestli-embrace-sling-carrier,,
"Good carrier, slight adjustment needed",Works great for my petite frame. Had to watch a video to get the fit right but after that it's been perfect. Baby loves the closeness.,4,2024-01-28 00:00:00 UTC,Jonathan Ross,jonathan98@hotmail.com,,nestli-embrace-sling-carrier,,
Good for newborns,Really nice carrier. Well made and baby seems very comfortable. Just takes a little practice at first. Glad I bought it.,4,2023-08-04 00:00:00 UTC,Lily Roberts,robertsl224@aol.com,,nestli-embrace-sling-carrier,,
This is THE one,Baby wouldn't sleep unless I was holding her. Tried this carrier out of desperation at 3am and she passed out within minutes. I've been wearing it every day since.,5,2023-05-25 00:00:00 UTC,Brittany Hill,hill.b976@outlook.com,,nestli-embrace-sling-carrier,,
Exceeded all my expectations,My postpartum anxiety was through the roof until I started babywearing. Having her close and being able to feel her breathing calmed both of us down.,5,2025-08-20 00:00:00 UTC,Victoria Sanders,sanders.v@yahoo.com,,nestli-embrace-sling-carrier,,
Dad approved!,My son has reflux and needs to stay upright after feeds. This carrier keeps him perfectly positioned and he's so much more comfortable.,5,2024-01-29 00:00:00 UTC,Donald Fisher,dfisher489@live.com,,nestli-embrace-sling-carrier,,
Cried happy tears when I tried it,Both my husband and I use this with no readjusting. One carrier for both parents — such a smart design. Highly recommend.,5,2025-01-06 00:00:00 UTC,Amanda Wood,wood.a185@hotmail.com,,nestli-embrace-sling-carrier,,
My sanity saver,Bought this because a mom in my birth class had one. Now 6 women from that class have this carrier. We call ourselves the Nestli moms.,5,2024-12-09 00:00:00 UTC,Ronald Fisher,ronald@outlook.com,,nestli-embrace-sling-carrier,,
Great for travel,Went to the grocery store with both hands free for the first time in 4 months. I actually teared up in the cereal aisle. This carrier is everything.,5,2023-04-03 00:00:00 UTC,Jack Long,jack@icloud.com,,nestli-embrace-sling-carrier,,
Amazing quality,Bought this as a gift for my sister's baby shower. She texted me a week later saying it's the only thing that calms her baby.,5,2023-06-25 00:00:00 UTC,Valentina Torres,valentina.torres@hotmail.com,,nestli-embrace-sling-carrier,,
Exceeded all my expectations,Bought this because a mom in my birth class had one. Now 6 women from that class have this carrier. We call ourselves the Nestli moms.,5,2024-02-01 00:00:00 UTC,Naomi Bailey,naomi_bailey293@icloud.com,,nestli-embrace-sling-carrier,,
Impressive quality for the price,"Good carrier, my baby seems happy in it. I wish it came in more colors for my wardrobe but functionally it works great. Would recommend.",4,2024-01-13 00:00:00 UTC,Emily Martin,martin.e422@live.com,,nestli-embrace-sling-carrier,,
"Good carrier, slight adjustment needed",Really nice carrier. Well made and baby seems very comfortable. Just takes a little practice at first. Glad I bought it.,4,2025-01-03 00:00:00 UTC,Anna Nguyen,annanguyen@icloud.com,,nestli-embrace-sling-carrier,,
Bought 2 — one for grandma too,The fabric is breathable enough that we used it all summer without baby overheating. Such a thoughtful design.,5,2024-10-03 00:00:00 UTC,Nevaeh Rogers,nevaeh157@yahoo.com,,nestli-embrace-sling-carrier,,
Worth every single penny,The fabric is breathable enough that we used it all summer without baby overheating. Such a thoughtful design.,5,2023-03-19 00:00:00 UTC,Sophia Parker,sparker82@yahoo.com,,nestli-embrace-sling-carrier,,
Cried happy tears when I tried it,I was nervous about ring slings but the setup guide was so clear. Had it on correctly the first try. Baby was happy immediately.,5,2023-09-16 00:00:00 UTC,Samantha Baker,samantha_baker729@hotmail.com,,nestli-embrace-sling-carrier,,
Airport essential,"Been using this for 14 months. Not a single seam has come loose, not a single stitch has broken. This thing is built to last.",5,2023-05-11 00:00:00 UTC,Kevin Morales,kevin@hotmail.com,,nestli-embrace-sling-carrier,,
Finally sleeping again,I run a mom and baby yoga class. I recommend this carrier to every single student. Half of them come back and say it changed their life.,5,2025-01-01 00:00:00 UTC,Anna Gray,agray@yahoo.com,,nestli-embrace-sling-carrier,,
So easy to use,"Been using this for 14 months. Not a single seam has come loose, not a single stitch has broken. This thing is built to last.",5,2025-03-04 00:00:00 UTC,Nicholas Martinez,nmartinez280@yahoo.com,,nestli-embrace-sling-carrier,,
"Good carrier, slight adjustment needed","Love the quality of this carrier. Only reason it's 4 stars is the learning curve — it took me a week to feel confident putting it on. After that, totally smooth.",4,2023-09-18 00:00:00 UTC,Adeline Ward,adeline@hotmail.com,,nestli-embrace-sling-carrier,,
Airport essential,My daughter had colic for 6 weeks and nothing worked. Put her in this carrier and she was asleep in 4 minutes. I literally cried. This carrier saved my sanity.,5,2025-07-23 00:00:00 UTC,Jennifer James,jenniferjames763@yahoo.com,,nestli-embrace-sling-carrier,,
Almost perfect,Works well and baby loves it. The ring is a bit stiff at first so adjusting takes some force until it breaks in. After a week it was perfect.,4,2023-06-25 00:00:00 UTC,Charlotte Foster,fosterc@live.com,,nestli-embrace-sling-carrier,,
Wish I had this with my first,Ordered this as a last resort after my velcro baby refused to be put down for 3 months. Should have ordered it on day 1. So easy to use and baby loves it.,5,2025-04-17 00:00:00 UTC,Skylar Martinez,skylar505@aol.com,,nestli-embrace-sling-carrier,,
Airport essential,Bought this as a gift for my sister's baby shower. She texted me a week later saying it's the only thing that calms her baby.,5,2023-06-05 00:00:00 UTC,Violet Baker,baker_v@yahoo.com,,nestli-embrace-sling-carrier,,
"Goodbye stroller, hello Nestli",I work from home and wear this during calls. Baby is calm and quiet and I look completely professional. Game changing for WFH moms.,5,2025-04-05 00:00:00 UTC,Bella Bailey,bella637@icloud.com,,nestli-embrace-sling-carrier,,
Carrier of the year,Bought this because a mom in my birth class had one. Now 6 women from that class have this carrier. We call ourselves the Nestli moms.,5,2025-10-20 00:00:00 UTC,Riley Perez,riley_perez@hotmail.com,,nestli-embrace-sling-carrier,,
My newborn loves it,Both my husband and I use this with no readjusting. One carrier for both parents — such a smart design. Highly recommend.,5,2024-02-12 00:00:00 UTC,Eleanor Torres,eleanor.torres732@outlook.com,,nestli-embrace-sling-carrier,,
My husband uses it more than me,Baby wouldn't sleep unless I was holding her. Tried this carrier out of desperation at 3am and she passed out within minutes. I've been wearing it every day since.,5,2023-02-16 00:00:00 UTC,Autumn Fisher,fisher_a@aol.com,,nestli-embrace-sling-carrier,,
My husband uses it more than me,Bought this because a mom in my birth class had one. Now 6 women from that class have this carrier. We call ourselves the Nestli moms.,5,2023-10-06 00:00:00 UTC,Christopher Diaz,diaz.c@outlook.com,,nestli-embrace-sling-carrier,,
Happy with my purchase,Solid product. The strap is wide and comfortable. I gave 4 stars because I wish the setup instructions were a bit clearer with pictures. But the carrier itself is great.,4,2025-04-11 00:00:00 UTC,Gary Turner,gturner@msn.com,,nestli-embrace-sling-carrier,,
Dad approved!,I work from home and wear this during calls. Baby is calm and quiet and I look completely professional. Game changing for WFH moms.,5,2023-03-26 00:00:00 UTC,Ellie Clark,ellieclark@aol.com,,nestli-embrace-sling-carrier,,
Absolute game changer!,My son is 20 months and 26 pounds. I still carry him in this when he's tired on walks. Zero shoulder pain.,5,2024-02-28 00:00:00 UTC,Ivy Cook,icook706@outlook.com,,nestli-embrace-sling-carrier,,
10/10 no notes,My daughter had colic for 6 weeks and nothing worked. Put her in this carrier and she was asleep in 4 minutes. I literally cried. This carrier saved my sanity.,5,2023-12-31 00:00:00 UTC,Nathan Fisher,nathan.fisher@icloud.com,,nestli-embrace-sling-carrier,,
Good for newborns,"Love the quality of this carrier. Only reason it's 4 stars is the learning curve — it took me a week to feel confident putting it on. After that, totally smooth.",4,2025-03-27 00:00:00 UTC,Allison Edwards,allison@gmail.com,,nestli-embrace-sling-carrier,,
Can't imagine parenting without this,Baby wouldn't sleep unless I was holding her. Tried this carrier out of desperation at 3am and she passed out within minutes. I've been wearing it every day since.,5,2023-05-14 00:00:00 UTC,Eva Jenkins,jenkinse@aol.com,,nestli-embrace-sling-carrier,,
Exceeded all my expectations,"Been using this for 14 months. Not a single seam has come loose, not a single stitch has broken. This thing is built to last.",5,2024-08-13 00:00:00 UTC,Mia Ward,mward@msn.com,,nestli-embrace-sling-carrier,,
Life changing for new moms,I was nervous about ring slings but the setup guide was so clear. Had it on correctly the first try. Baby was happy immediately.,5,2024-03-03 00:00:00 UTC,Sophie Johnson,sophie@outlook.com,,nestli-embrace-sling-carrier,,
Baby falls asleep in minutes,My son has reflux and needs to stay upright after feeds. This carrier keeps him perfectly positioned and he's so much more comfortable.,5,2025-06-22 00:00:00 UTC,Isla Clark,iclark@gmail.com,,nestli-embrace-sling-carrier,,
Grocery store hero,Went to the grocery store with both hands free for the first time in 4 months. I actually teared up in the cereal aisle. This carrier is everything.,5,2023-06-13 00:00:00 UTC,Richard Young,ryoung797@outlook.com,,nestli-embrace-sling-carrier,,
"Good quality, learning curve",Works great for my petite frame. Had to watch a video to get the fit right but after that it's been perfect. Baby loves the closeness.,4,2023-08-05 00:00:00 UTC,Brielle Peterson,peterson_b628@msn.com,,nestli-embrace-sling-carrier,,
Carrier of the year,My baby went from needing to be rocked for 45 minutes to falling asleep in this carrier in under 10 minutes. Life is different now.,5,2023-12-12 00:00:00 UTC,Tyler Williams,williams_t@outlook.com,,nestli-embrace-sling-carrier,,
5 stars isn't enough,My husband said carriers looked too complicated. I ordered this without telling him. He tried it once and now he uses it more than I do. He calls it his dad superpower.,5,2024-02-16 00:00:00 UTC,Brittany Lopez,brittany@msn.com,,nestli-embrace-sling-carrier,,
Solid 4 stars from me,Really happy with the purchase. Slight learning curve but nothing that a YouTube tutorial didn't solve. Baby is calm and I'm hands-free.,4,2023-09-30 00:00:00 UTC,Paisley Gomez,paisley451@outlook.com,,nestli-embrace-sling-carrier,,
Absolute game changer!,I was nervous about ring slings but the setup guide was so clear. Had it on correctly the first try. Baby was happy immediately.,5,2024-02-28 00:00:00 UTC,Amanda Carter,cartera@gmail.com,,nestli-embrace-sling-carrier,,
Every mom needs this,We flew cross-country with our 7-month-old. This carrier fit in my purse and our baby slept through both flights. Worth ten times the price.,5,2025-03-24 00:00:00 UTC,Aurora Richardson,aurora374@gmail.com,,nestli-embrace-sling-carrier,,
"Fits perfectly, baby loves it",My baby went from needing to be rocked for 45 minutes to falling asleep in this carrier in under 10 minutes. Life is different now.,5,2023-08-10 00:00:00 UTC,Allison Turner,allisonturner809@live.com,,nestli-embrace-sling-carrier,,
Cooking with baby — done!,We flew cross-country with our 7-month-old. This carrier fit in my purse and our baby slept through both flights. Worth ten times the price.,5,2023-11-22 00:00:00 UTC,William Jones,jones.w@hotmail.com,,nestli-embrace-sling-carrier,,
Perfect for our lifestyle,My son is 20 months and 26 pounds. I still carry him in this when he's tired on walks. Zero shoulder pain.,5,2023-04-14 00:00:00 UTC,Brooklyn Ward,brooklyn_ward63@hotmail.com,,nestli-embrace-sling-carrier,,
My go-to carrier for everything,We flew cross-country with our 7-month-old. This carrier fit in my purse and our baby slept through both flights. Worth ten times the price.,5,2024-07-29 00:00:00 UTC,Richard Sullivan,richard257@hotmail.com,,nestli-embrace-sling-carrier,,
10/10 no notes,My daughter had colic for 6 weeks and nothing worked. Put her in this carrier and she was asleep in 4 minutes. I literally cried. This carrier saved my sanity.,5,2024-08-26 00:00:00 UTC,Natalie Butler,butler_n@icloud.com,,nestli-embrace-sling-carrier,,
Exceeded all my expectations,I was nervous about ring slings but the setup guide was so clear. Had it on correctly the first try. Baby was happy immediately.,5,2024-02-23 00:00:00 UTC,Cora Nelson,cora982@hotmail.com,,nestli-embrace-sling-carrier,,
The only carrier I recommend,Both my husband and I use this with no readjusting. One carrier for both parents — such a smart design. Highly recommend.,5,2023-12-02 00:00:00 UTC,Mark Turner,mark@hotmail.com,,nestli-embrace-sling-carrier,,
My sanity saver,My son is 20 months and 26 pounds. I still carry him in this when he's tired on walks. Zero shoulder pain.,5,2025-05-20 00:00:00 UTC,Joseph Davis,jdavis@live.com,,nestli-embrace-sling-carrier,,
The only carrier I recommend,My daughter had colic for 6 weeks and nothing worked. Put her in this carrier and she was asleep in 4 minutes. I literally cried. This carrier saved my sanity.,5,2023-07-05 00:00:00 UTC,Alexa Ward,alexa48@outlook.com,,nestli-embrace-sling-carrier,,
My baby only sleeps in this now,My baby went from needing to be rocked for 45 minutes to falling asleep in this carrier in under 10 minutes. Life is different now.,5,2023-04-21 00:00:00 UTC,Eric Lee,eric772@aol.com,,nestli-embrace-sling-carrier,,
Would recommend with small caveat,Good quality product. Baby is content in it and I can actually get things done. Would give 5 stars but it took some practice to get the tightness right.,4,2024-03-21 00:00:00 UTC,Cora Hernandez,cora42@yahoo.com,,nestli-embrace-sling-carrier,,
My go-to carrier for everything,I was nervous about ring slings but the setup guide was so clear. Had it on correctly the first try. Baby was happy immediately.,5,2025-09-02 00:00:00 UTC,Grace Myers,gmyers792@yahoo.com,,nestli-embrace-sling-carrier,,
This is THE one,The fabric is breathable enough that we used it all summer without baby overheating. Such a thoughtful design.,5,2024-10-16 00:00:00 UTC,Benjamin Perez,bperez925@aol.com,,nestli-embrace-sling-carrier,,
The only carrier I recommend,Was skeptical after spending money on other carriers that hurt my back. This one is genuinely different. Wide padded strap makes all the difference.,5,2023-11-20 00:00:00 UTC,Edward Morris,edward@aol.com,,nestli-embrace-sling-carrier,,
Impressive quality for the price,"Great carrier, my daughter loves it. Took off one star because the instructions could be more detailed. Overall very happy with the purchase.",4,2024-03-24 00:00:00 UTC,Stella Gray,sgray@msn.com,,nestli-embrace-sling-carrier,,
Good for newborns,Love that I can nurse in this with a little practice. Took me a couple of weeks to get the hang of it but now it's seamless. High quality product.,4,2023-08-22 00:00:00 UTC,Samuel Ortiz,sortiz745@yahoo.com,,nestli-embrace-sling-carrier,,
"Love it, took a few tries",Really happy with the purchase. Slight learning curve but nothing that a YouTube tutorial didn't solve. Baby is calm and I'm hands-free.,4,2024-07-28 00:00:00 UTC,Tyler Torres,ttorres674@outlook.com,,nestli-embrace-sling-carrier,,
Best carrier I've ever owned,Brought this to a family reunion. Every aunt and uncle took a turn. Nobody could believe how easy it was to put on. Orders came in from 3 family members.,5,2024-12-24 00:00:00 UTC,Penelope Reed,reed.p579@aol.com,,nestli-embrace-sling-carrier,,
Finally sleeping again,"Been using this for 14 months. Not a single seam has come loose, not a single stitch has broken. This thing is built to last.",5,2023-08-13 00:00:00 UTC,Arianna Gutierrez,agutierrez58@hotmail.com,,nestli-embrace-sling-carrier,,
Perfection,Ordered this as a last resort after my velcro baby refused to be put down for 3 months. Should have ordered it on day 1. So easy to use and baby loves it.,5,2025-08-30 00:00:00 UTC,Gabriella Murphy,gabriellamurphy718@yahoo.com,,nestli-embrace-sling-carrier,,
Finally a carrier that actually works,My baby went from needing to be rocked for 45 minutes to falling asleep in this carrier in under 10 minutes. Life is different now.,5,2023-04-24 00:00:00 UTC,Benjamin Adams,badams919@gmail.com,,nestli-embrace-sling-carrier,,
10/10 no notes,Brought this to a family reunion. Every aunt and uncle took a turn. Nobody could believe how easy it was to put on. Orders came in from 3 family members.,5,2024-06-30 00:00:00 UTC,Taylor Edwards,tedwards@gmail.com,,nestli-embrace-sling-carrier,,
Recommend for most moms,"Good carrier, my baby seems happy in it. I wish it came in more colors for my wardrobe but functionally it works great. Would recommend.",4,2023-02-12 00:00:00 UTC,Brittany Campbell,brittany@msn.com,,nestli-embrace-sling-carrier,,
Life changing for new moms,My son has reflux and needs to stay upright after feeds. This carrier keeps him perfectly positioned and he's so much more comfortable.,5,2023-01-20 00:00:00 UTC,Caroline Flores,caroline_flores203@hotmail.com,,nestli-embrace-sling-carrier,,
Happy with my purchase,Love that I can nurse in this with a little practice. Took me a couple of weeks to get the hang of it but now it's seamless. High quality product.,4,2024-04-08 00:00:00 UTC,Tyler Morales,tmorales@icloud.com,,nestli-embrace-sling-carrier,,
Worth every single penny,"I've tried 3 different carriers before this one. Returned all of them. The Nestli goes on in seconds, I barely feel the weight, and my son falls asleep in it every single time.",5,2024-07-30 00:00:00 UTC,Audrey Harris,audrey@yahoo.com,,nestli-embrace-sling-carrier,,
Grocery store hero,The fabric is breathable enough that we used it all summer without baby overheating. Such a thoughtful design.,5,2025-02-03 00:00:00 UTC,Stella James,jamess493@outlook.com,,nestli-embrace-sling-carrier,,
Grocery store hero,My husband said carriers looked too complicated. I ordered this without telling him. He tried it once and now he uses it more than I do. He calls it his dad superpower.,5,2024-04-15 00:00:00 UTC,Elena Gomez,elena@live.com,,nestli-embrace-sling-carrier,,
Baby falls asleep in minutes,Bought this because a mom in my birth class had one. Now 6 women from that class have this carrier. We call ourselves the Nestli moms.,5,2025-08-26 00:00:00 UTC,Gregory Carter,gregory596@msn.com,,nestli-embrace-sling-carrier,,
My go-to carrier for everything,My son has reflux and needs to stay upright after feeds. This carrier keeps him perfectly positioned and he's so much more comfortable.,5,2023-06-03 00:00:00 UTC,Penelope Sanders,penelopesanders@live.com,,nestli-embrace-sling-carrier,,
Best carrier I've ever owned,I run a mom and baby yoga class. I recommend this carrier to every single student. Half of them come back and say it changed their life.,5,2024-06-01 00:00:00 UTC,Kimberly Ortiz,kimberlyortiz@hotmail.com,,nestli-embrace-sling-carrier,,
She stopped crying the second I put it on,Bought this as a gift for my sister's baby shower. She texted me a week later saying it's the only thing that calms her baby.,5,2024-11-13 00:00:00 UTC,Patrick Ramirez,ramirez_p729@yahoo.com,,nestli-embrace-sling-carrier,,
"Great carrier, wish it came with more colors",Really happy with the purchase. Slight learning curve but nothing that a YouTube tutorial didn't solve. Baby is calm and I'm hands-free.,4,2023-08-24 00:00:00 UTC,Eric Nguyen,ericnguyen@yahoo.com,,nestli-embrace-sling-carrier,,
Recommend for most moms,Really nice carrier. Well made and baby seems very comfortable. Just takes a little practice at first. Glad I bought it.,4,2023-09-29 00:00:00 UTC,Donald Williams,donald158@outlook.com,,nestli-embrace-sling-carrier,,
"Love it, took a few tries",Really nice carrier. Well made and baby seems very comfortable. Just takes a little practice at first. Glad I bought it.,4,2023-06-22 00:00:00 UTC,Kaylee Lewis,kayleelewis186@aol.com,,nestli-embrace-sling-carrier,,
Solid 4 stars from me,Really great carrier overall. Took me about 3 tries to get the fit right but once I figured it out I love it. Baby seems comfortable and I have both hands free.,4,2024-11-02 00:00:00 UTC,Lucy Johnson,ljohnson@yahoo.com,,nestli-embrace-sling-carrier,,
Amazing quality,My second baby is so much calmer than my first was — I think it's entirely because I used this carrier from day 1. Skin-to-skin while getting things done.,5,2023-07-20 00:00:00 UTC,Allison Miller,miller.a482@icloud.com,,nestli-embrace-sling-carrier,,
"Nice carrier, minor issue with strap",Works great for my petite frame. Had to watch a video to get the fit right but after that it's been perfect. Baby loves the closeness.,4,2023-03-11 00:00:00 UTC,Amber Allen,amberallen@outlook.com,,nestli-embrace-sling-carrier,,
Great for travel,I work from home and wear this during calls. Baby is calm and quiet and I look completely professional. Game changing for WFH moms.,5,2023-08-21 00:00:00 UTC,Layla Long,layla_long56@aol.com,,nestli-embrace-sling-carrier,,
Every mom needs this,"I've tried 3 different carriers before this one. Returned all of them. The Nestli goes on in seconds, I barely feel the weight, and my son falls asleep in it every single time.",5,2024-05-15 00:00:00 UTC,Aria Anderson,aanderson171@icloud.com,,nestli-embrace-sling-carrier,,
My baby only sleeps in this now,Both my husband and I use this with no readjusting. One carrier for both parents — such a smart design. Highly recommend.,5,2023-10-31 00:00:00 UTC,Scott Hughes,scott_hughes830@hotmail.com,,nestli-embrace-sling-carrier,,
Amazing quality,I was nervous about ring slings but the setup guide was so clear. Had it on correctly the first try. Baby was happy immediately.,5,2024-06-25 00:00:00 UTC,Ella Sullivan,sullivan.e@msn.com,,nestli-embrace-sling-carrier,,
Grocery store hero,Was skeptical after spending money on other carriers that hurt my back. This one is genuinely different. Wide padded strap makes all the difference.,5,2023-04-03 00:00:00 UTC,Allison Flores,allison@live.com,,nestli-embrace-sling-carrier,,
Solid carrier overall,Works great for my petite frame. Had to watch a video to get the fit right but after that it's been perfect. Baby loves the closeness.,4,2023-09-25 00:00:00 UTC,Michael Morales,moralesm235@live.com,,nestli-embrace-sling-carrier,,
Worth every single penny,My husband said carriers looked too complicated. I ordered this without telling him. He tried it once and now he uses it more than I do. He calls it his dad superpower.,5,2025-03-07 00:00:00 UTC,Brian Williams,williams.b@msn.com,,nestli-embrace-sling-carrier,,
Really great carrier,Great carrier and I use it daily. The only thing I'd change is the carry pouch — it's a bit small. But the carrier itself is 5 stars.,4,2023-05-10 00:00:00 UTC,Victoria Rodriguez,victoria_rodriguez213@gmail.com,,nestli-embrace-sling-carrier,,
So easy to use,"I've tried 3 different carriers before this one. Returned all of them. The Nestli goes on in seconds, I barely feel the weight, and my son falls asleep in it every single time.",5,2023-06-21 00:00:00 UTC,Bella King,bella@yahoo.com,,nestli-embrace-sling-carrier,,
"Easy to put on, baby loves it",We flew cross-country with our 7-month-old. This carrier fit in my purse and our baby slept through both flights. Worth ten times the price.,5,2024-02-20 00:00:00 UTC,Benjamin Bennett,benjamin@icloud.com,,nestli-embrace-sling-carrier,,
Good for newborns,Good quality product. Baby is content in it and I can actually get things done. Would give 5 stars but it took some practice to get the tightness right.,4,2023-02-05 00:00:00 UTC,Alexander Thomas,alexander@aol.com,,nestli-embrace-sling-carrier,,
My arms don't hurt anymore!,We flew cross-country with our 7-month-old. This carrier fit in my purse and our baby slept through both flights. Worth ten times the price.,5,2024-05-19 00:00:00 UTC,Piper Walker,piper@msn.com,,nestli-embrace-sling-carrier,,
Absolute game changer!,Was skeptical after spending money on other carriers that hurt my back. This one is genuinely different. Wide padded strap makes all the difference.,5,2024-01-05 00:00:00 UTC,Monica Mitchell,mitchell.m@hotmail.com,,nestli-embrace-sling-carrier,,
Exceeded all my expectations,Took this to Disney World. Walked 12 hours with a 15-month-old in this carrier. My back felt completely fine. My husband was jealous.,5,2023-11-06 00:00:00 UTC,Sarah Davis,sdavis@icloud.com,,nestli-embrace-sling-carrier,,
Good for newborns,Great carrier and I use it daily. The only thing I'd change is the carry pouch — it's a bit small. But the carrier itself is 5 stars.,4,2023-03-13 00:00:00 UTC,Abigail Rivera,rivera_a840@hotmail.com,,nestli-embrace-sling-carrier,,
Bought 2 — one for grandma too,I was nervous about ring slings but the setup guide was so clear. Had it on correctly the first try. Baby was happy immediately.,5,2024-09-21 00:00:00 UTC,Serenity Lee,serenity.lee@aol.com,,nestli-embrace-sling-carrier,,
Best carrier I've ever owned,My baby went from needing to be rocked for 45 minutes to falling asleep in this carrier in under 10 minutes. Life is different now.,5,2024-07-17 00:00:00 UTC,Willow Morris,morris.w679@yahoo.com,,nestli-embrace-sling-carrier,,
My baby only sleeps in this now,My second baby is so much calmer than my first was — I think it's entirely because I used this carrier from day 1. Skin-to-skin while getting things done.,5,2023-06-11 00:00:00 UTC,Megan Cook,megan@aol.com,,nestli-embrace-sling-carrier,,
Life changing for new moms,Brought this to a family reunion. Every aunt and uncle took a turn. Nobody could believe how easy it was to put on. Orders came in from 3 family members.,5,2025-02-26 00:00:00 UTC,Justin Ortiz,justin.ortiz886@icloud.com,,nestli-embrace-sling-carrier,,
My arms don't hurt anymore!,My postpartum anxiety was through the roof until I started babywearing. Having her close and being able to feel her breathing calmed both of us down.,5,2025-05-21 00:00:00 UTC,Megan Phillips,meganphillips469@icloud.com,,nestli-embrace-sling-carrier,,
Amazing quality,My daughter had colic for 6 weeks and nothing worked. Put her in this carrier and she was asleep in 4 minutes. I literally cried. This carrier saved my sanity.,5,2023-01-09 00:00:00 UTC,Elizabeth Rivera,rivera.e@gmail.com,,nestli-embrace-sling-carrier,,
"Nice carrier, minor issue with strap",Love that I can nurse in this with a little practice. Took me a couple of weeks to get the hang of it but now it's seamless. High quality product.,4,2024-05-24 00:00:00 UTC,Piper Morgan,piper142@icloud.com,,nestli-embrace-sling-carrier,,
Airport essential,Brought this to a family reunion. Every aunt and uncle took a turn. Nobody could believe how easy it was to put on. Orders came in from 3 family members.,5,2024-11-08 00:00:00 UTC,Lauren Wilson,lauren610@yahoo.com,,nestli-embrace-sling-carrier,,
My sanity saver,The fabric is breathable enough that we used it all summer without baby overheating. Such a thoughtful design.,5,2023-09-27 00:00:00 UTC,William Morris,wmorris904@yahoo.com,,nestli-embrace-sling-carrier,,
Can't imagine parenting without this,Took this to Disney World. Walked 12 hours with a 15-month-old in this carrier. My back felt completely fine. My husband was jealous.,5,2023-09-24 00:00:00 UTC,Amanda Stewart,stewart.a210@hotmail.com,,nestli-embrace-sling-carrier,,
My husband uses it more than me,"My toddler is 2.5 years old and we still use this at the farmers market. She gets tired, I pop her in, she's calm. Best investment of new parenthood.",5,2023-11-19 00:00:00 UTC,Ruby Howard,ruby39@live.com,,nestli-embrace-sling-carrier,,
Great for travel,"My toddler is 2.5 years old and we still use this at the farmers market. She gets tired, I pop her in, she's calm. Best investment of new parenthood.",5,2024-04-21 00:00:00 UTC,Kenneth Cox,coxk@hotmail.com,,nestli-embrace-sling-carrier,,
Worth every single penny,"My toddler is 2.5 years old and we still use this at the farmers market. She gets tired, I pop her in, she's calm. Best investment of new parenthood.",5,2023-03-05 00:00:00 UTC,Brandon Ramirez,brandonramirez646@yahoo.com,,nestli-embrace-sling-carrier,,
Baby falls asleep in minutes,My son is 20 months and 26 pounds. I still carry him in this when he's tired on walks. Zero shoulder pain.,5,2023-03-15 00:00:00 UTC,Ellie Smith,ellie@outlook.com,,nestli-embrace-sling-carrier,,
My newborn loves it,My son has reflux and needs to stay upright after feeds. This carrier keeps him perfectly positioned and he's so much more comfortable.,5,2023-12-06 00:00:00 UTC,Emilia Roberts,eroberts@msn.com,,nestli-embrace-sling-carrier,,
Exceeded all my expectations,My son is 20 months and 26 pounds. I still carry him in this when he's tired on walks. Zero shoulder pain.,5,2024-01-13 00:00:00 UTC,Madelyn Perry,perrym716@yahoo.com,,nestli-embrace-sling-carrier,,
Impressive quality for the price,"Great carrier, my daughter loves it. Took off one star because the instructions could be more detailed. Overall very happy with the purchase.",4,2023-02-22 00:00:00 UTC,Eleanor Richardson,eleanor_richardson@aol.com,,nestli-embrace-sling-carrier,,
Cried happy tears when I tried it,Was skeptical after spending money on other carriers that hurt my back. This one is genuinely different. Wide padded strap makes all the difference.,5,2024-01-25 00:00:00 UTC,John Wood,wood.j183@gmail.com,,nestli-embrace-sling-carrier,,
Hands free finally!!!,Took this to Disney World. Walked 12 hours with a 15-month-old in this carrier. My back felt completely fine. My husband was jealous.,5,2024-05-01 00:00:00 UTC,Robert Mitchell,robert_mitchell179@icloud.com,,nestli-embrace-sling-carrier,,
This saved my postpartum,The fabric is breathable enough that we used it all summer without baby overheating. Such a thoughtful design.,5,2024-04-28 00:00:00 UTC,Amber Parker,amber35@yahoo.com,,nestli-embrace-sling-carrier,,
Absolute game changer!,My son has reflux and needs to stay upright after feeds. This carrier keeps him perfectly positioned and he's so much more comfortable.,5,2023-11-18 00:00:00 UTC,Naomi Roberts,naomi@msn.com,,nestli-embrace-sling-carrier,,
"Fits perfectly, baby loves it",My postpartum anxiety was through the roof until I started babywearing. Having her close and being able to feel her breathing calmed both of us down.,5,2024-12-06 00:00:00 UTC,Alice Jackson,ajackson@yahoo.com,,nestli-embrace-sling-carrier,,
Wish I had this with my first,"The quality is incredible. Stitching is perfect, fabric is so soft against baby skin. Washed it 40+ times and it still looks brand new.",5,2023-11-18 00:00:00 UTC,Jason Edwards,jason@aol.com,,nestli-embrace-sling-carrier,,
4 stars — great product,Really nice carrier. Well made and baby seems very comfortable. Just takes a little practice at first. Glad I bought it.,4,2023-03-31 00:00:00 UTC,Stephen Baker,stephen@aol.com,,nestli-embrace-sling-carrier,,
Bought for a friend too,Ordered this as a last resort after my velcro baby refused to be put down for 3 months. Should have ordered it on day 1. So easy to use and baby loves it.,5,2025-04-22 00:00:00 UTC,Arianna Sanders,asanders821@outlook.com,,nestli-embrace-sling-carrier,,
"Goodbye stroller, hello Nestli","I've tried 3 different carriers before this one. Returned all of them. The Nestli goes on in seconds, I barely feel the weight, and my son falls asleep in it every single time.",5,2024-03-30 00:00:00 UTC,Aria Green,green.a692@hotmail.com,,nestli-embrace-sling-carrier,,
Really like this carrier,"Love the quality of this carrier. Only reason it's 4 stars is the learning curve — it took me a week to feel confident putting it on. After that, totally smooth.",4,2024-02-14 00:00:00 UTC,Samuel Long,slong@hotmail.com,,nestli-embrace-sling-carrier,,
Can't imagine parenting without this,My postpartum anxiety was through the roof until I started babywearing. Having her close and being able to feel her breathing calmed both of us down.,5,2024-02-29 00:00:00 UTC,Nora Hernandez,nora_hernandez@icloud.com,,nestli-embrace-sling-carrier,,
Wish I had this with my first,"My toddler is 2.5 years old and we still use this at the farmers market. She gets tired, I pop her in, she's calm. Best investment of new parenthood.",5,2023-02-22 00:00:00 UTC,Matthew Carter,carterm60@msn.com,,nestli-embrace-sling-carrier,,
Good but takes practice,Good quality product. Baby is content in it and I can actually get things done. Would give 5 stars but it took some practice to get the tightness right.,4,2025-01-04 00:00:00 UTC,Leah Ortiz,lortiz775@outlook.com,,nestli-embrace-sling-carrier,,
Wish I had this with my first,Ordered this as a last resort after my velcro baby refused to be put down for 3 months. Should have ordered it on day 1. So easy to use and baby loves it.,5,2023-01-19 00:00:00 UTC,John Collins,collins_j971@aol.com,,nestli-embrace-sling-carrier,,
This is THE one,Bought this because a mom in my birth class had one. Now 6 women from that class have this carrier. We call ourselves the Nestli moms.,5,2023-12-14 00:00:00 UTC,Grace Bailey,grace.bailey@aol.com,,nestli-embrace-sling-carrier,,
Recommend for most moms,Really great carrier overall. Took me about 3 tries to get the fit right but once I figured it out I love it. Baby seems comfortable and I have both hands free.,4,2023-08-17 00:00:00 UTC,Madelyn Richardson,mrichardson@yahoo.com,,nestli-embrace-sling-carrier,,
Perfection,Bought this as a gift for my sister's baby shower. She texted me a week later saying it's the only thing that calms her baby.,5,2024-09-04 00:00:00 UTC,Luna Walker,luna@icloud.com,,nestli-embrace-sling-carrier,,
Cooking with baby — done!,The fabric is breathable enough that we used it all summer without baby overheating. Such a thoughtful design.,5,2024-06-24 00:00:00 UTC,Victoria Foster,vfoster125@msn.com,,nestli-embrace-sling-carrier,,
Genuinely life changing,Went to the grocery store with both hands free for the first time in 4 months. I actually teared up in the cereal aisle. This carrier is everything.,5,2023-10-11 00:00:00 UTC,Tyler Mitchell,tmitchell165@msn.com,,nestli-embrace-sling-carrier,,
"Returned 3 carriers, kept this one",My husband said carriers looked too complicated. I ordered this without telling him. He tried it once and now he uses it more than I do. He calls it his dad superpower.,5,2023-12-22 00:00:00 UTC,Michael Lewis,michaellewis@live.com,,nestli-embrace-sling-carrier,,
Obsessed with this thing,My baby went from needing to be rocked for 45 minutes to falling asleep in this carrier in under 10 minutes. Life is different now.,5,2023-12-19 00:00:00 UTC,Steven Thomas,thomass@outlook.com,,nestli-embrace-sling-carrier,,
"Good carrier, slight adjustment needed",Really great carrier overall. Took me about 3 tries to get the fit right but once I figured it out I love it. Baby seems comfortable and I have both hands free.,4,2023-01-03 00:00:00 UTC,Ronald Watson,rwatson324@icloud.com,,nestli-embrace-sling-carrier,,
Obsessed with this thing,Was skeptical after spending money on other carriers that hurt my back. This one is genuinely different. Wide padded strap makes all the difference.,5,2023-06-17 00:00:00 UTC,James Nguyen,nguyen_j@icloud.com,,nestli-embrace-sling-carrier,,
Bought 2 — one for grandma too,My son is 20 months and 26 pounds. I still carry him in this when he's tired on walks. Zero shoulder pain.,5,2025-08-27 00:00:00 UTC,Lillian Hernandez,lhernandez60@icloud.com,,nestli-embrace-sling-carrier,,
"Fits perfectly, baby loves it",Was skeptical after spending money on other carriers that hurt my back. This one is genuinely different. Wide padded strap makes all the difference.,5,2024-05-06 00:00:00 UTC,Scott Johnson,johnson.s@live.com,,nestli-embrace-sling-carrier,,
Airport essential,My son has reflux and needs to stay upright after feeds. This carrier keeps him perfectly positioned and he's so much more comfortable.,5,2024-02-27 00:00:00 UTC,Raymond Nguyen,raymond988@yahoo.com,,nestli-embrace-sling-carrier,,
Love it with minor learning curve,Works well and baby loves it. The ring is a bit stiff at first so adjusting takes some force until it breaks in. After a week it was perfect.,4,2024-11-27 00:00:00 UTC,Lillian Gutierrez,lillian747@gmail.com,,nestli-embrace-sling-carrier,,
My pediatrician approved it,Baby wouldn't sleep unless I was holding her. Tried this carrier out of desperation at 3am and she passed out within minutes. I've been wearing it every day since.,5,2023-03-22 00:00:00 UTC,Riley Kelly,riley@hotmail.com,,nestli-embrace-sling-carrier,,
Cooking with baby — done!,My son is 20 months and 26 pounds. I still carry him in this when he's tired on walks. Zero shoulder pain.,5,2025-01-05 00:00:00 UTC,Ryan Hughes,ryan.hughes637@outlook.com,,nestli-embrace-sling-carrier,,
Almost perfect,Solid product. The strap is wide and comfortable. I gave 4 stars because I wish the setup instructions were a bit clearer with pictures. But the carrier itself is great.,4,2025-10-08 00:00:00 UTC,Ruby Mitchell,mitchell.r@hotmail.com,,nestli-embrace-sling-carrier,,
My go-to carrier for everything,"My toddler is 2.5 years old and we still use this at the farmers market. She gets tired, I pop her in, she's calm. Best investment of new parenthood.",5,2023-12-22 00:00:00 UTC,Aaliyah Young,aaliyah@msn.com,,nestli-embrace-sling-carrier,,
Happy with my purchase,Really happy with the purchase. Slight learning curve but nothing that a YouTube tutorial didn't solve. Baby is calm and I'm hands-free.,4,2023-09-11 00:00:00 UTC,Anna Hughes,ahughes598@outlook.com,,nestli-embrace-sling-carrier,,
Worth every single penny,"Been using this for 14 months. Not a single seam has come loose, not a single stitch has broken. This thing is built to last.",5,2023-03-22 00:00:00 UTC,Gabriella Sanders,gabriella_sanders595@live.com,,nestli-embrace-sling-carrier,,
Would recommend with small caveat,Comfortable for long carries. Gave 4 stars because the color I received looked slightly different from the website photo. Still looks nice though.,4,2023-08-30 00:00:00 UTC,Jose Cook,cook.j341@gmail.com,,nestli-embrace-sling-carrier,,
4 stars — great product,"Love the quality of this carrier. Only reason it's 4 stars is the learning curve — it took me a week to feel confident putting it on. After that, totally smooth.",4,2024-07-15 00:00:00 UTC,Amber Nelson,anelson@icloud.com,,nestli-embrace-sling-carrier,,
Perfect for our lifestyle,Bought this as a gift for my sister's baby shower. She texted me a week later saying it's the only thing that calms her baby.,5,2023-04-10 00:00:00 UTC,Paul Rivera,paul_rivera@yahoo.com,,nestli-embrace-sling-carrier,,
Happy with my purchase,Love that I can nurse in this with a little practice. Took me a couple of weeks to get the hang of it but now it's seamless. High quality product.,4,2023-08-07 00:00:00 UTC,Joshua Kelly,jkelly@gmail.com,,nestli-embrace-sling-carrier,,
Life changing for new moms,I was nervous about ring slings but the setup guide was so clear. Had it on correctly the first try. Baby was happy immediately.,5,2023-08-09 00:00:00 UTC,Aaliyah Rogers,aaliyahrogers@yahoo.com,,nestli-embrace-sling-carrier,,
Exceeded all my expectations,I run a mom and baby yoga class. I recommend this carrier to every single student. Half of them come back and say it changed their life.,5,2023-11-12 00:00:00 UTC,Larry Peterson,peterson.l@icloud.com,,nestli-embrace-sling-carrier,,
Love it with minor learning curve,Solid product. The strap is wide and comfortable. I gave 4 stars because I wish the setup instructions were a bit clearer with pictures. But the carrier itself is great.,4,2023-02-21 00:00:00 UTC,Claire Evans,evans_c302@live.com,,nestli-embrace-sling-carrier,,
Every mom needs this,I was nervous about ring slings but the setup guide was so clear. Had it on correctly the first try. Baby was happy immediately.,5,2024-02-13 00:00:00 UTC,Kayla Kelly,kelly_k@yahoo.com,,nestli-embrace-sling-carrier,,
Should have bought this from day one,Went to the grocery store with both hands free for the first time in 4 months. I actually teared up in the cereal aisle. This carrier is everything.,5,2023-10-10 00:00:00 UTC,Jonathan Flores,jflores@live.com,,nestli-embrace-sling-carrier,,
Every mom needs this,My baby went from needing to be rocked for 45 minutes to falling asleep in this carrier in under 10 minutes. Life is different now.,5,2023-03-16 00:00:00 UTC,Ariana James,jamesa410@msn.com,,nestli-embrace-sling-carrier,,
Finally a carrier that actually works,My baby went from needing to be rocked for 45 minutes to falling asleep in this carrier in under 10 minutes. Life is different now.,5,2024-04-26 00:00:00 UTC,Savannah Martinez,martinez.s@msn.com,,nestli-embrace-sling-carrier,,
Dad approved!,Took this to Disney World. Walked 12 hours with a 15-month-old in this carrier. My back felt completely fine. My husband was jealous.,5,2023-11-24 00:00:00 UTC,Vanessa Gomez,vanessa973@msn.com,,nestli-embrace-sling-carrier,,
"Great carrier, wish it came with more colors",Really great carrier overall. Took me about 3 tries to get the fit right but once I figured it out I love it. Baby seems comfortable and I have both hands free.,4,2023-10-13 00:00:00 UTC,Anthony Adams,adamsa@hotmail.com,,nestli-embrace-sling-carrier,,
Can't imagine parenting without this,I run a mom and baby yoga class. I recommend this carrier to every single student. Half of them come back and say it changed their life.,5,2023-04-23 00:00:00 UTC,Vivian Morris,vivian373@aol.com,,nestli-embrace-sling-carrier,,
Obsessed with this thing,My husband said carriers looked too complicated. I ordered this without telling him. He tried it once and now he uses it more than I do. He calls it his dad superpower.,5,2023-12-19 00:00:00 UTC,Tyler Cook,tyler@yahoo.com,,nestli-embrace-sling-carrier,,
Absolute game changer!,Both my husband and I use this with no readjusting. One carrier for both parents — such a smart design. Highly recommend.,5,2023-12-27 00:00:00 UTC,Alice Nguyen,alice.nguyen@yahoo.com,,nestli-embrace-sling-carrier,,
Cooking with baby — done!,"The quality is incredible. Stitching is perfect, fabric is so soft against baby skin. Washed it 40+ times and it still looks brand new.",5,2023-03-26 00:00:00 UTC,Serenity Walker,walkers958@gmail.com,,nestli-embrace-sling-carrier,,
Should have bought this from day one,We flew cross-country with our 7-month-old. This carrier fit in my purse and our baby slept through both flights. Worth ten times the price.,5,2026-02-03 00:00:00 UTC,Nathan Sanchez,sanchez.n@yahoo.com,,nestli-embrace-sling-carrier,,
Should have bought this from day one,"I've tried 3 different carriers before this one. Returned all of them. The Nestli goes on in seconds, I barely feel the weight, and my son falls asleep in it every single time.",5,2023-07-24 00:00:00 UTC,Tyler Clark,clark_t@gmail.com,,nestli-embrace-sling-carrier,,
The only carrier I recommend,Brought this to a family reunion. Every aunt and uncle took a turn. Nobody could believe how easy it was to put on. Orders came in from 3 family members.,5,2023-08-13 00:00:00 UTC,Evelyn Morgan,evelynmorgan@icloud.com,,nestli-embrace-sling-carrier,,
"Good carrier, slight adjustment needed","Great carrier, my daughter loves it. Took off one star because the instructions could be more detailed. Overall very happy with the purchase.",4,2023-11-15 00:00:00 UTC,Brian Hill,brian_hill294@aol.com,,nestli-embrace-sling-carrier,,
My sanity saver,Took this to Disney World. Walked 12 hours with a 15-month-old in this carrier. My back felt completely fine. My husband was jealous.,5,2024-03-05 00:00:00 UTC,Amelia Green,amelia.green319@aol.com,,nestli-embrace-sling-carrier,,
Finally a carrier that actually works,Bought this because a mom in my birth class had one. Now 6 women from that class have this carrier. We call ourselves the Nestli moms.,5,2024-07-07 00:00:00 UTC,Eliana Campbell,ecampbell@yahoo.com,,nestli-embrace-sling-carrier,,
Great for travel,Ordered this as a last resort after my velcro baby refused to be put down for 3 months. Should have ordered it on day 1. So easy to use and baby loves it.,5,2023-04-12 00:00:00 UTC,Ronald Baker,ronaldbaker@icloud.com,,nestli-embrace-sling-carrier,,
10/10 no notes,Ordered this as a last resort after my velcro baby refused to be put down for 3 months. Should have ordered it on day 1. So easy to use and baby loves it.,5,2025-10-22 00:00:00 UTC,Stephen Martinez,smartinez822@icloud.com,,nestli-embrace-sling-carrier,,
Every mom needs this,I was nervous about ring slings but the setup guide was so clear. Had it on correctly the first try. Baby was happy immediately.,5,2024-03-05 00:00:00 UTC,Hazel Wilson,hazelwilson@outlook.com,,nestli-embrace-sling-carrier,,
Best baby gear purchase,Was skeptical after spending money on other carriers that hurt my back. This one is genuinely different. Wide padded strap makes all the difference.,5,2024-01-19 00:00:00 UTC,Gregory Butler,butler.g801@icloud.com,,nestli-embrace-sling-carrier,,
Impressive quality for the price,"Good carrier, my baby seems happy in it. I wish it came in more colors for my wardrobe but functionally it works great. Would recommend.",4,2024-01-13 00:00:00 UTC,Madeline Williams,mwilliams832@icloud.com,,nestli-embrace-sling-carrier,,
Best carrier I've ever owned,I run a mom and baby yoga class. I recommend this carrier to every single student. Half of them come back and say it changed their life.,5,2023-07-27 00:00:00 UTC,Robert Flores,rflores204@gmail.com,,nestli-embrace-sling-carrier,,
My go-to carrier for everything,"My toddler is 2.5 years old and we still use this at the farmers market. She gets tired, I pop her in, she's calm. Best investment of new parenthood.",5,2025-05-17 00:00:00 UTC,Vivian Hughes,hughesv920@live.com,,nestli-embrace-sling-carrier,,
Baby falls asleep in minutes,I was nervous about ring slings but the setup guide was so clear. Had it on correctly the first try. Baby was happy immediately.,5,2023-07-17 00:00:00 UTC,Jose Adams,jose.adams@msn.com,,nestli-embrace-sling-carrier,,
"Returned 3 carriers, kept this one",My second baby is so much calmer than my first was — I think it's entirely because I used this carrier from day 1. Skin-to-skin while getting things done.,5,2023-12-11 00:00:00 UTC,Sophia Nguyen,sophianguyen152@gmail.com,,nestli-embrace-sling-carrier,,
5 stars isn't enough,My husband said carriers looked too complicated. I ordered this without telling him. He tried it once and now he uses it more than I do. He calls it his dad superpower.,5,2023-05-19 00:00:00 UTC,Harper Harris,harper978@aol.com,,nestli-embrace-sling-carrier,,
Baby falls asleep in minutes,Was skeptical after spending money on other carriers that hurt my back. This one is genuinely different. Wide padded strap makes all the difference.,5,2023-04-07 00:00:00 UTC,Serenity Barnes,serenity@icloud.com,,nestli-embrace-sling-carrier,,
Perfect for our lifestyle,"Been using this for 14 months. Not a single seam has come loose, not a single stitch has broken. This thing is built to last.",5,2023-08-12 00:00:00 UTC,Emma Phillips,ephillips@outlook.com,,nestli-embrace-sling-carrier,,
My go-to carrier for everything,I run a mom and baby yoga class. I recommend this carrier to every single student. Half of them come back and say it changed their life.,5,2023-02-19 00:00:00 UTC,Scarlett Robinson,scarlett@outlook.com,,nestli-embrace-sling-carrier,,
Grocery store hero,I run a mom and baby yoga class. I recommend this carrier to every single student. Half of them come back and say it changed their life.,5,2023-09-14 00:00:00 UTC,Matthew Roberts,mroberts@aol.com,,nestli-embrace-sling-carrier,,
Happy with my purchase,Really nice carrier. Well made and baby seems very comfortable. Just takes a little practice at first. Glad I bought it.,4,2024-07-24 00:00:00 UTC,Claire Clark,claire.clark@gmail.com,,nestli-embrace-sling-carrier,,
Really great carrier,Really like this carrier. My husband found it slightly tricky to adjust at first but now he uses it on his own. Baby falls asleep in it often.,4,2023-05-10 00:00:00 UTC,Eleanor Ortiz,eleanorortiz@icloud.com,,nestli-embrace-sling-carrier,,
My arms don't hurt anymore!,Brought this to a family reunion. Every aunt and uncle took a turn. Nobody could believe how easy it was to put on. Orders came in from 3 family members.,5,2024-02-03 00:00:00 UTC,Aaliyah Hall,aaliyah321@icloud.com,,nestli-embrace-sling-carrier,,
The only carrier I recommend,Went to the grocery store with both hands free for the first time in 4 months. I actually teared up in the cereal aisle. This carrier is everything.,5,2023-05-29 00:00:00 UTC,Autumn Carter,carter.a@aol.com,,nestli-embrace-sling-carrier,,
The only carrier I recommend,My daughter had colic for 6 weeks and nothing worked. Put her in this carrier and she was asleep in 4 minutes. I literally cried. This carrier saved my sanity.,5,2023-10-15 00:00:00 UTC,Sadie Diaz,sadie@icloud.com,,nestli-embrace-sling-carrier,,
10/10 no notes,The fabric is breathable enough that we used it all summer without baby overheating. Such a thoughtful design.,5,2023-07-05 00:00:00 UTC,Anna Thompson,anna@hotmail.com,,nestli-embrace-sling-carrier,,
Cried happy tears when I tried it,I work from home and wear this during calls. Baby is calm and quiet and I look completely professional. Game changing for WFH moms.,5,2023-02-13 00:00:00 UTC,Megan White,megan@hotmail.com,,nestli-embrace-sling-carrier,,
So easy to use,Both my husband and I use this with no readjusting. One carrier for both parents — such a smart design. Highly recommend.,5,2024-07-18 00:00:00 UTC,Vanessa Gray,vanessa401@gmail.com,,nestli-embrace-sling-carrier,,
Carrier of the year,Bought this as a gift for my sister's baby shower. She texted me a week later saying it's the only thing that calms her baby.,5,2023-08-16 00:00:00 UTC,Alexa Gutierrez,alexa@live.com,,nestli-embrace-sling-carrier,,
Obsessed with this thing,I work from home and wear this during calls. Baby is calm and quiet and I look completely professional. Game changing for WFH moms.,5,2024-05-17 00:00:00 UTC,Zoey Martinez,zoey_martinez@hotmail.com,,nestli-embrace-sling-carrier,,
Every mom needs this,Took this to Disney World. Walked 12 hours with a 15-month-old in this carrier. My back felt completely fine. My husband was jealous.,5,2025-03-28 00:00:00 UTC,Nora Diaz,nora@yahoo.com,,nestli-embrace-sling-carrier,,
Good for newborns,Good quality product. Baby is content in it and I can actually get things done. Would give 5 stars but it took some practice to get the tightness right.,4,2023-11-01 00:00:00 UTC,Skylar Smith,skylar.smith223@msn.com,,nestli-embrace-sling-carrier,,
Bought for a friend too,Both my husband and I use this with no readjusting. One carrier for both parents — such a smart design. Highly recommend.,5,2024-08-23 00:00:00 UTC,Amelia Flores,aflores@icloud.com,,nestli-embrace-sling-carrier,,
"Returned 3 carriers, kept this one",Bought this as a gift for my sister's baby shower. She texted me a week later saying it's the only thing that calms her baby.,5,2024-01-31 00:00:00 UTC,Ellie Bennett,ellie_bennett165@icloud.com,,nestli-embrace-sling-carrier,,
Wish I had this with my first,Bought this as a gift for my sister's baby shower. She texted me a week later saying it's the only thing that calms her baby.,5,2024-02-14 00:00:00 UTC,Gregory Ward,gregoryward698@live.com,,nestli-embrace-sling-carrier,,
This saved my postpartum,I was nervous about ring slings but the setup guide was so clear. Had it on correctly the first try. Baby was happy immediately.,5,2024-12-03 00:00:00 UTC,Stephen Nguyen,stephen_nguyen@msn.com,,nestli-embrace-sling-carrier,,
Love it with minor learning curve,Comfortable for long carries. Gave 4 stars because the color I received looked slightly different from the website photo. Still looks nice though.,4,2024-05-27 00:00:00 UTC,Gianna Cook,gianna751@yahoo.com,,nestli-embrace-sling-carrier,,
"Nice carrier, minor issue with strap",Good quality product. Baby is content in it and I can actually get things done. Would give 5 stars but it took some practice to get the tightness right.,4,2024-06-05 00:00:00 UTC,Layla Perez,laylaperez837@live.com,,nestli-embrace-sling-carrier,,
"Fits perfectly, baby loves it",I run a mom and baby yoga class. I recommend this carrier to every single student. Half of them come back and say it changed their life.,5,2023-01-27 00:00:00 UTC,Camila Sanchez,camila.sanchez@icloud.com,,nestli-embrace-sling-carrier,,
Best purchase of 2024,Both my husband and I use this with no readjusting. One carrier for both parents — such a smart design. Highly recommend.,5,2023-12-26 00:00:00 UTC,Madison Phillips,madison305@live.com,,nestli-embrace-sling-carrier,,
"Love it, took a few tries","Good carrier, my baby seems happy in it. I wish it came in more colors for my wardrobe but functionally it works great. Would recommend.",4,2023-01-20 00:00:00 UTC,Taylor Hughes,taylor.hughes@icloud.com,,nestli-embrace-sling-carrier,,
Good but takes practice,Really nice carrier. Well made and baby seems very comfortable. Just takes a little practice at first. Glad I bought it.,4,2025-01-11 00:00:00 UTC,Camila James,camila@gmail.com,,nestli-embrace-sling-carrier,,
Best carrier I've ever owned,Both my husband and I use this with no readjusting. One carrier for both parents — such a smart design. Highly recommend.,5,2024-11-23 00:00:00 UTC,George Wright,georgewright@outlook.com,,nestli-embrace-sling-carrier,,
Best carrier I've ever owned,My postpartum anxiety was through the roof until I started babywearing. Having her close and being able to feel her breathing calmed both of us down.,5,2024-09-14 00:00:00 UTC,Layla Edwards,layla_edwards197@outlook.com,,nestli-embrace-sling-carrier,,
Can't imagine parenting without this,My daughter had colic for 6 weeks and nothing worked. Put her in this carrier and she was asleep in 4 minutes. I literally cried. This carrier saved my sanity.,5,2025-07-31 00:00:00 UTC,Aurora Williams,aurorawilliams510@aol.com,,nestli-embrace-sling-carrier,,
Every mom needs this,I was nervous about ring slings but the setup guide was so clear. Had it on correctly the first try. Baby was happy immediately.,5,2023-01-14 00:00:00 UTC,Vanessa Bailey,vanessa_bailey@gmail.com,,nestli-embrace-sling-carrier,,
My baby only sleeps in this now,I was nervous about ring slings but the setup guide was so clear. Had it on correctly the first try. Baby was happy immediately.,5,2023-03-14 00:00:00 UTC,Paisley Perez,pperez@icloud.com,,nestli-embrace-sling-carrier,,
My velcro baby is finally calm,"Been using this for 14 months. Not a single seam has come loose, not a single stitch has broken. This thing is built to last.",5,2023-01-28 00:00:00 UTC,Amelia Thompson,thompson_a@hotmail.com,,nestli-embrace-sling-carrier,,
"Goodbye stroller, hello Nestli","My toddler is 2.5 years old and we still use this at the farmers market. She gets tired, I pop her in, she's calm. Best investment of new parenthood.",5,2023-11-03 00:00:00 UTC,Gianna Jackson,gjackson325@msn.com,,nestli-embrace-sling-carrier,,
Good but takes practice,Works well and baby loves it. The ring is a bit stiff at first so adjusting takes some force until it breaks in. After a week it was perfect.,4,2024-10-24 00:00:00 UTC,Taylor Torres,torres_t@gmail.com,,nestli-embrace-sling-carrier,,
Wish I had this with my first,Took this to Disney World. Walked 12 hours with a 15-month-old in this carrier. My back felt completely fine. My husband was jealous.,5,2023-10-30 00:00:00 UTC,Ruby Ward,rward@aol.com,,nestli-embrace-sling-carrier,,
My newborn loves it,Ordered this as a last resort after my velcro baby refused to be put down for 3 months. Should have ordered it on day 1. So easy to use and baby loves it.,5,2024-05-22 00:00:00 UTC,Alexis Taylor,ataylor165@icloud.com,,nestli-embrace-sling-carrier,,
This is THE one,"The quality is incredible. Stitching is perfect, fabric is so soft against baby skin. Washed it 40+ times and it still looks brand new.",5,2024-01-02 00:00:00 UTC,Kayla Wood,kwood978@hotmail.com,,nestli-embrace-sling-carrier,,
Life changing for new moms,I was nervous about ring slings but the setup guide was so clear. Had it on correctly the first try. Baby was happy immediately.,5,2023-07-30 00:00:00 UTC,Larry Brown,larrybrown@msn.com,,nestli-embrace-sling-carrier,,
Good for newborns,Really happy with the purchase. Slight learning curve but nothing that a YouTube tutorial didn't solve. Baby is calm and I'm hands-free.,4,2023-11-29 00:00:00 UTC,Ava Wilson,ava.wilson@gmail.com,,nestli-embrace-sling-carrier,,
My pediatrician approved it,The fabric is breathable enough that we used it all summer without baby overheating. Such a thoughtful design.,5,2023-07-28 00:00:00 UTC,Jack Baker,jack_baker662@hotmail.com,,nestli-embrace-sling-carrier,,
"Good carrier, slight adjustment needed",Solid product. The strap is wide and comfortable. I gave 4 stars because I wish the setup instructions were a bit clearer with pictures. But the carrier itself is great.,4,2024-02-13 00:00:00 UTC,Ronald Brown,ronald@gmail.com,,nestli-embrace-sling-carrier,,
"Goodbye stroller, hello Nestli","The quality is incredible. Stitching is perfect, fabric is so soft against baby skin. Washed it 40+ times and it still looks brand new.",5,2024-08-25 00:00:00 UTC,Monica Long,mlong929@icloud.com,,nestli-embrace-sling-carrier,,
My velcro baby is finally calm,Was skeptical after spending money on other carriers that hurt my back. This one is genuinely different. Wide padded strap makes all the difference.,5,2023-05-09 00:00:00 UTC,Megan Wood,mwood@outlook.com,,nestli-embrace-sling-carrier,,
Finally sleeping again,My baby went from needing to be rocked for 45 minutes to falling asleep in this carrier in under 10 minutes. Life is different now.,5,2023-10-17 00:00:00 UTC,Diana Williams,williams.d381@aol.com,,nestli-embrace-sling-carrier,,
Best baby gear purchase,The fabric is breathable enough that we used it all summer without baby overheating. Such a thoughtful design.,5,2024-01-12 00:00:00 UTC,Chloe Peterson,chloe976@msn.com,,nestli-embrace-sling-carrier,,
Amazing quality,Was skeptical after spending money on other carriers that hurt my back. This one is genuinely different. Wide padded strap makes all the difference.,5,2024-11-14 00:00:00 UTC,Hazel Rivera,hrivera397@gmail.com,,nestli-embrace-sling-carrier,,
5 stars isn't enough,I run a mom and baby yoga class. I recommend this carrier to every single student. Half of them come back and say it changed their life.,5,2023-01-23 00:00:00 UTC,Caroline Peterson,cpeterson455@icloud.com,,nestli-embrace-sling-carrier,,
"Good quality, learning curve",Really great carrier overall. Took me about 3 tries to get the fit right but once I figured it out I love it. Baby seems comfortable and I have both hands free.,4,2024-02-21 00:00:00 UTC,Ariana Price,aprice@icloud.com,,nestli-embrace-sling-carrier,,
Absolute game changer!,Was skeptical after spending money on other carriers that hurt my back. This one is genuinely different. Wide padded strap makes all the difference.,5,2024-07-16 00:00:00 UTC,Mila Ortiz,mila.ortiz@gmail.com,,nestli-embrace-sling-carrier,,
My arms don't hurt anymore!,My baby went from needing to be rocked for 45 minutes to falling asleep in this carrier in under 10 minutes. Life is different now.,5,2023-10-29 00:00:00 UTC,Riley Cruz,riley@aol.com,,nestli-embrace-sling-carrier,,
"Good carrier, slight adjustment needed",Works well and baby loves it. The ring is a bit stiff at first so adjusting takes some force until it breaks in. After a week it was perfect.,4,2025-12-16 00:00:00 UTC,Mia Smith,smithm35@gmail.com,,nestli-embrace-sling-carrier,,
5 stars isn't enough,My baby went from needing to be rocked for 45 minutes to falling asleep in this carrier in under 10 minutes. Life is different now.,5,2023-07-28 00:00:00 UTC,Cora Wood,wood.c@icloud.com,,nestli-embrace-sling-carrier,,
Wish I had this with my first,Both my husband and I use this with no readjusting. One carrier for both parents — such a smart design. Highly recommend.,5,2024-03-10 00:00:00 UTC,Zoey Martin,martin_z647@outlook.com,,nestli-embrace-sling-carrier,,
Baby falls asleep in minutes,Bought this because a mom in my birth class had one. Now 6 women from that class have this carrier. We call ourselves the Nestli moms.,5,2023-12-12 00:00:00 UTC,Timothy Hughes,thughes@outlook.com,,nestli-embrace-sling-carrier,,
The only carrier I recommend,"The quality is incredible. Stitching is perfect, fabric is so soft against baby skin. Washed it 40+ times and it still looks brand new.",5,2025-03-07 00:00:00 UTC,Sophia Morales,smorales960@outlook.com,,nestli-embrace-sling-carrier,,
Would recommend with small caveat,"Good carrier, my baby seems happy in it. I wish it came in more colors for my wardrobe but functionally it works great. Would recommend.",4,2024-09-18 00:00:00 UTC,Lillian Smith,smith_l401@aol.com,,nestli-embrace-sling-carrier,,
Best baby gear purchase,Baby wouldn't sleep unless I was holding her. Tried this carrier out of desperation at 3am and she passed out within minutes. I've been wearing it every day since.,5,2023-04-14 00:00:00 UTC,Alice Nguyen,alice27@live.com,,nestli-embrace-sling-carrier,,
Genuinely life changing,Baby wouldn't sleep unless I was holding her. Tried this carrier out of desperation at 3am and she passed out within minutes. I've been wearing it every day since.,5,2024-01-02 00:00:00 UTC,Adeline Lopez,alopez@icloud.com,,nestli-embrace-sling-carrier,,
Bought for a friend too,Both my husband and I use this with no readjusting. One carrier for both parents — such a smart design. Highly recommend.,5,2025-04-04 00:00:00 UTC,Kevin Williams,kevin929@msn.com,,nestli-embrace-sling-carrier,,
Lightweight and perfect,My postpartum anxiety was through the roof until I started babywearing. Having her close and being able to feel her breathing calmed both of us down.,5,2024-06-25 00:00:00 UTC,George Russell,russell.g@live.com,,nestli-embrace-sling-carrier,,
My arms don't hurt anymore!,Bought this as a gift for my sister's baby shower. She texted me a week later saying it's the only thing that calms her baby.,5,2023-08-15 00:00:00 UTC,Victoria Martinez,martinezv@yahoo.com,,nestli-embrace-sling-carrier,,
Exceeded all my expectations,Went to the grocery store with both hands free for the first time in 4 months. I actually teared up in the cereal aisle. This carrier is everything.,5,2023-02-24 00:00:00 UTC,Justin Wilson,justin@icloud.com,,nestli-embrace-sling-carrier,,
Never taking this off,Bought this as a gift for my sister's baby shower. She texted me a week later saying it's the only thing that calms her baby.,5,2024-05-03 00:00:00 UTC,Evelyn Bailey,ebailey792@msn.com,,nestli-embrace-sling-carrier,,
Absolute game changer!,Took this to Disney World. Walked 12 hours with a 15-month-old in this carrier. My back felt completely fine. My husband was jealous.,5,2023-11-16 00:00:00 UTC,Anna Flores,anna182@icloud.com,,nestli-embrace-sling-carrier,,
Should have bought this from day one,I was nervous about ring slings but the setup guide was so clear. Had it on correctly the first try. Baby was happy immediately.,5,2023-06-20 00:00:00 UTC,Layla Murphy,lmurphy@aol.com,,nestli-embrace-sling-carrier,,
Hands free finally!!!,My daughter had colic for 6 weeks and nothing worked. Put her in this carrier and she was asleep in 4 minutes. I literally cried. This carrier saved my sanity.,5,2023-05-17 00:00:00 UTC,Daniel Myers,myers_d974@msn.com,,nestli-embrace-sling-carrier,,
My husband uses it more than me,Baby wouldn't sleep unless I was holding her. Tried this carrier out of desperation at 3am and she passed out within minutes. I've been wearing it every day since.,5,2023-05-29 00:00:00 UTC,Jasmine Cox,jasmine364@aol.com,,nestli-embrace-sling-carrier,,
Can't imagine parenting without this,Brought this to a family reunion. Every aunt and uncle took a turn. Nobody could believe how easy it was to put on. Orders came in from 3 family members.,5,2024-03-05 00:00:00 UTC,Dennis Rivera,dennis_rivera929@hotmail.com,,nestli-embrace-sling-carrier,,
Airport essential,Baby wouldn't sleep unless I was holding her. Tried this carrier out of desperation at 3am and she passed out within minutes. I've been wearing it every day since.,5,2025-01-25 00:00:00 UTC,Scott Ross,scott@aol.com,,nestli-embrace-sling-carrier,,
4 stars — great product,"Love the quality of this carrier. Only reason it's 4 stars is the learning curve — it took me a week to feel confident putting it on. After that, totally smooth.",4,2023-07-18 00:00:00 UTC,Brielle Perez,brielle_perez822@live.com,,nestli-embrace-sling-carrier,,
"Goodbye stroller, hello Nestli",My daughter had colic for 6 weeks and nothing worked. Put her in this carrier and she was asleep in 4 minutes. I literally cried. This carrier saved my sanity.,5,2024-10-18 00:00:00 UTC,Ronald King,ronald_king443@live.com,,nestli-embrace-sling-carrier,,
Solid 4 stars from me,"Great carrier, my daughter loves it. Took off one star because the instructions could be more detailed. Overall very happy with the purchase.",4,2026-04-10 00:00:00 UTC,Delilah Wilson,delilah_wilson565@msn.com,,nestli-embrace-sling-carrier,,
Solid carrier overall,Solid product. The strap is wide and comfortable. I gave 4 stars because I wish the setup instructions were a bit clearer with pictures. But the carrier itself is great.,4,2024-05-09 00:00:00 UTC,Kevin Collins,kevincollins@gmail.com,,nestli-embrace-sling-carrier,,
Best carrier I've ever owned,"I've tried 3 different carriers before this one. Returned all of them. The Nestli goes on in seconds, I barely feel the weight, and my son falls asleep in it every single time.",5,2023-08-03 00:00:00 UTC,Emilia Robinson,robinson.e@aol.com,,nestli-embrace-sling-carrier,,
Good but takes practice,"Good carrier, my baby seems happy in it. I wish it came in more colors for my wardrobe but functionally it works great. Would recommend.",4,2023-04-04 00:00:00 UTC,Mila Wood,woodm@yahoo.com,,nestli-embrace-sling-carrier,,
Best baby gear purchase,My postpartum anxiety was through the roof until I started babywearing. Having her close and being able to feel her breathing calmed both of us down.,5,2024-10-20 00:00:00 UTC,Mark Barnes,markbarnes@outlook.com,,nestli-embrace-sling-carrier,,
"Goodbye stroller, hello Nestli",Went to the grocery store with both hands free for the first time in 4 months. I actually teared up in the cereal aisle. This carrier is everything.,5,2024-05-28 00:00:00 UTC,Grace Nelson,gracenelson284@live.com,,nestli-embrace-sling-carrier,,
Life changing for new moms,My son is 20 months and 26 pounds. I still carry him in this when he's tired on walks. Zero shoulder pain.,5,2024-04-05 00:00:00 UTC,Paisley Gomez,pgomez67@hotmail.com,,nestli-embrace-sling-carrier,,
Happy with my purchase,Comfortable for long carries. Gave 4 stars because the color I received looked slightly different from the website photo. Still looks nice though.,4,2024-05-19 00:00:00 UTC,Alice Reed,areed187@msn.com,,nestli-embrace-sling-carrier,,
Wish I had this with my first,My son is 20 months and 26 pounds. I still carry him in this when he's tired on walks. Zero shoulder pain.,5,2023-12-27 00:00:00 UTC,Thomas Allen,thomas10@yahoo.com,,nestli-embrace-sling-carrier,,
Should have bought this from day one,I run a mom and baby yoga class. I recommend this carrier to every single student. Half of them come back and say it changed their life.,5,2024-04-05 00:00:00 UTC,David Price,david609@outlook.com,,nestli-embrace-sling-carrier,,
Exceeded all my expectations,My baby went from needing to be rocked for 45 minutes to falling asleep in this carrier in under 10 minutes. Life is different now.,5,2023-06-23 00:00:00 UTC,Benjamin Perry,benjamin@live.com,,nestli-embrace-sling-carrier,,
"Great quality, took time to adjust",Good quality product. Baby is content in it and I can actually get things done. Would give 5 stars but it took some practice to get the tightness right.,4,2024-03-13 00:00:00 UTC,Ryan Carter,rcarter@outlook.com,,nestli-embrace-sling-carrier,,
Impressive quality for the price,Love that I can nurse in this with a little practice. Took me a couple of weeks to get the hang of it but now it's seamless. High quality product.,4,2024-02-24 00:00:00 UTC,Nevaeh Reyes,nevaeh_reyes115@hotmail.com,,nestli-embrace-sling-carrier,,
Perfection,Brought this to a family reunion. Every aunt and uncle took a turn. Nobody could believe how easy it was to put on. Orders came in from 3 family members.,5,2024-04-29 00:00:00 UTC,Sarah Flores,sarah.flores825@live.com,,nestli-embrace-sling-carrier,,
Finally sleeping again,"The quality is incredible. Stitching is perfect, fabric is so soft against baby skin. Washed it 40+ times and it still looks brand new.",5,2025-06-12 00:00:00 UTC,Jasmine Walker,jasminewalker@outlook.com,,nestli-embrace-sling-carrier,,
My velcro baby is finally calm,Bought this as a gift for my sister's baby shower. She texted me a week later saying it's the only thing that calms her baby.,5,2024-04-28 00:00:00 UTC,Sofia Davis,sdavis280@aol.com,,nestli-embrace-sling-carrier,,
My newborn loves it,My son is 20 months and 26 pounds. I still carry him in this when he's tired on walks. Zero shoulder pain.,5,2023-12-19 00:00:00 UTC,Sarah Hernandez,shernandez703@gmail.com,,nestli-embrace-sling-carrier,,
Happy with my purchase,Really happy with the purchase. Slight learning curve but nothing that a YouTube tutorial didn't solve. Baby is calm and I'm hands-free.,4,2024-11-22 00:00:00 UTC,Amber Turner,turner.a954@icloud.com,,nestli-embrace-sling-carrier,,
Bought 2 — one for grandma too,Took this to Disney World. Walked 12 hours with a 15-month-old in this carrier. My back felt completely fine. My husband was jealous.,5,2023-09-06 00:00:00 UTC,Charlotte Jones,cjones@gmail.com,,nestli-embrace-sling-carrier,,
My baby only sleeps in this now,My second baby is so much calmer than my first was — I think it's entirely because I used this carrier from day 1. Skin-to-skin while getting things done.,5,2025-05-20 00:00:00 UTC,Gary Evans,evans.g652@outlook.com,,nestli-embrace-sling-carrier,,
Never taking this off,"I've tried 3 different carriers before this one. Returned all of them. The Nestli goes on in seconds, I barely feel the weight, and my son falls asleep in it every single time.",5,2023-12-09 00:00:00 UTC,Adam Roberts,adam204@yahoo.com,,nestli-embrace-sling-carrier,,
Grocery store hero,My baby went from needing to be rocked for 45 minutes to falling asleep in this carrier in under 10 minutes. Life is different now.,5,2025-05-30 00:00:00 UTC,Delilah Sanchez,dsanchez860@aol.com,,nestli-embrace-sling-carrier,,
Love it with minor learning curve,Good quality product. Baby is content in it and I can actually get things done. Would give 5 stars but it took some practice to get the tightness right.,4,2023-02-22 00:00:00 UTC,Anna Wright,wrighta484@outlook.com,,nestli-embrace-sling-carrier,,
Grocery store hero,Bought this because a mom in my birth class had one. Now 6 women from that class have this carrier. We call ourselves the Nestli moms.,5,2026-02-01 00:00:00 UTC,Monica Price,price.m@yahoo.com,,nestli-embrace-sling-carrier,,
"Goodbye stroller, hello Nestli",We flew cross-country with our 7-month-old. This carrier fit in my purse and our baby slept through both flights. Worth ten times the price.,5,2023-04-15 00:00:00 UTC,Stella Williams,stella.williams@icloud.com,,nestli-embrace-sling-carrier,,
My newborn loves it,"I've tried 3 different carriers before this one. Returned all of them. The Nestli goes on in seconds, I barely feel the weight, and my son falls asleep in it every single time.",5,2023-03-25 00:00:00 UTC,Gabriella Reyes,gabriella734@live.com,,nestli-embrace-sling-carrier,,
Bought for a friend too,Was skeptical after spending money on other carriers that hurt my back. This one is genuinely different. Wide padded strap makes all the difference.,5,2024-10-06 00:00:00 UTC,Jack Barnes,jackbarnes@icloud.com,,nestli-embrace-sling-carrier,,
The only carrier I recommend,"Been using this for 14 months. Not a single seam has come loose, not a single stitch has broken. This thing is built to last.",5,2023-01-13 00:00:00 UTC,Savannah Brooks,savannah.brooks460@aol.com,,nestli-embrace-sling-carrier,,
Worth every single penny,My son has reflux and needs to stay upright after feeds. This carrier keeps him perfectly positioned and he's so much more comfortable.,5,2023-01-16 00:00:00 UTC,Gabriella Walker,gwalker@msn.com,,nestli-embrace-sling-carrier,,
"Great quality, took time to adjust",Really nice carrier. Well made and baby seems very comfortable. Just takes a little practice at first. Glad I bought it.,4,2023-05-12 00:00:00 UTC,Jason Perez,perezj@gmail.com,,nestli-embrace-sling-carrier,,
Really great carrier,"Good carrier, my baby seems happy in it. I wish it came in more colors for my wardrobe but functionally it works great. Would recommend.",4,2023-07-07 00:00:00 UTC,David Wood,davidwood709@yahoo.com,,nestli-embrace-sling-carrier,,
So easy to use,"My toddler is 2.5 years old and we still use this at the farmers market. She gets tired, I pop her in, she's calm. Best investment of new parenthood.",5,2023-08-01 00:00:00 UTC,Joseph Martin,jmartin@aol.com,,nestli-embrace-sling-carrier,,
This saved my postpartum,My daughter had colic for 6 weeks and nothing worked. Put her in this carrier and she was asleep in 4 minutes. I literally cried. This carrier saved my sanity.,5,2024-08-02 00:00:00 UTC,Paisley Powell,powell.p@live.com,,nestli-embrace-sling-carrier,,
Great for travel,Bought this because a mom in my birth class had one. Now 6 women from that class have this carrier. We call ourselves the Nestli moms.,5,2023-05-11 00:00:00 UTC,Robert Bell,robert.bell660@outlook.com,,nestli-embrace-sling-carrier,,
Lightweight and perfect,I work from home and wear this during calls. Baby is calm and quiet and I look completely professional. Game changing for WFH moms.,5,2024-02-19 00:00:00 UTC,William Hernandez,william@aol.com,,nestli-embrace-sling-carrier,,
Life changing for new moms,"My toddler is 2.5 years old and we still use this at the farmers market. She gets tired, I pop her in, she's calm. Best investment of new parenthood.",5,2024-10-29 00:00:00 UTC,Jacob Smith,smithj882@icloud.com,,nestli-embrace-sling-carrier,,
"Easy to put on, baby loves it",The fabric is breathable enough that we used it all summer without baby overheating. Such a thoughtful design.,5,2023-03-13 00:00:00 UTC,Eleanor Garcia,eleanor@outlook.com,,nestli-embrace-sling-carrier,,
"Love it, took a few tries",Really like this carrier. My husband found it slightly tricky to adjust at first but now he uses it on his own. Baby falls asleep in it often.,4,2024-05-11 00:00:00 UTC,Raymond Mitchell,raymondmitchell@msn.com,,nestli-embrace-sling-carrier,,
Every mom needs this,My husband said carriers looked too complicated. I ordered this without telling him. He tried it once and now he uses it more than I do. He calls it his dad superpower.,5,2023-08-18 00:00:00 UTC,Jason Murphy,jason276@hotmail.com,,nestli-embrace-sling-carrier,,
5 stars isn't enough,I work from home and wear this during calls. Baby is calm and quiet and I look completely professional. Game changing for WFH moms.,5,2024-08-19 00:00:00 UTC,Alexa Miller,millera616@hotmail.com,,nestli-embrace-sling-carrier,,
Obsessed with this thing,"I've tried 3 different carriers before this one. Returned all of them. The Nestli goes on in seconds, I barely feel the weight, and my son falls asleep in it every single time.",5,2024-06-19 00:00:00 UTC,Jennifer Martin,jennifer764@msn.com,,nestli-embrace-sling-carrier,,
"Returned 3 carriers, kept this one",Was skeptical after spending money on other carriers that hurt my back. This one is genuinely different. Wide padded strap makes all the difference.,5,2023-06-07 00:00:00 UTC,Madelyn Brown,madelyn.brown139@msn.com,,nestli-embrace-sling-carrier,,
Grocery store hero,"Been using this for 14 months. Not a single seam has come loose, not a single stitch has broken. This thing is built to last.",5,2024-07-25 00:00:00 UTC,Leah Powell,leah969@msn.com,,nestli-embrace-sling-carrier,,
Really like this carrier,Good quality product. Baby is content in it and I can actually get things done. Would give 5 stars but it took some practice to get the tightness right.,4,2024-02-27 00:00:00 UTC,Monica Smith,msmith705@yahoo.com,,nestli-embrace-sling-carrier,,
Should have bought this from day one,I run a mom and baby yoga class. I recommend this carrier to every single student. Half of them come back and say it changed their life.,5,2023-08-31 00:00:00 UTC,Joshua Perez,joshua@icloud.com,,nestli-embrace-sling-carrier,,
5 stars isn't enough,Ordered this as a last resort after my velcro baby refused to be put down for 3 months. Should have ordered it on day 1. So easy to use and baby loves it.,5,2025-05-08 00:00:00 UTC,Lauren Jenkins,ljenkins@msn.com,,nestli-embrace-sling-carrier,,
Lightweight and perfect,My second baby is so much calmer than my first was — I think it's entirely because I used this carrier from day 1. Skin-to-skin while getting things done.,5,2024-07-17 00:00:00 UTC,Ashley Clark,aclark@yahoo.com,,nestli-embrace-sling-carrier,,
"Returned 3 carriers, kept this one",Baby wouldn't sleep unless I was holding her. Tried this carrier out of desperation at 3am and she passed out within minutes. I've been wearing it every day since.,5,2024-05-28 00:00:00 UTC,Samantha Robinson,srobinson956@icloud.com,,nestli-embrace-sling-carrier,,
Exceeded all my expectations,My daughter had colic for 6 weeks and nothing worked. Put her in this carrier and she was asleep in 4 minutes. I literally cried. This carrier saved my sanity.,5,2023-02-08 00:00:00 UTC,Patrick Flores,flores_p@live.com,,nestli-embrace-sling-carrier,,
Wish I had this with my first,Both my husband and I use this with no readjusting. One carrier for both parents — such a smart design. Highly recommend.,5,2023-08-14 00:00:00 UTC,Daniel Diaz,danieldiaz808@yahoo.com,,nestli-embrace-sling-carrier,,
Good for newborns,Really great carrier overall. Took me about 3 tries to get the fit right but once I figured it out I love it. Baby seems comfortable and I have both hands free.,4,2023-05-09 00:00:00 UTC,Justin Collins,justin_collins49@icloud.com,,nestli-embrace-sling-carrier,,
Carrier of the year,Took this to Disney World. Walked 12 hours with a 15-month-old in this carrier. My back felt completely fine. My husband was jealous.,5,2023-10-13 00:00:00 UTC,Daniel Lee,leed116@outlook.com,,nestli-embrace-sling-carrier,,
Worth every single penny,I run a mom and baby yoga class. I recommend this carrier to every single student. Half of them come back and say it changed their life.,5,2023-02-05 00:00:00 UTC,Vanessa Clark,vclark573@outlook.com,,nestli-embrace-sling-carrier,,
Lightweight and perfect,My postpartum anxiety was through the roof until I started babywearing. Having her close and being able to feel her breathing calmed both of us down.,5,2025-01-29 00:00:00 UTC,Adam Hall,adam_hall@msn.com,,nestli-embrace-sling-carrier,,
Should have bought this from day one,Took this to Disney World. Walked 12 hours with a 15-month-old in this carrier. My back felt completely fine. My husband was jealous.,5,2023-05-05 00:00:00 UTC,Robert Hernandez,robert.hernandez@outlook.com,,nestli-embrace-sling-carrier,,
"Good carrier, slight adjustment needed",Really nice carrier. Well made and baby seems very comfortable. Just takes a little practice at first. Glad I bought it.,4,2023-12-07 00:00:00 UTC,Caroline Phillips,caroline864@gmail.com,,nestli-embrace-sling-carrier,,
My newborn loves it,"I've tried 3 different carriers before this one. Returned all of them. The Nestli goes on in seconds, I barely feel the weight, and my son falls asleep in it every single time.",5,2024-08-10 00:00:00 UTC,Genesis Thompson,genesis@hotmail.com,,nestli-embrace-sling-carrier,,
My arms don't hurt anymore!,Bought this because a mom in my birth class had one. Now 6 women from that class have this carrier. We call ourselves the Nestli moms.,5,2024-04-22 00:00:00 UTC,Lydia Thompson,lydia.thompson@gmail.com,,nestli-embrace-sling-carrier,,
Cooking with baby — done!,"Been using this for 14 months. Not a single seam has come loose, not a single stitch has broken. This thing is built to last.",5,2023-01-24 00:00:00 UTC,Valentina Robinson,robinsonv979@aol.com,,nestli-embrace-sling-carrier,,
"Fits perfectly, baby loves it",Both my husband and I use this with no readjusting. One carrier for both parents — such a smart design. Highly recommend.,5,2023-01-01 00:00:00 UTC,Serenity Gray,serenity.gray@hotmail.com,,nestli-embrace-sling-carrier,,
Carrier of the year,Baby wouldn't sleep unless I was holding her. Tried this carrier out of desperation at 3am and she passed out within minutes. I've been wearing it every day since.,5,2023-10-22 00:00:00 UTC,Charles Rivera,charles_rivera693@live.com,,nestli-embrace-sling-carrier,,
Baby falls asleep in minutes,My postpartum anxiety was through the roof until I started babywearing. Having her close and being able to feel her breathing calmed both of us down.,5,2025-04-03 00:00:00 UTC,Adam Morris,adam81@hotmail.com,,nestli-embrace-sling-carrier,,
"Easy to put on, baby loves it",Bought this because a mom in my birth class had one. Now 6 women from that class have this carrier. We call ourselves the Nestli moms.,5,2024-02-02 00:00:00 UTC,Ashley Nelson,ashley.nelson135@hotmail.com,,nestli-embrace-sling-carrier,,
4 stars — great product,Comfortable for long carries. Gave 4 stars because the color I received looked slightly different from the website photo. Still looks nice though.,4,2024-08-10 00:00:00 UTC,Hazel Bell,hazel.bell212@gmail.com,,nestli-embrace-sling-carrier,,
Amazing quality,Both my husband and I use this with no readjusting. One carrier for both parents — such a smart design. Highly recommend.,5,2025-07-23 00:00:00 UTC,John Hall,jhall298@msn.com,,nestli-embrace-sling-carrier,,
Bought 2 — one for grandma too,My postpartum anxiety was through the roof until I started babywearing. Having her close and being able to feel her breathing calmed both of us down.,5,2023-05-15 00:00:00 UTC,Donald Parker,parkerd485@gmail.com,,nestli-embrace-sling-carrier,,
Obsessed with this thing,"The quality is incredible. Stitching is perfect, fabric is so soft against baby skin. Washed it 40+ times and it still looks brand new.",5,2026-01-11 00:00:00 UTC,Eleanor Walker,ewalker@live.com,,nestli-embrace-sling-carrier,,
Best baby gear purchase,The fabric is breathable enough that we used it all summer without baby overheating. Such a thoughtful design.,5,2023-04-06 00:00:00 UTC,Ariana Jones,jonesa@aol.com,,nestli-embrace-sling-carrier,,
This saved my postpartum,The fabric is breathable enough that we used it all summer without baby overheating. Such a thoughtful design.,5,2024-02-09 00:00:00 UTC,Savannah James,savannah961@icloud.com,,nestli-embrace-sling-carrier,,
"Great carrier, wish it came with more colors",Good quality product. Baby is content in it and I can actually get things done. Would give 5 stars but it took some practice to get the tightness right.,4,2024-05-16 00:00:00 UTC,Ronald Murphy,ronald.murphy@live.com,,nestli-embrace-sling-carrier,,
Almost perfect,"Love the quality of this carrier. Only reason it's 4 stars is the learning curve — it took me a week to feel confident putting it on. After that, totally smooth.",4,2024-07-19 00:00:00 UTC,Savannah Hill,shill@gmail.com,,nestli-embrace-sling-carrier,,
Solid 4 stars from me,Really nice carrier. Well made and baby seems very comfortable. Just takes a little practice at first. Glad I bought it.,4,2023-01-16 00:00:00 UTC,Joshua Ortiz,joshua@hotmail.com,,nestli-embrace-sling-carrier,,
"Fits perfectly, baby loves it",I work from home and wear this during calls. Baby is calm and quiet and I look completely professional. Game changing for WFH moms.,5,2023-02-18 00:00:00 UTC,Timothy White,timothy@yahoo.com,,nestli-embrace-sling-carrier,,
Almost perfect,Really nice carrier. Well made and baby seems very comfortable. Just takes a little practice at first. Glad I bought it.,4,2023-09-23 00:00:00 UTC,Willow Flores,floresw604@aol.com,,nestli-embrace-sling-carrier,,
My pediatrician approved it,Both my husband and I use this with no readjusting. One carrier for both parents — such a smart design. Highly recommend.,5,2024-12-21 00:00:00 UTC,Vanessa Anderson,vanderson@yahoo.com,,nestli-embrace-sling-carrier,,
"Easy to put on, baby loves it",Took this to Disney World. Walked 12 hours with a 15-month-old in this carrier. My back felt completely fine. My husband was jealous.,5,2023-04-13 00:00:00 UTC,Daniel Williams,dwilliams919@outlook.com,,nestli-embrace-sling-carrier,,
Never taking this off,My baby went from needing to be rocked for 45 minutes to falling asleep in this carrier in under 10 minutes. Life is different now.,5,2023-05-29 00:00:00 UTC,Cora Brown,corabrown@yahoo.com,,nestli-embrace-sling-carrier,,
Life changing for new moms,My postpartum anxiety was through the roof until I started babywearing. Having her close and being able to feel her breathing calmed both of us down.,5,2023-02-04 00:00:00 UTC,Stella Johnson,stella535@aol.com,,nestli-embrace-sling-carrier,,
My sanity saver,Ordered this as a last resort after my velcro baby refused to be put down for 3 months. Should have ordered it on day 1. So easy to use and baby loves it.,5,2023-10-24 00:00:00 UTC,Alexander Thompson,athompson947@gmail.com,,nestli-embrace-sling-carrier,,
Recommend for most moms,Love that I can nurse in this with a little practice. Took me a couple of weeks to get the hang of it but now it's seamless. High quality product.,4,2023-05-30 00:00:00 UTC,Addison Stewart,addison@live.com,,nestli-embrace-sling-carrier,,
"Great carrier, wish it came with more colors","Love the quality of this carrier. Only reason it's 4 stars is the learning curve — it took me a week to feel confident putting it on. After that, totally smooth.",4,2024-03-19 00:00:00 UTC,Ryan Fisher,ryanfisher354@msn.com,,nestli-embrace-sling-carrier,,
My velcro baby is finally calm,We flew cross-country with our 7-month-old. This carrier fit in my purse and our baby slept through both flights. Worth ten times the price.,5,2023-06-07 00:00:00 UTC,Kevin Young,kyoung720@msn.com,,nestli-embrace-sling-carrier,,
Best baby gear purchase,"Been using this for 14 months. Not a single seam has come loose, not a single stitch has broken. This thing is built to last.",5,2023-02-01 00:00:00 UTC,Jessica Rogers,jrogers112@icloud.com,,nestli-embrace-sling-carrier,,
Carrier of the year,My son has reflux and needs to stay upright after feeds. This carrier keeps him perfectly positioned and he's so much more comfortable.,5,2024-04-22 00:00:00 UTC,Isabella Peterson,petersoni@hotmail.com,,nestli-embrace-sling-carrier,,
Happy with my purchase,Really like this carrier. My husband found it slightly tricky to adjust at first but now he uses it on his own. Baby falls asleep in it often.,4,2023-02-08 00:00:00 UTC,Ava King,aking@yahoo.com,,nestli-embrace-sling-carrier,,
The only carrier I recommend,"The quality is incredible. Stitching is perfect, fabric is so soft against baby skin. Washed it 40+ times and it still looks brand new.",5,2023-02-06 00:00:00 UTC,Gianna Moore,mooreg141@icloud.com,,nestli-embrace-sling-carrier,,
Carrier of the year,My husband said carriers looked too complicated. I ordered this without telling him. He tried it once and now he uses it more than I do. He calls it his dad superpower.,5,2023-03-14 00:00:00 UTC,Emilia Long,emilialong@yahoo.com,,nestli-embrace-sling-carrier,,
"Goodbye stroller, hello Nestli",I was nervous about ring slings but the setup guide was so clear. Had it on correctly the first try. Baby was happy immediately.,5,2023-09-17 00:00:00 UTC,Rachel Morris,morris.r@yahoo.com,,nestli-embrace-sling-carrier,,
My pediatrician approved it,I run a mom and baby yoga class. I recommend this carrier to every single student. Half of them come back and say it changed their life.,5,2023-11-09 00:00:00 UTC,Quinn Rogers,qrogers247@msn.com,,nestli-embrace-sling-carrier,,
"Love it, took a few tries",Comfortable for long carries. Gave 4 stars because the color I received looked slightly different from the website photo. Still looks nice though.,4,2024-10-18 00:00:00 UTC,Dennis Kelly,kellyd@live.com,,nestli-embrace-sling-carrier,,
So easy to use,My son is 20 months and 26 pounds. I still carry him in this when he's tired on walks. Zero shoulder pain.,5,2024-02-12 00:00:00 UTC,Bella Miller,bella.miller256@msn.com,,nestli-embrace-sling-carrier,,
Good for newborns,"Great carrier, my daughter loves it. Took off one star because the instructions could be more detailed. Overall very happy with the purchase.",4,2023-06-25 00:00:00 UTC,Sadie Perez,sadie@live.com,,nestli-embrace-sling-carrier,,
Dad approved!,My son is 20 months and 26 pounds. I still carry him in this when he's tired on walks. Zero shoulder pain.,5,2023-03-14 00:00:00 UTC,Lauren Russell,lauren621@msn.com,,nestli-embrace-sling-carrier,,
Worth every single penny,"The quality is incredible. Stitching is perfect, fabric is so soft against baby skin. Washed it 40+ times and it still looks brand new.",5,2023-09-19 00:00:00 UTC,Brittany Edwards,edwards.b@gmail.com,,nestli-embrace-sling-carrier,,
Finally sleeping again,My son has reflux and needs to stay upright after feeds. This carrier keeps him perfectly positioned and he's so much more comfortable.,5,2023-10-24 00:00:00 UTC,Patrick Reyes,preyes@icloud.com,,nestli-embrace-sling-carrier,,
"Great quality, took time to adjust",Love that I can nurse in this with a little practice. Took me a couple of weeks to get the hang of it but now it's seamless. High quality product.,4,2024-05-12 00:00:00 UTC,Grace Wright,gwright582@outlook.com,,nestli-embrace-sling-carrier,,
10/10 no notes,My son is 20 months and 26 pounds. I still carry him in this when he's tired on walks. Zero shoulder pain.,5,2025-04-14 00:00:00 UTC,Thomas Price,thomas@icloud.com,,nestli-embrace-sling-carrier,,
Good for newborns,"Great carrier, my daughter loves it. Took off one star because the instructions could be more detailed. Overall very happy with the purchase.",4,2024-10-17 00:00:00 UTC,Audrey Lopez,alopez@icloud.com,,nestli-embrace-sling-carrier,,
"Love it, took a few tries","Great carrier, my daughter loves it. Took off one star because the instructions could be more detailed. Overall very happy with the purchase.",4,2024-04-20 00:00:00 UTC,Aubrey Reed,aubreyreed367@live.com,,nestli-embrace-sling-carrier,,
My pediatrician approved it,Ordered this as a last resort after my velcro baby refused to be put down for 3 months. Should have ordered it on day 1. So easy to use and baby loves it.,5,2023-06-19 00:00:00 UTC,Robert Martin,robert_martin406@gmail.com,,nestli-embrace-sling-carrier,,
Wish I had this with my first,We flew cross-country with our 7-month-old. This carrier fit in my purse and our baby slept through both flights. Worth ten times the price.,5,2023-05-27 00:00:00 UTC,Alice Collins,collinsa568@msn.com,,nestli-embrace-sling-carrier,,
Obsessed with this thing,"I've tried 3 different carriers before this one. Returned all of them. The Nestli goes on in seconds, I barely feel the weight, and my son falls asleep in it every single time.",5,2024-02-16 00:00:00 UTC,Samuel Edwards,samueledwards554@yahoo.com,,nestli-embrace-sling-carrier,,
Worth every single penny,The fabric is breathable enough that we used it all summer without baby overheating. Such a thoughtful design.,5,2023-05-06 00:00:00 UTC,Mila Price,mila@gmail.com,,nestli-embrace-sling-carrier,,
Hands free finally!!!,Took this to Disney World. Walked 12 hours with a 15-month-old in this carrier. My back felt completely fine. My husband was jealous.,5,2025-05-01 00:00:00 UTC,Kayla Sanders,sanders.k@hotmail.com,,nestli-embrace-sling-carrier,,
This is THE one,"Been using this for 14 months. Not a single seam has come loose, not a single stitch has broken. This thing is built to last.",5,2023-06-13 00:00:00 UTC,Benjamin Bell,benjamin642@yahoo.com,,nestli-embrace-sling-carrier,,
Worth every single penny,Bought this because a mom in my birth class had one. Now 6 women from that class have this carrier. We call ourselves the Nestli moms.,5,2023-03-20 00:00:00 UTC,Rachel Price,rachel@outlook.com,,nestli-embrace-sling-carrier,,
She stopped crying the second I put it on,My postpartum anxiety was through the roof until I started babywearing. Having her close and being able to feel her breathing calmed both of us down.,5,2023-11-30 00:00:00 UTC,Serenity Lee,serenity@live.com,,nestli-embrace-sling-carrier,,
"Fits perfectly, baby loves it",Was skeptical after spending money on other carriers that hurt my back. This one is genuinely different. Wide padded strap makes all the difference.,5,2025-05-26 00:00:00 UTC,Isabella Parker,isabellaparker2@live.com,,nestli-embrace-sling-carrier,,
Impressive quality for the price,Comfortable for long carries. Gave 4 stars because the color I received looked slightly different from the website photo. Still looks nice though.,4,2023-11-23 00:00:00 UTC,Tyler Martin,tyler728@icloud.com,,nestli-embrace-sling-carrier,,
Dad approved!,My second baby is so much calmer than my first was — I think it's entirely because I used this carrier from day 1. Skin-to-skin while getting things done.,5,2024-11-06 00:00:00 UTC,Julia Hall,julia.hall69@aol.com,,nestli-embrace-sling-carrier,,
Really great carrier,"Love the quality of this carrier. Only reason it's 4 stars is the learning curve — it took me a week to feel confident putting it on. After that, totally smooth.",4,2024-06-10 00:00:00 UTC,Kimberly Phillips,kphillips@icloud.com,,nestli-embrace-sling-carrier,,
Genuinely life changing,Bought this because a mom in my birth class had one. Now 6 women from that class have this carrier. We call ourselves the Nestli moms.,5,2024-09-08 00:00:00 UTC,Leah Cruz,cruz_l339@msn.com,,nestli-embrace-sling-carrier,,
Finally a carrier that actually works,The fabric is breathable enough that we used it all summer without baby overheating. Such a thoughtful design.,5,2024-02-21 00:00:00 UTC,Eva Wood,woode7@msn.com,,nestli-embrace-sling-carrier,,
Hands free finally!!!,Bought this because a mom in my birth class had one. Now 6 women from that class have this carrier. We call ourselves the Nestli moms.,5,2023-09-06 00:00:00 UTC,Edward Allen,allen.e826@aol.com,,nestli-embrace-sling-carrier,,
Perfect for our lifestyle,I work from home and wear this during calls. Baby is calm and quiet and I look completely professional. Game changing for WFH moms.,5,2025-02-23 00:00:00 UTC,Ivy Ramirez,ramirez.i580@gmail.com,,nestli-embrace-sling-carrier,,
My newborn loves it,Brought this to a family reunion. Every aunt and uncle took a turn. Nobody could believe how easy it was to put on. Orders came in from 3 family members.,5,2023-01-03 00:00:00 UTC,Lydia Long,longl@outlook.com,,nestli-embrace-sling-carrier,,
Really like this carrier,Really like this carrier. My husband found it slightly tricky to adjust at first but now he uses it on his own. Baby falls asleep in it often.,4,2023-10-02 00:00:00 UTC,Taylor Kelly,taylor712@live.com,,nestli-embrace-sling-carrier,,
Impressive quality for the price,"Great quality, soft fabric, baby seems comfy. Docking one star because mine arrived with a small mark on the fabric. Customer service sorted it quickly though.",4,2024-05-29 00:00:00 UTC,Amber Powell,apowell849@hotmail.com,,nestli-embrace-sling-carrier,,
Solid carrier overall,Good quality product. Baby is content in it and I can actually get things done. Would give 5 stars but it took some practice to get the tightness right.,4,2023-07-03 00:00:00 UTC,Stephen Gomez,gomez_s651@msn.com,,nestli-embrace-sling-carrier,,
Genuinely life changing,"My toddler is 2.5 years old and we still use this at the farmers market. She gets tired, I pop her in, she's calm. Best investment of new parenthood.",5,2023-12-06 00:00:00 UTC,Bella Sanchez,bsanchez@yahoo.com,,nestli-embrace-sling-carrier,,
My pediatrician approved it,My husband said carriers looked too complicated. I ordered this without telling him. He tried it once and now he uses it more than I do. He calls it his dad superpower.,5,2023-01-11 00:00:00 UTC,Joshua Sanders,jsanders@aol.com,,nestli-embrace-sling-carrier,,
Lightweight and perfect,The fabric is breathable enough that we used it all summer without baby overheating. Such a thoughtful design.,5,2023-12-25 00:00:00 UTC,Nora Martinez,martinezn@icloud.com,,nestli-embrace-sling-carrier,,
Best purchase of 2024,My postpartum anxiety was through the roof until I started babywearing. Having her close and being able to feel her breathing calmed both of us down.,5,2025-01-22 00:00:00 UTC,Larry Adams,ladams@msn.com,,nestli-embrace-sling-carrier,,
Life changing for new moms,Took this to Disney World. Walked 12 hours with a 15-month-old in this carrier. My back felt completely fine. My husband was jealous.,5,2025-02-11 00:00:00 UTC,Amber Morales,amorales@aol.com,,nestli-embrace-sling-carrier,,
Finally a carrier that actually works,"Been using this for 14 months. Not a single seam has come loose, not a single stitch has broken. This thing is built to last.",5,2024-05-30 00:00:00 UTC,Sofia Hernandez,sofia_hernandez@outlook.com,,nestli-embrace-sling-carrier,,
Worth every single penny,My son is 20 months and 26 pounds. I still carry him in this when he's tired on walks. Zero shoulder pain.,5,2023-07-03 00:00:00 UTC,Zoey Reed,zreed272@msn.com,,nestli-embrace-sling-carrier,,
Bought 2 — one for grandma too,I was nervous about ring slings but the setup guide was so clear. Had it on correctly the first try. Baby was happy immediately.,5,2025-03-14 00:00:00 UTC,Madeline Rodriguez,mrodriguez219@gmail.com,,nestli-embrace-sling-carrier,,
Airport essential,"My toddler is 2.5 years old and we still use this at the farmers market. She gets tired, I pop her in, she's calm. Best investment of new parenthood.",5,2023-09-21 00:00:00 UTC,Amber Cruz,cruz.a19@hotmail.com,,nestli-embrace-sling-carrier,,
Love it with minor learning curve,"Great quality, soft fabric, baby seems comfy. Docking one star because mine arrived with a small mark on the fabric. Customer service sorted it quickly though.",4,2025-08-23 00:00:00 UTC,Mia Barnes,mia@hotmail.com,,nestli-embrace-sling-carrier,,
My go-to carrier for everything,My son is 20 months and 26 pounds. I still carry him in this when he's tired on walks. Zero shoulder pain.,5,2025-01-12 00:00:00 UTC,Josephine Ramirez,josephine398@gmail.com,,nestli-embrace-sling-carrier,,
Mostly love this carrier,Works well and baby loves it. The ring is a bit stiff at first so adjusting takes some force until it breaks in. After a week it was perfect.,4,2023-04-23 00:00:00 UTC,Amelia Williams,amelia768@hotmail.com,,nestli-embrace-sling-carrier,,
Cried happy tears when I tried it,"My toddler is 2.5 years old and we still use this at the farmers market. She gets tired, I pop her in, she's calm. Best investment of new parenthood.",5,2023-10-19 00:00:00 UTC,Ryan Clark,rclark@live.com,,nestli-embrace-sling-carrier,,
Worth every single penny,Ordered this as a last resort after my velcro baby refused to be put down for 3 months. Should have ordered it on day 1. So easy to use and baby loves it.,5,2024-12-05 00:00:00 UTC,Charlotte Lopez,lopezc726@live.com,,nestli-embrace-sling-carrier,,
The only carrier I recommend,I run a mom and baby yoga class. I recommend this carrier to every single student. Half of them come back and say it changed their life.,5,2023-10-11 00:00:00 UTC,Ashley Watson,ashley@aol.com,,nestli-embrace-sling-carrier,,
She stopped crying the second I put it on,My baby went from needing to be rocked for 45 minutes to falling asleep in this carrier in under 10 minutes. Life is different now.,5,2024-08-22 00:00:00 UTC,Mila Lee,leem483@hotmail.com,,nestli-embrace-sling-carrier,,
My sanity saver,My second baby is so much calmer than my first was — I think it's entirely because I used this carrier from day 1. Skin-to-skin while getting things done.,5,2024-08-02 00:00:00 UTC,Gregory Perry,gperry@outlook.com,,nestli-embrace-sling-carrier,,
Carrier of the year,Went to the grocery store with both hands free for the first time in 4 months. I actually teared up in the cereal aisle. This carrier is everything.,5,2023-09-21 00:00:00 UTC,Harper Rivera,harper_rivera338@outlook.com,,nestli-embrace-sling-carrier,,
My go-to carrier for everything,Bought this because a mom in my birth class had one. Now 6 women from that class have this carrier. We call ourselves the Nestli moms.,5,2024-02-03 00:00:00 UTC,Kayla Ward,kayla@aol.com,,nestli-embrace-sling-carrier,,
Cooking with baby — done!,Both my husband and I use this with no readjusting. One carrier for both parents — such a smart design. Highly recommend.,5,2024-03-02 00:00:00 UTC,Emilia Peterson,peterson.e@outlook.com,,nestli-embrace-sling-carrier,,
"Good quality, learning curve",Really like this carrier. My husband found it slightly tricky to adjust at first but now he uses it on his own. Baby falls asleep in it often.,4,2023-09-12 00:00:00 UTC,Anna Sullivan,asullivan704@icloud.com,,nestli-embrace-sling-carrier,,
Baby falls asleep in minutes,Brought this to a family reunion. Every aunt and uncle took a turn. Nobody could believe how easy it was to put on. Orders came in from 3 family members.,5,2025-07-15 00:00:00 UTC,Madelyn Long,madelyn_long@yahoo.com,,nestli-embrace-sling-carrier,,
My go-to carrier for everything,My husband said carriers looked too complicated. I ordered this without telling him. He tried it once and now he uses it more than I do. He calls it his dad superpower.,5,2023-09-07 00:00:00 UTC,Cora Turner,cturner181@icloud.com,,nestli-embrace-sling-carrier,,
Life changing for new moms,Both my husband and I use this with no readjusting. One carrier for both parents — such a smart design. Highly recommend.,5,2025-04-17 00:00:00 UTC,Sophie Martinez,smartinez911@live.com,,nestli-embrace-sling-carrier,,
Never taking this off,Both my husband and I use this with no readjusting. One carrier for both parents — such a smart design. Highly recommend.,5,2024-05-20 00:00:00 UTC,Ariana Rivera,ariana.rivera362@aol.com,,nestli-embrace-sling-carrier,,
"Good carrier, slight adjustment needed",Comfortable for long carries. Gave 4 stars because the color I received looked slightly different from the website photo. Still looks nice though.,4,2023-02-10 00:00:00 UTC,Donald Howard,howard.d159@gmail.com,,nestli-embrace-sling-carrier,,
My baby only sleeps in this now,Went to the grocery store with both hands free for the first time in 4 months. I actually teared up in the cereal aisle. This carrier is everything.,5,2024-06-28 00:00:00 UTC,Layla Lewis,layla.lewis@yahoo.com,,nestli-embrace-sling-carrier,,
"Fits perfectly, baby loves it",I was nervous about ring slings but the setup guide was so clear. Had it on correctly the first try. Baby was happy immediately.,5,2024-06-25 00:00:00 UTC,Willow Evans,wevans777@live.com,,nestli-embrace-sling-carrier,,
My sanity saver,"I've tried 3 different carriers before this one. Returned all of them. The Nestli goes on in seconds, I barely feel the weight, and my son falls asleep in it every single time.",5,2025-05-15 00:00:00 UTC,Samantha Martinez,samanthamartinez@aol.com,,nestli-embrace-sling-carrier,,
10/10 no notes,My husband said carriers looked too complicated. I ordered this without telling him. He tried it once and now he uses it more than I do. He calls it his dad superpower.,5,2023-04-15 00:00:00 UTC,Skylar Rogers,srogers@aol.com,,nestli-embrace-sling-carrier,,
"Love it, took a few tries",Comfortable for long carries. Gave 4 stars because the color I received looked slightly different from the website photo. Still looks nice though.,4,2023-05-19 00:00:00 UTC,Luna Sanchez,lsanchez601@yahoo.com,,nestli-embrace-sling-carrier,,
Can't imagine parenting without this,My husband said carriers looked too complicated. I ordered this without telling him. He tried it once and now he uses it more than I do. He calls it his dad superpower.,5,2023-05-08 00:00:00 UTC,Cora Stewart,cstewart@aol.com,,nestli-embrace-sling-carrier,,
Exceeded all my expectations,My son has reflux and needs to stay upright after feeds. This carrier keeps him perfectly positioned and he's so much more comfortable.,5,2023-12-03 00:00:00 UTC,Eleanor Butler,butler_e@hotmail.com,,nestli-embrace-sling-carrier,,
Best carrier I've ever owned,Both my husband and I use this with no readjusting. One carrier for both parents — such a smart design. Highly recommend.,5,2024-09-08 00:00:00 UTC,Autumn Murphy,amurphy@outlook.com,,nestli-embrace-sling-carrier,,
Obsessed with this thing,My husband said carriers looked too complicated. I ordered this without telling him. He tried it once and now he uses it more than I do. He calls it his dad superpower.,5,2023-05-15 00:00:00 UTC,Madeline Cooper,cooperm@live.com,,nestli-embrace-sling-carrier,,
"Goodbye stroller, hello Nestli",We flew cross-country with our 7-month-old. This carrier fit in my purse and our baby slept through both flights. Worth ten times the price.,5,2024-12-30 00:00:00 UTC,Lydia Cook,lydia.cook@msn.com,,nestli-embrace-sling-carrier,,
Perfection,Baby wouldn't sleep unless I was holding her. Tried this carrier out of desperation at 3am and she passed out within minutes. I've been wearing it every day since.,5,2024-06-11 00:00:00 UTC,Ruby Taylor,taylor.r@live.com,,nestli-embrace-sling-carrier,,
Cooking with baby — done!,I was nervous about ring slings but the setup guide was so clear. Had it on correctly the first try. Baby was happy immediately.,5,2024-09-10 00:00:00 UTC,Richard Davis,richard@gmail.com,,nestli-embrace-sling-carrier,,
Grocery store hero,Was skeptical after spending money on other carriers that hurt my back. This one is genuinely different. Wide padded strap makes all the difference.,5,2023-07-09 00:00:00 UTC,Ronald Gray,rgray@yahoo.com,,nestli-embrace-sling-carrier,,
This saved my postpartum,"I've tried 3 different carriers before this one. Returned all of them. The Nestli goes on in seconds, I barely feel the weight, and my son falls asleep in it every single time.",5,2025-01-26 00:00:00 UTC,Quinn Thomas,quinn@icloud.com,,nestli-embrace-sling-carrier,,
Solid carrier overall,Really nice carrier. Well made and baby seems very comfortable. Just takes a little practice at first. Glad I bought it.,4,2023-05-02 00:00:00 UTC,Madison Morales,mmorales@msn.com,,nestli-embrace-sling-carrier,,
Solid 4 stars from me,Really happy with the purchase. Slight learning curve but nothing that a YouTube tutorial didn't solve. Baby is calm and I'm hands-free.,4,2023-04-06 00:00:00 UTC,Ellie Brooks,brooks_e969@hotmail.com,,nestli-embrace-sling-carrier,,
Exceeded all my expectations,We flew cross-country with our 7-month-old. This carrier fit in my purse and our baby slept through both flights. Worth ten times the price.,5,2023-04-06 00:00:00 UTC,Madison Smith,smith_m838@live.com,,nestli-embrace-sling-carrier,,
Impressive quality for the price,Really like this carrier. My husband found it slightly tricky to adjust at first but now he uses it on his own. Baby falls asleep in it often.,4,2023-03-22 00:00:00 UTC,Alice Parker,alice716@live.com,,nestli-embrace-sling-carrier,,
Best purchase of 2024,"Been using this for 14 months. Not a single seam has come loose, not a single stitch has broken. This thing is built to last.",5,2023-09-19 00:00:00 UTC,Isabella Mitchell,imitchell602@aol.com,,nestli-embrace-sling-carrier,,
Hands free finally!!!,Baby wouldn't sleep unless I was holding her. Tried this carrier out of desperation at 3am and she passed out within minutes. I've been wearing it every day since.,5,2023-12-14 00:00:00 UTC,Charlotte Kelly,charlotte.kelly@yahoo.com,,nestli-embrace-sling-carrier,,
Almost perfect,Works well and baby loves it. The ring is a bit stiff at first so adjusting takes some force until it breaks in. After a week it was perfect.,4,2024-05-27 00:00:00 UTC,Camila Sanchez,camila254@outlook.com,,nestli-embrace-sling-carrier,,
Would recommend with small caveat,Comfortable for long carries. Gave 4 stars because the color I received looked slightly different from the website photo. Still looks nice though.,4,2024-10-18 00:00:00 UTC,Aurora Jenkins,aurora_jenkins@yahoo.com,,nestli-embrace-sling-carrier,,
Happy with my purchase,Comfortable for long carries. Gave 4 stars because the color I received looked slightly different from the website photo. Still looks nice though.,4,2024-09-12 00:00:00 UTC,Jose Butler,josebutler@gmail.com,,nestli-embrace-sling-carrier,,
Finally a carrier that actually works,Brought this to a family reunion. Every aunt and uncle took a turn. Nobody could believe how easy it was to put on. Orders came in from 3 family members.,5,2024-03-13 00:00:00 UTC,Jerry Nguyen,jerry@hotmail.com,,nestli-embrace-sling-carrier,,
My newborn loves it,I was nervous about ring slings but the setup guide was so clear. Had it on correctly the first try. Baby was happy immediately.,5,2025-10-11 00:00:00 UTC,Addison Barnes,addison@yahoo.com,,nestli-embrace-sling-carrier,,
Best carrier I've ever owned,Went to the grocery store with both hands free for the first time in 4 months. I actually teared up in the cereal aisle. This carrier is everything.,5,2024-11-29 00:00:00 UTC,Ronald Peterson,peterson.r@icloud.com,,nestli-embrace-sling-carrier,,
"Fits perfectly, baby loves it","The quality is incredible. Stitching is perfect, fabric is so soft against baby skin. Washed it 40+ times and it still looks brand new.",5,2023-04-03 00:00:00 UTC,Samantha Price,prices@gmail.com,,nestli-embrace-sling-carrier,,
The only carrier I recommend,My baby went from needing to be rocked for 45 minutes to falling asleep in this carrier in under 10 minutes. Life is different now.,5,2023-02-08 00:00:00 UTC,Serenity Reed,reed.s@hotmail.com,,nestli-embrace-sling-carrier,,
This is THE one,My son is 20 months and 26 pounds. I still carry him in this when he's tired on walks. Zero shoulder pain.,5,2023-07-12 00:00:00 UTC,Justin Gray,jgray993@yahoo.com,,nestli-embrace-sling-carrier,,
Best carrier I've ever owned,"My toddler is 2.5 years old and we still use this at the farmers market. She gets tired, I pop her in, she's calm. Best investment of new parenthood.",5,2025-09-18 00:00:00 UTC,Rachel Nelson,rnelson391@aol.com,,nestli-embrace-sling-carrier,,
Perfect for our lifestyle,"My toddler is 2.5 years old and we still use this at the farmers market. She gets tired, I pop her in, she's calm. Best investment of new parenthood.",5,2023-12-22 00:00:00 UTC,Dennis Anderson,dennisanderson@hotmail.com,,nestli-embrace-sling-carrier,,
This is THE one,Took this to Disney World. Walked 12 hours with a 15-month-old in this carrier. My back felt completely fine. My husband was jealous.,5,2025-10-20 00:00:00 UTC,Andrew Foster,afoster@outlook.com,,nestli-embrace-sling-carrier,,
Happy with my purchase,"Good carrier, my baby seems happy in it. I wish it came in more colors for my wardrobe but functionally it works great. Would recommend.",4,2023-01-24 00:00:00 UTC,Amber Adams,amber@live.com,,nestli-embrace-sling-carrier,,
"Good quality, learning curve","Good carrier, my baby seems happy in it. I wish it came in more colors for my wardrobe but functionally it works great. Would recommend.",4,2024-05-16 00:00:00 UTC,Gregory Baker,gbaker@hotmail.com,,nestli-embrace-sling-carrier,,
Grocery store hero,Was skeptical after spending money on other carriers that hurt my back. This one is genuinely different. Wide padded strap makes all the difference.,5,2024-03-05 00:00:00 UTC,Natalie Fisher,natalie.fisher917@live.com,,nestli-embrace-sling-carrier,,
The only carrier I recommend,My postpartum anxiety was through the roof until I started babywearing. Having her close and being able to feel her breathing calmed both of us down.,5,2024-07-14 00:00:00 UTC,Gianna Gonzalez,gianna_gonzalez@gmail.com,,nestli-embrace-sling-carrier,,
Solid carrier overall,Really happy with the purchase. Slight learning curve but nothing that a YouTube tutorial didn't solve. Baby is calm and I'm hands-free.,4,2025-04-07 00:00:00 UTC,Emery Green,egreen575@aol.com,,nestli-embrace-sling-carrier,,
Solid 4 stars from me,Works well and baby loves it. The ring is a bit stiff at first so adjusting takes some force until it breaks in. After a week it was perfect.,4,2023-03-22 00:00:00 UTC,Ella Hill,ella@aol.com,,nestli-embrace-sling-carrier,,
Best baby gear purchase,Bought this as a gift for my sister's baby shower. She texted me a week later saying it's the only thing that calms her baby.,5,2025-05-17 00:00:00 UTC,Cora Hall,chall@icloud.com,,nestli-embrace-sling-carrier,,
Obsessed with this thing,Bought this as a gift for my sister's baby shower. She texted me a week later saying it's the only thing that calms her baby.,5,2023-07-18 00:00:00 UTC,Mark Morales,morales.m69@yahoo.com,,nestli-embrace-sling-carrier,,
Happy with my purchase,Solid product. The strap is wide and comfortable. I gave 4 stars because I wish the setup instructions were a bit clearer with pictures. But the carrier itself is great.,4,2023-09-10 00:00:00 UTC,Layla Rodriguez,lrodriguez715@msn.com,,nestli-embrace-sling-carrier,,
Impressive quality for the price,Really nice carrier. Well made and baby seems very comfortable. Just takes a little practice at first. Glad I bought it.,4,2024-10-20 00:00:00 UTC,Lillian Thomas,lillian811@gmail.com,,nestli-embrace-sling-carrier,,
Life changing for new moms,My son is 20 months and 26 pounds. I still carry him in this when he's tired on walks. Zero shoulder pain.,5,2023-01-31 00:00:00 UTC,Zoey Ross,ross_z413@icloud.com,,nestli-embrace-sling-carrier,,
"Love it, took a few tries",Great carrier and I use it daily. The only thing I'd change is the carry pouch — it's a bit small. But the carrier itself is 5 stars.,4,2023-02-21 00:00:00 UTC,Megan Thompson,thompson_m@hotmail.com,,nestli-embrace-sling-carrier,,
"Nice carrier, minor issue with strap",Comfortable for long carries. Gave 4 stars because the color I received looked slightly different from the website photo. Still looks nice though.,4,2024-02-03 00:00:00 UTC,Daniel Russell,daniel.russell11@yahoo.com,,nestli-embrace-sling-carrier,,
This is THE one,Ordered this as a last resort after my velcro baby refused to be put down for 3 months. Should have ordered it on day 1. So easy to use and baby loves it.,5,2024-07-28 00:00:00 UTC,Amber Campbell,acampbell@outlook.com,,nestli-embrace-sling-carrier,,
Obsessed with this thing,Brought this to a family reunion. Every aunt and uncle took a turn. Nobody could believe how easy it was to put on. Orders came in from 3 family members.,5,2025-12-12 00:00:00 UTC,Charles Robinson,robinson.c@live.com,,nestli-embrace-sling-carrier,,
Genuinely life changing,I run a mom and baby yoga class. I recommend this carrier to every single student. Half of them come back and say it changed their life.,5,2024-03-10 00:00:00 UTC,Larry Nguyen,larry34@aol.com,,nestli-embrace-sling-carrier,,
Perfection,Bought this as a gift for my sister's baby shower. She texted me a week later saying it's the only thing that calms her baby.,5,2024-06-22 00:00:00 UTC,Tyler Bailey,tyler@aol.com,,nestli-embrace-sling-carrier,,
My arms don't hurt anymore!,The fabric is breathable enough that we used it all summer without baby overheating. Such a thoughtful design.,5,2023-11-25 00:00:00 UTC,Raymond Thomas,raymond@outlook.com,,nestli-embrace-sling-carrier,,
5 stars isn't enough,My second baby is so much calmer than my first was — I think it's entirely because I used this carrier from day 1. Skin-to-skin while getting things done.,5,2023-04-13 00:00:00 UTC,Cora Lewis,lewis_c320@hotmail.com,,nestli-embrace-sling-carrier,,
Cooking with baby — done!,"Been using this for 14 months. Not a single seam has come loose, not a single stitch has broken. This thing is built to last.",5,2023-02-26 00:00:00 UTC,Amber Murphy,amber@outlook.com,,nestli-embrace-sling-carrier,,
Can't imagine parenting without this,My baby went from needing to be rocked for 45 minutes to falling asleep in this carrier in under 10 minutes. Life is different now.,5,2023-10-17 00:00:00 UTC,Alexa Thompson,alexa860@icloud.com,,nestli-embrace-sling-carrier,,
Hands free finally!!!,Ordered this as a last resort after my velcro baby refused to be put down for 3 months. Should have ordered it on day 1. So easy to use and baby loves it.,5,2025-12-17 00:00:00 UTC,Dennis Johnson,johnson.d@gmail.com,,nestli-embrace-sling-carrier,,
"Fits perfectly, baby loves it",Both my husband and I use this with no readjusting. One carrier for both parents — such a smart design. Highly recommend.,5,2024-09-08 00:00:00 UTC,Serenity Williams,serenity.williams387@gmail.com,,nestli-embrace-sling-carrier,,
Lightweight and perfect,My second baby is so much calmer than my first was — I think it's entirely because I used this carrier from day 1. Skin-to-skin while getting things done.,5,2024-03-31 00:00:00 UTC,Luna Ross,lross@live.com,,nestli-embrace-sling-carrier,,
Mostly love this carrier,Comfortable for long carries. Gave 4 stars because the color I received looked slightly different from the website photo. Still looks nice though.,4,2024-08-11 00:00:00 UTC,Daniel Wood,daniel@gmail.com,,nestli-embrace-sling-carrier,,
Best carrier I've ever owned,Both my husband and I use this with no readjusting. One carrier for both parents — such a smart design. Highly recommend.,5,2023-07-24 00:00:00 UTC,Everly Turner,turner_e421@hotmail.com,,nestli-embrace-sling-carrier,,
This saved my postpartum,"The quality is incredible. Stitching is perfect, fabric is so soft against baby skin. Washed it 40+ times and it still looks brand new.",5,2023-09-19 00:00:00 UTC,Sofia White,sofiawhite555@live.com,,nestli-embrace-sling-carrier,,
"Returned 3 carriers, kept this one",Bought this as a gift for my sister's baby shower. She texted me a week later saying it's the only thing that calms her baby.,5,2025-05-14 00:00:00 UTC,Samantha Campbell,campbells@msn.com,,nestli-embrace-sling-carrier,,
Really great carrier,"Great quality, soft fabric, baby seems comfy. Docking one star because mine arrived with a small mark on the fabric. Customer service sorted it quickly though.",4,2023-10-25 00:00:00 UTC,Tyler Cruz,tyler@hotmail.com,,nestli-embrace-sling-carrier,,
My baby only sleeps in this now,"My toddler is 2.5 years old and we still use this at the farmers market. She gets tired, I pop her in, she's calm. Best investment of new parenthood.",5,2023-09-19 00:00:00 UTC,Avery Robinson,arobinson728@outlook.com,,nestli-embrace-sling-carrier,,
Bought for a friend too,"Been using this for 14 months. Not a single seam has come loose, not a single stitch has broken. This thing is built to last.",5,2023-11-11 00:00:00 UTC,Elena Richardson,erichardson@gmail.com,,nestli-embrace-sling-carrier,,
Exceeded all my expectations,My son has reflux and needs to stay upright after feeds. This carrier keeps him perfectly positioned and he's so much more comfortable.,5,2023-11-02 00:00:00 UTC,Ronald Miller,ronald776@hotmail.com,,nestli-embrace-sling-carrier,,
My pediatrician approved it,Went to the grocery store with both hands free for the first time in 4 months. I actually teared up in the cereal aisle. This carrier is everything.,5,2024-04-17 00:00:00 UTC,Jennifer Nguyen,jennifer_nguyen@yahoo.com,,nestli-embrace-sling-carrier,,
10/10 no notes,I run a mom and baby yoga class. I recommend this carrier to every single student. Half of them come back and say it changed their life.,5,2025-05-20 00:00:00 UTC,Benjamin Foster,bfoster263@yahoo.com,,nestli-embrace-sling-carrier,,
This is THE one,My son is 20 months and 26 pounds. I still carry him in this when he's tired on walks. Zero shoulder pain.,5,2024-10-22 00:00:00 UTC,Nicholas Young,nicholas@gmail.com,,nestli-embrace-sling-carrier,,
"Good quality, learning curve","Great carrier, my daughter loves it. Took off one star because the instructions could be more detailed. Overall very happy with the purchase.",4,2025-08-09 00:00:00 UTC,Emery Myers,emerymyers401@gmail.com,,nestli-embrace-sling-carrier,,
My husband uses it more than me,Took this to Disney World. Walked 12 hours with a 15-month-old in this carrier. My back felt completely fine. My husband was jealous.,5,2026-01-16 00:00:00 UTC,Benjamin Torres,benjamin_torres@icloud.com,,nestli-embrace-sling-carrier,,
My pediatrician approved it,I work from home and wear this during calls. Baby is calm and quiet and I look completely professional. Game changing for WFH moms.,5,2025-01-22 00:00:00 UTC,Jose Myers,myersj@gmail.com,,nestli-embrace-sling-carrier,,
Amazing quality,My husband said carriers looked too complicated. I ordered this without telling him. He tried it once and now he uses it more than I do. He calls it his dad superpower.,5,2023-08-11 00:00:00 UTC,Brandon Gonzalez,gonzalez.b829@yahoo.com,,nestli-embrace-sling-carrier,,
Mostly love this carrier,Comfortable for long carries. Gave 4 stars because the color I received looked slightly different from the website photo. Still looks nice though.,4,2025-07-30 00:00:00 UTC,Aubrey Hughes,ahughes@outlook.com,,nestli-embrace-sling-carrier,,
The only carrier I recommend,Ordered this as a last resort after my velcro baby refused to be put down for 3 months. Should have ordered it on day 1. So easy to use and baby loves it.,5,2024-03-20 00:00:00 UTC,Sarah Bailey,sbailey793@hotmail.com,,nestli-embrace-sling-carrier,,
Good but takes practice,Comfortable for long carries. Gave 4 stars because the color I received looked slightly different from the website photo. Still looks nice though.,4,2023-03-10 00:00:00 UTC,Brian Gonzalez,briangonzalez@gmail.com,,nestli-embrace-sling-carrier,,
Should have bought this from day one,My son has reflux and needs to stay upright after feeds. This carrier keeps him perfectly positioned and he's so much more comfortable.,5,2023-03-27 00:00:00 UTC,Cora Kelly,corakelly@outlook.com,,nestli-embrace-sling-carrier,,
Lightweight and perfect,Bought this because a mom in my birth class had one. Now 6 women from that class have this carrier. We call ourselves the Nestli moms.,5,2024-07-18 00:00:00 UTC,Allison Hughes,ahughes@live.com,,nestli-embrace-sling-carrier,,
Best carrier I've ever owned,"I've tried 3 different carriers before this one. Returned all of them. The Nestli goes on in seconds, I barely feel the weight, and my son falls asleep in it every single time.",5,2025-01-15 00:00:00 UTC,Nathan Flores,nflores564@outlook.com,,nestli-embrace-sling-carrier,,
Amazing quality,Was skeptical after spending money on other carriers that hurt my back. This one is genuinely different. Wide padded strap makes all the difference.,5,2023-01-17 00:00:00 UTC,Kevin Hughes,khughes137@yahoo.com,,nestli-embrace-sling-carrier,,
Impressive quality for the price,Really great carrier overall. Took me about 3 tries to get the fit right but once I figured it out I love it. Baby seems comfortable and I have both hands free.,4,2024-04-17 00:00:00 UTC,Paisley Anderson,andersonp@msn.com,,nestli-embrace-sling-carrier,,
Perfection,"My toddler is 2.5 years old and we still use this at the farmers market. She gets tired, I pop her in, she's calm. Best investment of new parenthood.",5,2023-03-21 00:00:00 UTC,Scarlett Cook,scarlett_cook@yahoo.com,,nestli-embrace-sling-carrier,,
So easy to use,My husband said carriers looked too complicated. I ordered this without telling him. He tried it once and now he uses it more than I do. He calls it his dad superpower.,5,2023-02-07 00:00:00 UTC,Lauren Brown,lauren.brown743@aol.com,,nestli-embrace-sling-carrier,,
5 stars isn't enough,My husband said carriers looked too complicated. I ordered this without telling him. He tried it once and now he uses it more than I do. He calls it his dad superpower.,5,2024-03-30 00:00:00 UTC,Jessica Carter,jessica.carter@icloud.com,,nestli-embrace-sling-carrier,,
Bought 2 — one for grandma too,Took this to Disney World. Walked 12 hours with a 15-month-old in this carrier. My back felt completely fine. My husband was jealous.,5,2024-03-15 00:00:00 UTC,Maya Edwards,edwards_m56@outlook.com,,nestli-embrace-sling-carrier,,
Amazing quality,"My toddler is 2.5 years old and we still use this at the farmers market. She gets tired, I pop her in, she's calm. Best investment of new parenthood.",5,2024-11-27 00:00:00 UTC,Alice Brown,alice@gmail.com,,nestli-embrace-sling-carrier,,
Grocery store hero,Brought this to a family reunion. Every aunt and uncle took a turn. Nobody could believe how easy it was to put on. Orders came in from 3 family members.,5,2023-04-17 00:00:00 UTC,Scott Mitchell,scott_mitchell@outlook.com,,nestli-embrace-sling-carrier,,
5 stars isn't enough,Bought this because a mom in my birth class had one. Now 6 women from that class have this carrier. We call ourselves the Nestli moms.,5,2024-06-03 00:00:00 UTC,Raymond Johnson,johnson.r@hotmail.com,,nestli-embrace-sling-carrier,,
Dad approved!,My son is 20 months and 26 pounds. I still carry him in this when he's tired on walks. Zero shoulder pain.,5,2024-12-28 00:00:00 UTC,Anthony Mitchell,mitchella@aol.com,,nestli-embrace-sling-carrier,,
"Good carrier, slight adjustment needed",Love that I can nurse in this with a little practice. Took me a couple of weeks to get the hang of it but now it's seamless. High quality product.,4,2023-09-11 00:00:00 UTC,Scarlett James,scarlett.james@gmail.com,,nestli-embrace-sling-carrier,,
Worth every single penny,Went to the grocery store with both hands free for the first time in 4 months. I actually teared up in the cereal aisle. This carrier is everything.,5,2023-02-13 00:00:00 UTC,Piper Martin,piper.martin@outlook.com,,nestli-embrace-sling-carrier,,
Good but takes practice,Really like this carrier. My husband found it slightly tricky to adjust at first but now he uses it on his own. Baby falls asleep in it often.,4,2023-11-04 00:00:00 UTC,Ava Gomez,ava.gomez160@msn.com,,nestli-embrace-sling-carrier,,
Every mom needs this,Baby wouldn't sleep unless I was holding her. Tried this carrier out of desperation at 3am and she passed out within minutes. I've been wearing it every day since.,5,2025-10-09 00:00:00 UTC,Emery Torres,emery@hotmail.com,,nestli-embrace-sling-carrier,,
Cooking with baby — done!,"Been using this for 14 months. Not a single seam has come loose, not a single stitch has broken. This thing is built to last.",5,2023-11-16 00:00:00 UTC,Nathan Campbell,campbell_n@outlook.com,,nestli-embrace-sling-carrier,,
My velcro baby is finally calm,My daughter had colic for 6 weeks and nothing worked. Put her in this carrier and she was asleep in 4 minutes. I literally cried. This carrier saved my sanity.,5,2024-02-23 00:00:00 UTC,Josephine Brooks,josephine_brooks@msn.com,,nestli-embrace-sling-carrier,,
Amazing quality,The fabric is breathable enough that we used it all summer without baby overheating. Such a thoughtful design.,5,2023-02-27 00:00:00 UTC,Joshua Jones,jones_j851@icloud.com,,nestli-embrace-sling-carrier,,
Cried happy tears when I tried it,Bought this because a mom in my birth class had one. Now 6 women from that class have this carrier. We call ourselves the Nestli moms.,5,2024-11-20 00:00:00 UTC,Donald Ortiz,ortiz_d466@yahoo.com,,nestli-embrace-sling-carrier,,
Life changing for new moms,My daughter had colic for 6 weeks and nothing worked. Put her in this carrier and she was asleep in 4 minutes. I literally cried. This carrier saved my sanity.,5,2024-03-11 00:00:00 UTC,Evelyn Young,young_e@live.com,,nestli-embrace-sling-carrier,,
Never taking this off,"My toddler is 2.5 years old and we still use this at the farmers market. She gets tired, I pop her in, she's calm. Best investment of new parenthood.",5,2024-05-24 00:00:00 UTC,Jasmine Harris,jharris832@msn.com,,nestli-embrace-sling-carrier,,
My husband uses it more than me,"My toddler is 2.5 years old and we still use this at the farmers market. She gets tired, I pop her in, she's calm. Best investment of new parenthood.",5,2023-09-16 00:00:00 UTC,Jerry Smith,jerry.smith@icloud.com,,nestli-embrace-sling-carrier,,
My sanity saver,My second baby is so much calmer than my first was — I think it's entirely because I used this carrier from day 1. Skin-to-skin while getting things done.,5,2025-05-22 00:00:00 UTC,Nevaeh Nelson,nevaeh846@aol.com,,nestli-embrace-sling-carrier,,
Never taking this off,"Been using this for 14 months. Not a single seam has come loose, not a single stitch has broken. This thing is built to last.",5,2023-02-27 00:00:00 UTC,Eva Carter,cartere@msn.com,,nestli-embrace-sling-carrier,,
10/10 no notes,I run a mom and baby yoga class. I recommend this carrier to every single student. Half of them come back and say it changed their life.,5,2024-11-21 00:00:00 UTC,Timothy Foster,tfoster@yahoo.com,,nestli-embrace-sling-carrier,,
Best purchase of 2024,Bought this as a gift for my sister's baby shower. She texted me a week later saying it's the only thing that calms her baby.,5,2024-10-20 00:00:00 UTC,Thomas Perez,tperez813@icloud.com,,nestli-embrace-sling-carrier,,
Perfect for our lifestyle,I was nervous about ring slings but the setup guide was so clear. Had it on correctly the first try. Baby was happy immediately.,5,2023-10-21 00:00:00 UTC,Maya Jackson,maya.jackson41@outlook.com,,nestli-embrace-sling-carrier,,
Bought 2 — one for grandma too,We flew cross-country with our 7-month-old. This carrier fit in my purse and our baby slept through both flights. Worth ten times the price.,5,2025-09-25 00:00:00 UTC,Autumn Phillips,autumn_phillips@msn.com,,nestli-embrace-sling-carrier,,
"Love it, took a few tries",Solid product. The strap is wide and comfortable. I gave 4 stars because I wish the setup instructions were a bit clearer with pictures. But the carrier itself is great.,4,2024-07-28 00:00:00 UTC,Nora Gray,nora620@icloud.com,,nestli-embrace-sling-carrier,,
Lightweight and perfect,My son has reflux and needs to stay upright after feeds. This carrier keeps him perfectly positioned and he's so much more comfortable.,5,2023-12-17 00:00:00 UTC,Jose Sanders,jose@yahoo.com,,nestli-embrace-sling-carrier,,
Wish I had this with my first,Baby wouldn't sleep unless I was holding her. Tried this carrier out of desperation at 3am and she passed out within minutes. I've been wearing it every day since.,5,2024-04-02 00:00:00 UTC,Willow Wood,wood_w@msn.com,,nestli-embrace-sling-carrier,,
Recommend for most moms,Solid product. The strap is wide and comfortable. I gave 4 stars because I wish the setup instructions were a bit clearer with pictures. But the carrier itself is great.,4,2023-07-26 00:00:00 UTC,Olivia Perry,perryo@outlook.com,,nestli-embrace-sling-carrier,,
My go-to carrier for everything,I was nervous about ring slings but the setup guide was so clear. Had it on correctly the first try. Baby was happy immediately.,5,2024-01-02 00:00:00 UTC,Thomas Kelly,kellyt166@msn.com,,nestli-embrace-sling-carrier,,
"Love it, took a few tries",Love that I can nurse in this with a little practice. Took me a couple of weeks to get the hang of it but now it's seamless. High quality product.,4,2024-05-22 00:00:00 UTC,Kayla Butler,butler_k963@aol.com,,nestli-embrace-sling-carrier,,
Absolute game changer!,Baby wouldn't sleep unless I was holding her. Tried this carrier out of desperation at 3am and she passed out within minutes. I've been wearing it every day since.,5,2024-08-05 00:00:00 UTC,Samuel Fisher,fishers169@icloud.com,,nestli-embrace-sling-carrier,,
"Good carrier, slight adjustment needed","Good carrier, my baby seems happy in it. I wish it came in more colors for my wardrobe but functionally it works great. Would recommend.",4,2023-11-13 00:00:00 UTC,Monica Fisher,mfisher@icloud.com,,nestli-embrace-sling-carrier,,
Amazing quality,Was skeptical after spending money on other carriers that hurt my back. This one is genuinely different. Wide padded strap makes all the difference.,5,2025-09-18 00:00:00 UTC,Leah Carter,lcarter@yahoo.com,,nestli-embrace-sling-carrier,,
Bought 2 — one for grandma too,We flew cross-country with our 7-month-old. This carrier fit in my purse and our baby slept through both flights. Worth ten times the price.,5,2023-10-31 00:00:00 UTC,Camila Price,price.c@live.com,,nestli-embrace-sling-carrier,,
Best purchase of 2024,Took this to Disney World. Walked 12 hours with a 15-month-old in this carrier. My back felt completely fine. My husband was jealous.,5,2023-12-13 00:00:00 UTC,Caroline Ramirez,cramirez29@msn.com,,nestli-embrace-sling-carrier,,
Perfect for our lifestyle,"Been using this for 14 months. Not a single seam has come loose, not a single stitch has broken. This thing is built to last.",5,2025-05-05 00:00:00 UTC,Brittany Baker,brittany996@gmail.com,,nestli-embrace-sling-carrier,,
The only carrier I recommend,The fabric is breathable enough that we used it all summer without baby overheating. Such a thoughtful design.,5,2024-06-10 00:00:00 UTC,Donald Parker,parkerd@hotmail.com,,nestli-embrace-sling-carrier,,
"Good quality, learning curve",Really great carrier overall. Took me about 3 tries to get the fit right but once I figured it out I love it. Baby seems comfortable and I have both hands free.,4,2024-01-21 00:00:00 UTC,Stephanie Martin,martins855@yahoo.com,,nestli-embrace-sling-carrier,,
Perfection,The fabric is breathable enough that we used it all summer without baby overheating. Such a thoughtful design.,5,2023-04-09 00:00:00 UTC,Gabriella Miller,gabriella317@msn.com,,nestli-embrace-sling-carrier,,
"Love it, took a few tries",Really happy with the purchase. Slight learning curve but nothing that a YouTube tutorial didn't solve. Baby is calm and I'm hands-free.,4,2024-03-18 00:00:00 UTC,Alice Walker,awalker@yahoo.com,,nestli-embrace-sling-carrier,,
So easy to use,My son has reflux and needs to stay upright after feeds. This carrier keeps him perfectly positioned and he's so much more comfortable.,5,2023-05-11 00:00:00 UTC,Ella Stewart,estewart@hotmail.com,,nestli-embrace-sling-carrier,,
Exceeded all my expectations,"Been using this for 14 months. Not a single seam has come loose, not a single stitch has broken. This thing is built to last.",5,2024-12-24 00:00:00 UTC,Ruby Bailey,rbailey@aol.com,,nestli-embrace-sling-carrier,,
Solid 4 stars from me,Comfortable for long carries. Gave 4 stars because the color I received looked slightly different from the website photo. Still looks nice though.,4,2023-09-01 00:00:00 UTC,Kinsley Bell,kinsley.bell437@live.com,,nestli-embrace-sling-carrier,,
Obsessed with this thing,Took this to Disney World. Walked 12 hours with a 15-month-old in this carrier. My back felt completely fine. My husband was jealous.,5,2023-03-31 00:00:00 UTC,Charlotte Lewis,lewisc365@hotmail.com,,nestli-embrace-sling-carrier,,
Solid carrier overall,Good quality product. Baby is content in it and I can actually get things done. Would give 5 stars but it took some practice to get the tightness right.,4,2023-04-05 00:00:00 UTC,Ariana Bennett,ariana_bennett@yahoo.com,,nestli-embrace-sling-carrier,,
Bought 2 — one for grandma too,We flew cross-country with our 7-month-old. This carrier fit in my purse and our baby slept through both flights. Worth ten times the price.,5,2023-04-10 00:00:00 UTC,James Edwards,edwards_j709@live.com,,nestli-embrace-sling-carrier,,
Good but takes practice,"Good carrier, my baby seems happy in it. I wish it came in more colors for my wardrobe but functionally it works great. Would recommend.",4,2024-05-20 00:00:00 UTC,Jack Peterson,jack572@msn.com,,nestli-embrace-sling-carrier,,
Recommend for most moms,Love that I can nurse in this with a little practice. Took me a couple of weeks to get the hang of it but now it's seamless. High quality product.,4,2023-08-26 00:00:00 UTC,Nathan Hall,nhall105@live.com,,nestli-embrace-sling-carrier,,
"Love it, took a few tries",Really nice carrier. Well made and baby seems very comfortable. Just takes a little practice at first. Glad I bought it.,4,2025-12-11 00:00:00 UTC,Hailey Ross,hailey@msn.com,,nestli-embrace-sling-carrier,,
"Great quality, took time to adjust",Good quality product. Baby is content in it and I can actually get things done. Would give 5 stars but it took some practice to get the tightness right.,4,2024-08-25 00:00:00 UTC,Monica Green,greenm@msn.com,,nestli-embrace-sling-carrier,,
Grocery store hero,Bought this as a gift for my sister's baby shower. She texted me a week later saying it's the only thing that calms her baby.,5,2023-03-01 00:00:00 UTC,Madeline Robinson,robinson_m@icloud.com,,nestli-embrace-sling-carrier,,
"Fits perfectly, baby loves it",My son is 20 months and 26 pounds. I still carry him in this when he's tired on walks. Zero shoulder pain.,5,2023-08-05 00:00:00 UTC,Larry Ward,lward570@msn.com,,nestli-embrace-sling-carrier,,
Cooking with baby — done!,My baby went from needing to be rocked for 45 minutes to falling asleep in this carrier in under 10 minutes. Life is different now.,5,2024-04-16 00:00:00 UTC,Mila Gutierrez,mgutierrez446@live.com,,nestli-embrace-sling-carrier,,
Finally a carrier that actually works,Went to the grocery store with both hands free for the first time in 4 months. I actually teared up in the cereal aisle. This carrier is everything.,5,2024-08-01 00:00:00 UTC,Frank Nguyen,frank895@hotmail.com,,nestli-embrace-sling-carrier,,
4 stars — great product,Really nice carrier. Well made and baby seems very comfortable. Just takes a little practice at first. Glad I bought it.,4,2023-11-08 00:00:00 UTC,Piper Barnes,piper@gmail.com,,nestli-embrace-sling-carrier,,
My husband uses it more than me,My daughter had colic for 6 weeks and nothing worked. Put her in this carrier and she was asleep in 4 minutes. I literally cried. This carrier saved my sanity.,5,2025-01-10 00:00:00 UTC,Vanessa Jackson,vanessajackson@aol.com,,nestli-embrace-sling-carrier,,
4 stars — great product,"Good carrier, my baby seems happy in it. I wish it came in more colors for my wardrobe but functionally it works great. Would recommend.",4,2023-06-24 00:00:00 UTC,Christopher Garcia,garcia.c@aol.com,,nestli-embrace-sling-carrier,,
Absolute game changer!,I was nervous about ring slings but the setup guide was so clear. Had it on correctly the first try. Baby was happy immediately.,5,2023-11-20 00:00:00 UTC,Larry Moore,larry@msn.com,,nestli-embrace-sling-carrier,,
Impressive quality for the price,Comfortable for long carries. Gave 4 stars because the color I received looked slightly different from the website photo. Still looks nice though.,4,2025-05-13 00:00:00 UTC,Mark Cooper,mark_cooper144@hotmail.com,,nestli-embrace-sling-carrier,,
Cried happy tears when I tried it,Was skeptical after spending money on other carriers that hurt my back. This one is genuinely different. Wide padded strap makes all the difference.,5,2023-12-14 00:00:00 UTC,Kevin Russell,kevin@icloud.com,,nestli-embrace-sling-carrier,,
Grocery store hero,I run a mom and baby yoga class. I recommend this carrier to every single student. Half of them come back and say it changed their life.,5,2024-12-24 00:00:00 UTC,Joshua Morris,joshua496@msn.com,,nestli-embrace-sling-carrier,,
"Good carrier, slight adjustment needed",Great carrier and I use it daily. The only thing I'd change is the carry pouch — it's a bit small. But the carrier itself is 5 stars.,4,2024-03-30 00:00:00 UTC,Ellie Moore,ellie934@aol.com,,nestli-embrace-sling-carrier,,
So easy to use,Was skeptical after spending money on other carriers that hurt my back. This one is genuinely different. Wide padded strap makes all the difference.,5,2024-12-12 00:00:00 UTC,Nicholas Fisher,nfisher764@icloud.com,,nestli-embrace-sling-carrier,,
Airport essential,Bought this as a gift for my sister's baby shower. She texted me a week later saying it's the only thing that calms her baby.,5,2023-09-25 00:00:00 UTC,Kimberly Ortiz,kimberly706@yahoo.com,,nestli-embrace-sling-carrier,,
Solid carrier overall,Really great carrier overall. Took me about 3 tries to get the fit right but once I figured it out I love it. Baby seems comfortable and I have both hands free.,4,2023-11-05 00:00:00 UTC,Brielle Ross,bross@yahoo.com,,nestli-embrace-sling-carrier,,
My husband uses it more than me,My husband said carriers looked too complicated. I ordered this without telling him. He tried it once and now he uses it more than I do. He calls it his dad superpower.,5,2023-12-06 00:00:00 UTC,Olivia Lopez,lopezo897@msn.com,,nestli-embrace-sling-carrier,,
Best baby gear purchase,My postpartum anxiety was through the roof until I started babywearing. Having her close and being able to feel her breathing calmed both of us down.,5,2026-02-22 00:00:00 UTC,Nova Brown,nbrown276@yahoo.com,,nestli-embrace-sling-carrier,,
Genuinely life changing,I work from home and wear this during calls. Baby is calm and quiet and I look completely professional. Game changing for WFH moms.,5,2023-10-07 00:00:00 UTC,Ivy Jackson,ijackson947@live.com,,nestli-embrace-sling-carrier,,
10/10 no notes,My son is 20 months and 26 pounds. I still carry him in this when he's tired on walks. Zero shoulder pain.,5,2023-04-13 00:00:00 UTC,Donald Wilson,donald_wilson758@aol.com,,nestli-embrace-sling-carrier,,
My baby only sleeps in this now,Both my husband and I use this with no readjusting. One carrier for both parents — such a smart design. Highly recommend.,5,2024-09-18 00:00:00 UTC,Kinsley Jackson,jacksonk@icloud.com,,nestli-embrace-sling-carrier,,
So easy to use,"I've tried 3 different carriers before this one. Returned all of them. The Nestli goes on in seconds, I barely feel the weight, and my son falls asleep in it every single time.",5,2023-02-21 00:00:00 UTC,Anthony Russell,russell.a157@gmail.com,,nestli-embrace-sling-carrier,,
Should have bought this from day one,My son has reflux and needs to stay upright after feeds. This carrier keeps him perfectly positioned and he's so much more comfortable.,5,2023-12-17 00:00:00 UTC,Joseph Harris,jharris@outlook.com,,nestli-embrace-sling-carrier,,
Genuinely life changing,Baby wouldn't sleep unless I was holding her. Tried this carrier out of desperation at 3am and she passed out within minutes. I've been wearing it every day since.,5,2023-11-09 00:00:00 UTC,Monica Flores,mflores@icloud.com,,nestli-embrace-sling-carrier,,
My velcro baby is finally calm,My husband said carriers looked too complicated. I ordered this without telling him. He tried it once and now he uses it more than I do. He calls it his dad superpower.,5,2023-02-21 00:00:00 UTC,Genesis Morales,gmorales212@outlook.com,,nestli-embrace-sling-carrier,,
Happy with my purchase,Really like this carrier. My husband found it slightly tricky to adjust at first but now he uses it on his own. Baby falls asleep in it often.,4,2023-02-14 00:00:00 UTC,Joseph Gray,jgray@hotmail.com,,nestli-embrace-sling-carrier,,
"Goodbye stroller, hello Nestli",Both my husband and I use this with no readjusting. One carrier for both parents — such a smart design. Highly recommend.,5,2023-10-13 00:00:00 UTC,Timothy Thompson,tthompson885@outlook.com,,nestli-embrace-sling-carrier,,
"Fits perfectly, baby loves it",I work from home and wear this during calls. Baby is calm and quiet and I look completely professional. Game changing for WFH moms.,5,2025-05-21 00:00:00 UTC,Stephen Thomas,stephen@aol.com,,nestli-embrace-sling-carrier,,
Hands free finally!!!,Went to the grocery store with both hands free for the first time in 4 months. I actually teared up in the cereal aisle. This carrier is everything.,5,2024-10-26 00:00:00 UTC,Eva Hernandez,eva@live.com,,nestli-embrace-sling-carrier,,
Absolute game changer!,Both my husband and I use this with no readjusting. One carrier for both parents — such a smart design. Highly recommend.,5,2023-05-26 00:00:00 UTC,George Ward,gward596@outlook.com,,nestli-embrace-sling-carrier,,
Happy with my purchase,Works well and baby loves it. The ring is a bit stiff at first so adjusting takes some force until it breaks in. After a week it was perfect.,4,2024-03-08 00:00:00 UTC,Anthony Lee,anthony@hotmail.com,,nestli-embrace-sling-carrier,,
Exceeded all my expectations,We flew cross-country with our 7-month-old. This carrier fit in my purse and our baby slept through both flights. Worth ten times the price.,5,2025-06-18 00:00:00 UTC,Gregory Powell,gregory@outlook.com,,nestli-embrace-sling-carrier,,
"Great carrier, wish it came with more colors","Love the quality of this carrier. Only reason it's 4 stars is the learning curve — it took me a week to feel confident putting it on. After that, totally smooth.",4,2025-10-15 00:00:00 UTC,Madison Ortiz,mortiz@yahoo.com,,nestli-embrace-sling-carrier,,
Impressive quality for the price,Works well and baby loves it. The ring is a bit stiff at first so adjusting takes some force until it breaks in. After a week it was perfect.,4,2023-11-30 00:00:00 UTC,Brittany Foster,brittany@outlook.com,,nestli-embrace-sling-carrier,,
Obsessed with this thing,My son has reflux and needs to stay upright after feeds. This carrier keeps him perfectly positioned and he's so much more comfortable.,5,2023-04-30 00:00:00 UTC,Ariana Russell,ariana682@outlook.com,,nestli-embrace-sling-carrier,,
Hands free finally!!!,Took this to Disney World. Walked 12 hours with a 15-month-old in this carrier. My back felt completely fine. My husband was jealous.,5,2024-08-24 00:00:00 UTC,Rachel Ortiz,rachel@yahoo.com,,nestli-embrace-sling-carrier,,
My velcro baby is finally calm,I work from home and wear this during calls. Baby is calm and quiet and I look completely professional. Game changing for WFH moms.,5,2023-04-19 00:00:00 UTC,Benjamin Stewart,bstewart@yahoo.com,,nestli-embrace-sling-carrier,,
Recommend for most moms,"Love the quality of this carrier. Only reason it's 4 stars is the learning curve — it took me a week to feel confident putting it on. After that, totally smooth.",4,2024-01-16 00:00:00 UTC,Sophia Walker,swalker@yahoo.com,,nestli-embrace-sling-carrier,,
Happy with my purchase,Great carrier and I use it daily. The only thing I'd change is the carry pouch — it's a bit small. But the carrier itself is 5 stars.,4,2025-11-03 00:00:00 UTC,Addison Ross,addison@aol.com,,nestli-embrace-sling-carrier,,
Best purchase of 2024,Ordered this as a last resort after my velcro baby refused to be put down for 3 months. Should have ordered it on day 1. So easy to use and baby loves it.,5,2023-08-08 00:00:00 UTC,Olivia Campbell,ocampbell500@aol.com,,nestli-embrace-sling-carrier,,
Should have bought this from day one,"My toddler is 2.5 years old and we still use this at the farmers market. She gets tired, I pop her in, she's calm. Best investment of new parenthood.",5,2024-03-27 00:00:00 UTC,Camila Robinson,robinson.c@icloud.com,,nestli-embrace-sling-carrier,,
Solid 4 stars from me,Solid product. The strap is wide and comfortable. I gave 4 stars because I wish the setup instructions were a bit clearer with pictures. But the carrier itself is great.,4,2024-05-10 00:00:00 UTC,Nova Gray,grayn@aol.com,,nestli-embrace-sling-carrier,,
"Love it, took a few tries",Works great for my petite frame. Had to watch a video to get the fit right but after that it's been perfect. Baby loves the closeness.,4,2023-09-13 00:00:00 UTC,Ryan Rivera,ryan615@gmail.com,,nestli-embrace-sling-carrier,,
Never taking this off,Was skeptical after spending money on other carriers that hurt my back. This one is genuinely different. Wide padded strap makes all the difference.,5,2026-01-10 00:00:00 UTC,Richard Lopez,rlopez@outlook.com,,nestli-embrace-sling-carrier,,
Perfect for our lifestyle,"My toddler is 2.5 years old and we still use this at the farmers market. She gets tired, I pop her in, she's calm. Best investment of new parenthood.",5,2025-07-14 00:00:00 UTC,Alexander Peterson,apeterson@yahoo.com,,nestli-embrace-sling-carrier,,
Never taking this off,"The quality is incredible. Stitching is perfect, fabric is so soft against baby skin. Washed it 40+ times and it still looks brand new.",5,2024-01-24 00:00:00 UTC,Avery Ward,award887@outlook.com,,nestli-embrace-sling-carrier,,
"Good quality, learning curve",Love that I can nurse in this with a little practice. Took me a couple of weeks to get the hang of it but now it's seamless. High quality product.,4,2024-07-11 00:00:00 UTC,Delilah Lewis,delilahlewis101@hotmail.com,,nestli-embrace-sling-carrier,,
Lightweight and perfect,"The quality is incredible. Stitching is perfect, fabric is so soft against baby skin. Washed it 40+ times and it still looks brand new.",5,2025-05-23 00:00:00 UTC,Kinsley Ramirez,kinsley.ramirez969@outlook.com,,nestli-embrace-sling-carrier,,
Worth every single penny,The fabric is breathable enough that we used it all summer without baby overheating. Such a thoughtful design.,5,2024-06-01 00:00:00 UTC,Eric Wood,eric_wood@hotmail.com,,nestli-embrace-sling-carrier,,
Never taking this off,Was skeptical after spending money on other carriers that hurt my back. This one is genuinely different. Wide padded strap makes all the difference.,5,2024-06-13 00:00:00 UTC,Robert Wood,rwood@hotmail.com,,nestli-embrace-sling-carrier,,
"Easy to put on, baby loves it",We flew cross-country with our 7-month-old. This carrier fit in my purse and our baby slept through both flights. Worth ten times the price.,5,2023-01-29 00:00:00 UTC,Alice Reed,areed@outlook.com,,nestli-embrace-sling-carrier,,
My newborn loves it,Took this to Disney World. Walked 12 hours with a 15-month-old in this carrier. My back felt completely fine. My husband was jealous.,5,2024-03-25 00:00:00 UTC,Jonathan Peterson,peterson_j406@icloud.com,,nestli-embrace-sling-carrier,,
My go-to carrier for everything,Ordered this as a last resort after my velcro baby refused to be put down for 3 months. Should have ordered it on day 1. So easy to use and baby loves it.,5,2024-03-05 00:00:00 UTC,Leah Fisher,fisherl710@msn.com,,nestli-embrace-sling-carrier,,
This saved my postpartum,Brought this to a family reunion. Every aunt and uncle took a turn. Nobody could believe how easy it was to put on. Orders came in from 3 family members.,5,2024-09-19 00:00:00 UTC,Nora Perry,perry.n@yahoo.com,,nestli-embrace-sling-carrier,,
Would recommend with small caveat,Love that I can nurse in this with a little practice. Took me a couple of weeks to get the hang of it but now it's seamless. High quality product.,4,2024-11-05 00:00:00 UTC,Justin Nelson,jnelson@live.com,,nestli-embrace-sling-carrier,,
"Fits perfectly, baby loves it",My baby went from needing to be rocked for 45 minutes to falling asleep in this carrier in under 10 minutes. Life is different now.,5,2024-01-20 00:00:00 UTC,Maya Diaz,maya@hotmail.com,,nestli-embrace-sling-carrier,,
Happy with my purchase,Really like this carrier. My husband found it slightly tricky to adjust at first but now he uses it on his own. Baby falls asleep in it often.,4,2025-05-18 00:00:00 UTC,John Jenkins,john.jenkins418@msn.com,,nestli-embrace-sling-carrier,,
Good but takes practice,"Love the quality of this carrier. Only reason it's 4 stars is the learning curve — it took me a week to feel confident putting it on. After that, totally smooth.",4,2023-03-07 00:00:00 UTC,Stella Gray,sgray659@icloud.com,,nestli-embrace-sling-carrier,,
Airport essential,My son has reflux and needs to stay upright after feeds. This carrier keeps him perfectly positioned and he's so much more comfortable.,5,2023-08-27 00:00:00 UTC,Brooklyn Wood,brooklyn.wood204@outlook.com,,nestli-embrace-sling-carrier,,
She stopped crying the second I put it on,Went to the grocery store with both hands free for the first time in 4 months. I actually teared up in the cereal aisle. This carrier is everything.,5,2023-06-20 00:00:00 UTC,Kayla Young,kayla748@hotmail.com,,nestli-embrace-sling-carrier,,
"Nice carrier, minor issue with strap",Solid product. The strap is wide and comfortable. I gave 4 stars because I wish the setup instructions were a bit clearer with pictures. But the carrier itself is great.,4,2024-05-12 00:00:00 UTC,Samuel Turner,sturner@icloud.com,,nestli-embrace-sling-carrier,,
This is THE one,"The quality is incredible. Stitching is perfect, fabric is so soft against baby skin. Washed it 40+ times and it still looks brand new.",5,2024-04-24 00:00:00 UTC,Aurora Bailey,aurora@outlook.com,,nestli-embrace-sling-carrier,,
"Fits perfectly, baby loves it",Baby wouldn't sleep unless I was holding her. Tried this carrier out of desperation at 3am and she passed out within minutes. I've been wearing it every day since.,5,2024-03-03 00:00:00 UTC,Nora Reed,nora.reed351@outlook.com,,nestli-embrace-sling-carrier,,
Best purchase of 2024,My baby went from needing to be rocked for 45 minutes to falling asleep in this carrier in under 10 minutes. Life is different now.,5,2024-08-17 00:00:00 UTC,Skylar Hall,skylar.hall@icloud.com,,nestli-embrace-sling-carrier,,
Great for travel,Both my husband and I use this with no readjusting. One carrier for both parents — such a smart design. Highly recommend.,5,2024-06-02 00:00:00 UTC,Aaliyah Mitchell,amitchell@msn.com,,nestli-embrace-sling-carrier,,
Obsessed with this thing,My daughter had colic for 6 weeks and nothing worked. Put her in this carrier and she was asleep in 4 minutes. I literally cried. This carrier saved my sanity.,5,2023-10-12 00:00:00 UTC,Dennis Harris,dennis.harris421@aol.com,,nestli-embrace-sling-carrier,,
My velcro baby is finally calm,Ordered this as a last resort after my velcro baby refused to be put down for 3 months. Should have ordered it on day 1. So easy to use and baby loves it.,5,2023-01-21 00:00:00 UTC,Ella Smith,smith_e270@hotmail.com,,nestli-embrace-sling-carrier,,
The only carrier I recommend,"My toddler is 2.5 years old and we still use this at the farmers market. She gets tired, I pop her in, she's calm. Best investment of new parenthood.",5,2025-10-19 00:00:00 UTC,Alexa Bailey,alexabailey588@icloud.com,,nestli-embrace-sling-carrier,,
"Easy to put on, baby loves it",My postpartum anxiety was through the roof until I started babywearing. Having her close and being able to feel her breathing calmed both of us down.,5,2024-12-09 00:00:00 UTC,Lucy Nelson,lucy_nelson918@live.com,,nestli-embrace-sling-carrier,,
Happy with my purchase,"Good carrier, my baby seems happy in it. I wish it came in more colors for my wardrobe but functionally it works great. Would recommend.",4,2024-04-20 00:00:00 UTC,Madelyn Cooper,cooperm560@gmail.com,,nestli-embrace-sling-carrier,,
Amazing quality,The fabric is breathable enough that we used it all summer without baby overheating. Such a thoughtful design.,5,2024-12-02 00:00:00 UTC,Emily Wood,woode151@yahoo.com,,nestli-embrace-sling-carrier,,
So easy to use,I run a mom and baby yoga class. I recommend this carrier to every single student. Half of them come back and say it changed their life.,5,2025-06-15 00:00:00 UTC,Natalie Diaz,natalie@hotmail.com,,nestli-embrace-sling-carrier,,
This saved my postpartum,I was nervous about ring slings but the setup guide was so clear. Had it on correctly the first try. Baby was happy immediately.,5,2023-07-29 00:00:00 UTC,Chloe Richardson,richardson_c867@yahoo.com,,nestli-embrace-sling-carrier,,
Life changing for new moms,"My toddler is 2.5 years old and we still use this at the farmers market. She gets tired, I pop her in, she's calm. Best investment of new parenthood.",5,2023-01-26 00:00:00 UTC,Diana Kelly,dianakelly293@hotmail.com,,nestli-embrace-sling-carrier,,
Never taking this off,I run a mom and baby yoga class. I recommend this carrier to every single student. Half of them come back and say it changed their life.,5,2023-10-09 00:00:00 UTC,Penelope Foster,penelope.foster630@icloud.com,,nestli-embrace-sling-carrier,,
Impressive quality for the price,Really happy with the purchase. Slight learning curve but nothing that a YouTube tutorial didn't solve. Baby is calm and I'm hands-free.,4,2024-05-22 00:00:00 UTC,Avery Ross,ross_a458@yahoo.com,,nestli-embrace-sling-carrier,,
Mostly love this carrier,Really great carrier overall. Took me about 3 tries to get the fit right but once I figured it out I love it. Baby seems comfortable and I have both hands free.,4,2023-09-21 00:00:00 UTC,Nova Barnes,nbarnes@outlook.com,,nestli-embrace-sling-carrier,,
Good for newborns,"Love the quality of this carrier. Only reason it's 4 stars is the learning curve — it took me a week to feel confident putting it on. After that, totally smooth.",4,2023-11-19 00:00:00 UTC,John Rivera,riveraj@aol.com,,nestli-embrace-sling-carrier,,
5 stars isn't enough,Bought this as a gift for my sister's baby shower. She texted me a week later saying it's the only thing that calms her baby.,5,2024-04-11 00:00:00 UTC,Ella Foster,ella366@msn.com,,nestli-embrace-sling-carrier,,
Impressive quality for the price,Really happy with the purchase. Slight learning curve but nothing that a YouTube tutorial didn't solve. Baby is calm and I'm hands-free.,4,2023-06-23 00:00:00 UTC,Ivy Cooper,ivy@msn.com,,nestli-embrace-sling-carrier,,
"Good carrier, slight adjustment needed",Really like this carrier. My husband found it slightly tricky to adjust at first but now he uses it on his own. Baby falls asleep in it often.,4,2024-02-25 00:00:00 UTC,Alexander Rogers,alexander815@yahoo.com,,nestli-embrace-sling-carrier,,
Baby falls asleep in minutes,My daughter had colic for 6 weeks and nothing worked. Put her in this carrier and she was asleep in 4 minutes. I literally cried. This carrier saved my sanity.,5,2023-06-01 00:00:00 UTC,Richard Williams,richard620@yahoo.com,,nestli-embrace-sling-carrier,,
Perfection,My husband said carriers looked too complicated. I ordered this without telling him. He tried it once and now he uses it more than I do. He calls it his dad superpower.,5,2024-09-02 00:00:00 UTC,Lydia Evans,evansl@hotmail.com,,nestli-embrace-sling-carrier,,
"Fits perfectly, baby loves it",My second baby is so much calmer than my first was — I think it's entirely because I used this carrier from day 1. Skin-to-skin while getting things done.,5,2024-08-03 00:00:00 UTC,Benjamin Davis,davis_b@gmail.com,,nestli-embrace-sling-carrier,,
Great for travel,My husband said carriers looked too complicated. I ordered this without telling him. He tried it once and now he uses it more than I do. He calls it his dad superpower.,5,2023-02-16 00:00:00 UTC,Lauren Ross,lauren@outlook.com,,nestli-embrace-sling-carrier,,
My husband uses it more than me,I run a mom and baby yoga class. I recommend this carrier to every single student. Half of them come back and say it changed their life.,5,2024-09-13 00:00:00 UTC,Jason Walker,jason.walker@msn.com,,nestli-embrace-sling-carrier,,
"Goodbye stroller, hello Nestli",The fabric is breathable enough that we used it all summer without baby overheating. Such a thoughtful design.,5,2024-09-30 00:00:00 UTC,Elizabeth Peterson,epeterson845@hotmail.com,,nestli-embrace-sling-carrier,,
Grocery store hero,Ordered this as a last resort after my velcro baby refused to be put down for 3 months. Should have ordered it on day 1. So easy to use and baby loves it.,5,2023-08-10 00:00:00 UTC,Samantha Reed,samantha@live.com,,nestli-embrace-sling-carrier,,
10/10 no notes,My son is 20 months and 26 pounds. I still carry him in this when he's tired on walks. Zero shoulder pain.,5,2023-09-24 00:00:00 UTC,Bella Nguyen,bnguyen906@hotmail.com,,nestli-embrace-sling-carrier,,
Life changing for new moms,My son is 20 months and 26 pounds. I still carry him in this when he's tired on walks. Zero shoulder pain.,5,2023-06-24 00:00:00 UTC,Nathan Jackson,nathanjackson@outlook.com,,nestli-embrace-sling-carrier,,
"Great carrier, wish it came with more colors","Good carrier, my baby seems happy in it. I wish it came in more colors for my wardrobe but functionally it works great. Would recommend.",4,2024-01-27 00:00:00 UTC,Lydia Perez,perez_l777@aol.com,,nestli-embrace-sling-carrier,,
Recommend for most moms,Solid product. The strap is wide and comfortable. I gave 4 stars because I wish the setup instructions were a bit clearer with pictures. But the carrier itself is great.,4,2025-01-21 00:00:00 UTC,Samuel Davis,samuel570@icloud.com,,nestli-embrace-sling-carrier,,
Hands free finally!!!,Was skeptical after spending money on other carriers that hurt my back. This one is genuinely different. Wide padded strap makes all the difference.,5,2023-10-16 00:00:00 UTC,Nathan Adams,nathanadams@hotmail.com,,nestli-embrace-sling-carrier,,
Absolute game changer!,Ordered this as a last resort after my velcro baby refused to be put down for 3 months. Should have ordered it on day 1. So easy to use and baby loves it.,5,2024-03-18 00:00:00 UTC,Alexis Ortiz,aortiz@outlook.com,,nestli-embrace-sling-carrier,,
My husband uses it more than me,The fabric is breathable enough that we used it all summer without baby overheating. Such a thoughtful design.,5,2024-03-29 00:00:00 UTC,Amber Smith,amber.smith@icloud.com,,nestli-embrace-sling-carrier,,
Impressive quality for the price,Great carrier and I use it daily. The only thing I'd change is the carry pouch — it's a bit small. But the carrier itself is 5 stars.,4,2024-07-22 00:00:00 UTC,Frank Carter,carterf794@hotmail.com,,nestli-embrace-sling-carrier,,
Dad approved!,Baby wouldn't sleep unless I was holding her. Tried this carrier out of desperation at 3am and she passed out within minutes. I've been wearing it every day since.,5,2023-06-04 00:00:00 UTC,Gary Moore,garymoore111@msn.com,,nestli-embrace-sling-carrier,,
Lightweight and perfect,My son is 20 months and 26 pounds. I still carry him in this when he's tired on walks. Zero shoulder pain.,5,2023-10-05 00:00:00 UTC,Aaron Clark,aaron@msn.com,,nestli-embrace-sling-carrier,,
Love it with minor learning curve,Really happy with the purchase. Slight learning curve but nothing that a YouTube tutorial didn't solve. Baby is calm and I'm hands-free.,4,2023-09-03 00:00:00 UTC,Adam Jackson,adam_jackson@aol.com,,nestli-embrace-sling-carrier,,
Happy with my purchase,Really nice carrier. Well made and baby seems very comfortable. Just takes a little practice at first. Glad I bought it.,4,2024-08-24 00:00:00 UTC,Aria Nguyen,aria.nguyen519@gmail.com,,nestli-embrace-sling-carrier,,
Obsessed with this thing,Took this to Disney World. Walked 12 hours with a 15-month-old in this carrier. My back felt completely fine. My husband was jealous.,5,2023-11-17 00:00:00 UTC,William Reyes,william.reyes226@msn.com,,nestli-embrace-sling-carrier,,
Grocery store hero,I was nervous about ring slings but the setup guide was so clear. Had it on correctly the first try. Baby was happy immediately.,5,2025-04-09 00:00:00 UTC,Jessica Perez,jessica.perez@hotmail.com,,nestli-embrace-sling-carrier,,
4 stars — great product,Works great for my petite frame. Had to watch a video to get the fit right but after that it's been perfect. Baby loves the closeness.,4,2023-08-06 00:00:00 UTC,Aaliyah Rivera,aaliyah67@yahoo.com,,nestli-embrace-sling-carrier,,
Cried happy tears when I tried it,Bought this as a gift for my sister's baby shower. She texted me a week later saying it's the only thing that calms her baby.,5,2023-07-16 00:00:00 UTC,Kimberly Bell,kimberly@outlook.com,,nestli-embrace-sling-carrier,,
5 stars isn't enough,"My toddler is 2.5 years old and we still use this at the farmers market. She gets tired, I pop her in, she's calm. Best investment of new parenthood.",5,2024-04-05 00:00:00 UTC,Michael Johnson,mjohnson@outlook.com,,nestli-embrace-sling-carrier,,
Bought 2 — one for grandma too,I run a mom and baby yoga class. I recommend this carrier to every single student. Half of them come back and say it changed their life.,5,2025-08-22 00:00:00 UTC,Emily Richardson,erichardson@icloud.com,,nestli-embrace-sling-carrier,,
Almost perfect,"Good carrier, my baby seems happy in it. I wish it came in more colors for my wardrobe but functionally it works great. Would recommend.",4,2024-01-22 00:00:00 UTC,Arianna Parker,arianna.parker@gmail.com,,nestli-embrace-sling-carrier,,
5 stars isn't enough,"The quality is incredible. Stitching is perfect, fabric is so soft against baby skin. Washed it 40+ times and it still looks brand new.",5,2024-01-21 00:00:00 UTC,Frank Williams,williams_f@aol.com,,nestli-embrace-sling-carrier,,
Obsessed with this thing,We flew cross-country with our 7-month-old. This carrier fit in my purse and our baby slept through both flights. Worth ten times the price.,5,2023-11-10 00:00:00 UTC,Timothy Hill,timothyhill@gmail.com,,nestli-embrace-sling-carrier,,
Baby falls asleep in minutes,Was skeptical after spending money on other carriers that hurt my back. This one is genuinely different. Wide padded strap makes all the difference.,5,2025-09-26 00:00:00 UTC,Alexander Clark,alexander_clark504@icloud.com,,nestli-embrace-sling-carrier,,
Baby falls asleep in minutes,I work from home and wear this during calls. Baby is calm and quiet and I look completely professional. Game changing for WFH moms.,5,2024-01-16 00:00:00 UTC,John Jones,jones_j@icloud.com,,nestli-embrace-sling-carrier,,
Bought for a friend too,Went to the grocery store with both hands free for the first time in 4 months. I actually teared up in the cereal aisle. This carrier is everything.,5,2023-06-15 00:00:00 UTC,Kevin Roberts,kevin@aol.com,,nestli-embrace-sling-carrier,,
Good for newborns,Love that I can nurse in this with a little practice. Took me a couple of weeks to get the hang of it but now it's seamless. High quality product.,4,2023-05-11 00:00:00 UTC,Madison Smith,madison.smith947@hotmail.com,,nestli-embrace-sling-carrier,,
Happy with my purchase,"Good carrier, my baby seems happy in it. I wish it came in more colors for my wardrobe but functionally it works great. Would recommend.",4,2024-05-27 00:00:00 UTC,Gianna Edwards,edwards_g909@yahoo.com,,nestli-embrace-sling-carrier,,
Grocery store hero,Ordered this as a last resort after my velcro baby refused to be put down for 3 months. Should have ordered it on day 1. So easy to use and baby loves it.,5,2024-05-25 00:00:00 UTC,Andrew Martin,martina618@outlook.com,,nestli-embrace-sling-carrier,,
"Love it, took a few tries",Really happy with the purchase. Slight learning curve but nothing that a YouTube tutorial didn't solve. Baby is calm and I'm hands-free.,4,2023-07-21 00:00:00 UTC,Lauren Scott,lauren681@gmail.com,,nestli-embrace-sling-carrier,,
Genuinely life changing,I was nervous about ring slings but the setup guide was so clear. Had it on correctly the first try. Baby was happy immediately.,5,2025-06-07 00:00:00 UTC,Joseph Richardson,joseph@outlook.com,,nestli-embrace-sling-carrier,,
My newborn loves it,My son is 20 months and 26 pounds. I still carry him in this when he's tired on walks. Zero shoulder pain.,5,2023-06-22 00:00:00 UTC,Delilah Davis,delilah@hotmail.com,,nestli-embrace-sling-carrier,,
Best baby gear purchase,My daughter had colic for 6 weeks and nothing worked. Put her in this carrier and she was asleep in 4 minutes. I literally cried. This carrier saved my sanity.,5,2024-12-29 00:00:00 UTC,Taylor Morgan,taylor@outlook.com,,nestli-embrace-sling-carrier,,
Best carrier I've ever owned,Was skeptical after spending money on other carriers that hurt my back. This one is genuinely different. Wide padded strap makes all the difference.,5,2023-12-22 00:00:00 UTC,Sophia Jones,jones.s701@icloud.com,,nestli-embrace-sling-carrier,,
She stopped crying the second I put it on,"Been using this for 14 months. Not a single seam has come loose, not a single stitch has broken. This thing is built to last.",5,2025-08-28 00:00:00 UTC,Nova Lopez,nova_lopez@msn.com,,nestli-embrace-sling-carrier,,
Wish I had this with my first,Baby wouldn't sleep unless I was holding her. Tried this carrier out of desperation at 3am and she passed out within minutes. I've been wearing it every day since.,5,2023-12-25 00:00:00 UTC,Josephine Kelly,josephine@outlook.com,,nestli-embrace-sling-carrier,,
Every mom needs this,Baby wouldn't sleep unless I was holding her. Tried this carrier out of desperation at 3am and she passed out within minutes. I've been wearing it every day since.,5,2024-02-02 00:00:00 UTC,Charlotte Johnson,johnson.c866@outlook.com,,nestli-embrace-sling-carrier,,
My arms don't hurt anymore!,"My toddler is 2.5 years old and we still use this at the farmers market. She gets tired, I pop her in, she's calm. Best investment of new parenthood.",5,2024-12-07 00:00:00 UTC,Everly Garcia,garcia_e@yahoo.com,,nestli-embrace-sling-carrier,,
Genuinely life changing,My baby went from needing to be rocked for 45 minutes to falling asleep in this carrier in under 10 minutes. Life is different now.,5,2024-11-20 00:00:00 UTC,Amber Gray,amber@live.com,,nestli-embrace-sling-carrier,,
Love it with minor learning curve,Comfortable for long carries. Gave 4 stars because the color I received looked slightly different from the website photo. Still looks nice though.,4,2023-03-03 00:00:00 UTC,Kimberly Stewart,kstewart102@outlook.com,,nestli-embrace-sling-carrier,,
Airport essential,Bought this as a gift for my sister's baby shower. She texted me a week later saying it's the only thing that calms her baby.,5,2023-01-25 00:00:00 UTC,Jacob Hall,hall.j@aol.com,,nestli-embrace-sling-carrier,,
The only carrier I recommend,Bought this as a gift for my sister's baby shower. She texted me a week later saying it's the only thing that calms her baby.,5,2023-12-12 00:00:00 UTC,Avery Stewart,stewarta231@msn.com,,nestli-embrace-sling-carrier,,
Good but takes practice,"Great quality, soft fabric, baby seems comfy. Docking one star because mine arrived with a small mark on the fabric. Customer service sorted it quickly though.",4,2023-08-08 00:00:00 UTC,Camila Rogers,crogers@gmail.com,,nestli-embrace-sling-carrier,,
My newborn loves it,I work from home and wear this during calls. Baby is calm and quiet and I look completely professional. Game changing for WFH moms.,5,2024-02-04 00:00:00 UTC,Matthew Gonzalez,mgonzalez@outlook.com,,nestli-embrace-sling-carrier,,
My newborn loves it,Ordered this as a last resort after my velcro baby refused to be put down for 3 months. Should have ordered it on day 1. So easy to use and baby loves it.,5,2024-06-29 00:00:00 UTC,Sophia Garcia,sgarcia@aol.com,,nestli-embrace-sling-carrier,,
Finally a carrier that actually works,Took this to Disney World. Walked 12 hours with a 15-month-old in this carrier. My back felt completely fine. My husband was jealous.,5,2023-07-23 00:00:00 UTC,Jacob Howard,jhoward817@live.com,,nestli-embrace-sling-carrier,,
Finally a carrier that actually works,My son is 20 months and 26 pounds. I still carry him in this when he's tired on walks. Zero shoulder pain.,5,2025-07-11 00:00:00 UTC,Charlotte Kelly,charlottekelly@msn.com,,nestli-embrace-sling-carrier,,
Hands free finally!!!,My husband said carriers looked too complicated. I ordered this without telling him. He tried it once and now he uses it more than I do. He calls it his dad superpower.,5,2024-04-17 00:00:00 UTC,Emilia Jackson,emilia@outlook.com,,nestli-embrace-sling-carrier,,
Perfect for our lifestyle,My postpartum anxiety was through the roof until I started babywearing. Having her close and being able to feel her breathing calmed both of us down.,5,2025-10-24 00:00:00 UTC,Madeline Collins,madeline.collins150@icloud.com,,nestli-embrace-sling-carrier,,
"Returned 3 carriers, kept this one",The fabric is breathable enough that we used it all summer without baby overheating. Such a thoughtful design.,5,2023-07-04 00:00:00 UTC,Naomi Hill,naomi@aol.com,,nestli-embrace-sling-carrier,,
This is THE one,"The quality is incredible. Stitching is perfect, fabric is so soft against baby skin. Washed it 40+ times and it still looks brand new.",5,2023-12-01 00:00:00 UTC,Vanessa Rivera,vrivera8@hotmail.com,,nestli-embrace-sling-carrier,,
Grocery store hero,Brought this to a family reunion. Every aunt and uncle took a turn. Nobody could believe how easy it was to put on. Orders came in from 3 family members.,5,2023-11-10 00:00:00 UTC,Aria Thompson,thompson.a954@outlook.com,,nestli-embrace-sling-carrier,,
Solid 4 stars from me,Comfortable for long carries. Gave 4 stars because the color I received looked slightly different from the website photo. Still looks nice though.,4,2025-03-06 00:00:00 UTC,Natalie Phillips,nphillips@yahoo.com,,nestli-embrace-sling-carrier,,
Best purchase of 2024,My son is 20 months and 26 pounds. I still carry him in this when he's tired on walks. Zero shoulder pain.,5,2023-08-19 00:00:00 UTC,Jose Collins,collinsj636@live.com,,nestli-embrace-sling-carrier,,
Good for newborns,Solid product. The strap is wide and comfortable. I gave 4 stars because I wish the setup instructions were a bit clearer with pictures. But the carrier itself is great.,4,2023-04-15 00:00:00 UTC,Gregory Bell,bell.g415@live.com,,nestli-embrace-sling-carrier,,
Genuinely life changing,Both my husband and I use this with no readjusting. One carrier for both parents — such a smart design. Highly recommend.,5,2024-11-13 00:00:00 UTC,Michael Ortiz,ortizm@outlook.com,,nestli-embrace-sling-carrier,,
My baby only sleeps in this now,My daughter had colic for 6 weeks and nothing worked. Put her in this carrier and she was asleep in 4 minutes. I literally cried. This carrier saved my sanity.,5,2024-02-17 00:00:00 UTC,Samuel Williams,williamss@icloud.com,,nestli-embrace-sling-carrier,,
Amazing quality,"Been using this for 14 months. Not a single seam has come loose, not a single stitch has broken. This thing is built to last.",5,2023-01-21 00:00:00 UTC,Leah Evans,leah.evans@outlook.com,,nestli-embrace-sling-carrier,,
Amazing quality,My son is 20 months and 26 pounds. I still carry him in this when he's tired on walks. Zero shoulder pain.,5,2024-06-29 00:00:00 UTC,Gregory Torres,gtorres907@yahoo.com,,nestli-embrace-sling-carrier,,
Life changing for new moms,Ordered this as a last resort after my velcro baby refused to be put down for 3 months. Should have ordered it on day 1. So easy to use and baby loves it.,5,2023-02-04 00:00:00 UTC,Madison Nguyen,mnguyen@outlook.com,,nestli-embrace-sling-carrier,,
My velcro baby is finally calm,Ordered this as a last resort after my velcro baby refused to be put down for 3 months. Should have ordered it on day 1. So easy to use and baby loves it.,5,2024-12-28 00:00:00 UTC,Riley Morris,morris_r@icloud.com,,nestli-embrace-sling-carrier,,
Cooking with baby — done!,We flew cross-country with our 7-month-old. This carrier fit in my purse and our baby slept through both flights. Worth ten times the price.,5,2023-06-07 00:00:00 UTC,Alexander Kelly,kelly.a@gmail.com,,nestli-embrace-sling-carrier,,
My arms don't hurt anymore!,My postpartum anxiety was through the roof until I started babywearing. Having her close and being able to feel her breathing calmed both of us down.,5,2024-12-27 00:00:00 UTC,Mark Gray,mark_gray446@msn.com,,nestli-embrace-sling-carrier,,
This saved my postpartum,Bought this because a mom in my birth class had one. Now 6 women from that class have this carrier. We call ourselves the Nestli moms.,5,2023-08-21 00:00:00 UTC,Madelyn Cook,mcook449@live.com,,nestli-embrace-sling-carrier,,
My velcro baby is finally calm,My baby went from needing to be rocked for 45 minutes to falling asleep in this carrier in under 10 minutes. Life is different now.,5,2025-06-04 00:00:00 UTC,Justin Walker,jwalker715@gmail.com,,nestli-embrace-sling-carrier,,
Worth every single penny,My baby went from needing to be rocked for 45 minutes to falling asleep in this carrier in under 10 minutes. Life is different now.,5,2023-02-10 00:00:00 UTC,Caroline Kelly,kellyc670@msn.com,,nestli-embrace-sling-carrier,,
This saved my postpartum,We flew cross-country with our 7-month-old. This carrier fit in my purse and our baby slept through both flights. Worth ten times the price.,5,2023-05-25 00:00:00 UTC,Diana Allen,dallen@icloud.com,,nestli-embrace-sling-carrier,,
Perfection,Was skeptical after spending money on other carriers that hurt my back. This one is genuinely different. Wide padded strap makes all the difference.,5,2023-05-15 00:00:00 UTC,Larry Edwards,larry@live.com,,nestli-embrace-sling-carrier,,
Bought for a friend too,"Been using this for 14 months. Not a single seam has come loose, not a single stitch has broken. This thing is built to last.",5,2024-12-09 00:00:00 UTC,Zoe Ward,zoe@outlook.com,,nestli-embrace-sling-carrier,,
10/10 no notes,"The quality is incredible. Stitching is perfect, fabric is so soft against baby skin. Washed it 40+ times and it still looks brand new.",5,2023-09-23 00:00:00 UTC,Jeffrey Anderson,jeffrey.anderson148@gmail.com,,nestli-embrace-sling-carrier,,
Finally sleeping again,Baby wouldn't sleep unless I was holding her. Tried this carrier out of desperation at 3am and she passed out within minutes. I've been wearing it every day since.,5,2024-08-27 00:00:00 UTC,Aaron Hall,ahall@yahoo.com,,nestli-embrace-sling-carrier,,
She stopped crying the second I put it on,We flew cross-country with our 7-month-old. This carrier fit in my purse and our baby slept through both flights. Worth ten times the price.,5,2025-09-20 00:00:00 UTC,Madeline Wright,mwright463@hotmail.com,,nestli-embrace-sling-carrier,,
This is THE one,Was skeptical after spending money on other carriers that hurt my back. This one is genuinely different. Wide padded strap makes all the difference.,5,2023-10-11 00:00:00 UTC,Lily Rogers,rogersl194@outlook.com,,nestli-embrace-sling-carrier,,
Genuinely life changing,My second baby is so much calmer than my first was — I think it's entirely because I used this carrier from day 1. Skin-to-skin while getting things done.,5,2023-04-27 00:00:00 UTC,Megan Sullivan,sullivanm905@live.com,,nestli-embrace-sling-carrier,,
Finally sleeping again,My son has reflux and needs to stay upright after feeds. This carrier keeps him perfectly positioned and he's so much more comfortable.,5,2024-06-16 00:00:00 UTC,Jasmine Nguyen,jasminenguyen@msn.com,,nestli-embrace-sling-carrier,,
Absolute game changer!,Ordered this as a last resort after my velcro baby refused to be put down for 3 months. Should have ordered it on day 1. So easy to use and baby loves it.,5,2024-06-05 00:00:00 UTC,Ronald Nguyen,rnguyen@aol.com,,nestli-embrace-sling-carrier,,
My arms don't hurt anymore!,"I've tried 3 different carriers before this one. Returned all of them. The Nestli goes on in seconds, I barely feel the weight, and my son falls asleep in it every single time.",5,2025-02-07 00:00:00 UTC,Eva Cook,eva.cook299@aol.com,,nestli-embrace-sling-carrier,,
Carrier of the year,"The quality is incredible. Stitching is perfect, fabric is so soft against baby skin. Washed it 40+ times and it still looks brand new.",5,2023-04-04 00:00:00 UTC,Allison White,whitea276@yahoo.com,,nestli-embrace-sling-carrier,,
Dad approved!,Brought this to a family reunion. Every aunt and uncle took a turn. Nobody could believe how easy it was to put on. Orders came in from 3 family members.,5,2025-06-18 00:00:00 UTC,Natalie Harris,natalie321@icloud.com,,nestli-embrace-sling-carrier,,
Genuinely life changing,I work from home and wear this during calls. Baby is calm and quiet and I look completely professional. Game changing for WFH moms.,5,2024-01-11 00:00:00 UTC,Patrick Scott,scottp@gmail.com,,nestli-embrace-sling-carrier,,
Solid carrier overall,Love that I can nurse in this with a little practice. Took me a couple of weeks to get the hang of it but now it's seamless. High quality product.,4,2023-09-23 00:00:00 UTC,Alexa Barnes,abarnes@live.com,,nestli-embrace-sling-carrier,,
"Goodbye stroller, hello Nestli","I've tried 3 different carriers before this one. Returned all of them. The Nestli goes on in seconds, I barely feel the weight, and my son falls asleep in it every single time.",5,2025-09-10 00:00:00 UTC,Jasmine Miller,jasmine.miller740@hotmail.com,,nestli-embrace-sling-carrier,,
Amazing quality,Ordered this as a last resort after my velcro baby refused to be put down for 3 months. Should have ordered it on day 1. So easy to use and baby loves it.,5,2024-06-03 00:00:00 UTC,Edward Howard,ehoward490@live.com,,nestli-embrace-sling-carrier,,
Dad approved!,My husband said carriers looked too complicated. I ordered this without telling him. He tried it once and now he uses it more than I do. He calls it his dad superpower.,5,2024-12-05 00:00:00 UTC,Justin Carter,jcarter@msn.com,,nestli-embrace-sling-carrier,,
Mostly love this carrier,"Love the quality of this carrier. Only reason it's 4 stars is the learning curve — it took me a week to feel confident putting it on. After that, totally smooth.",4,2023-05-22 00:00:00 UTC,Patrick Murphy,pmurphy855@gmail.com,,nestli-embrace-sling-carrier,,
Baby falls asleep in minutes,My daughter had colic for 6 weeks and nothing worked. Put her in this carrier and she was asleep in 4 minutes. I literally cried. This carrier saved my sanity.,5,2024-06-22 00:00:00 UTC,Autumn Ortiz,autumn307@aol.com,,nestli-embrace-sling-carrier,,
"Great quality, took time to adjust",Good quality product. Baby is content in it and I can actually get things done. Would give 5 stars but it took some practice to get the tightness right.,4,2024-03-05 00:00:00 UTC,Raymond Morgan,morganr658@yahoo.com,,nestli-embrace-sling-carrier,,
Good but takes practice,Great carrier and I use it daily. The only thing I'd change is the carry pouch — it's a bit small. But the carrier itself is 5 stars.,4,2023-05-13 00:00:00 UTC,Jennifer Ross,jennifer@hotmail.com,,nestli-embrace-sling-carrier,,
Grocery store hero,My son has reflux and needs to stay upright after feeds. This carrier keeps him perfectly positioned and he's so much more comfortable.,5,2023-12-21 00:00:00 UTC,Kennedy Miller,kmiller406@yahoo.com,,nestli-embrace-sling-carrier,,
My newborn loves it,"I've tried 3 different carriers before this one. Returned all of them. The Nestli goes on in seconds, I barely feel the weight, and my son falls asleep in it every single time.",5,2024-01-01 00:00:00 UTC,Hazel Ramirez,ramirez.h@hotmail.com,,nestli-embrace-sling-carrier,,
Cried happy tears when I tried it,"My toddler is 2.5 years old and we still use this at the farmers market. She gets tired, I pop her in, she's calm. Best investment of new parenthood.",5,2023-04-11 00:00:00 UTC,Jack Peterson,jack431@outlook.com,,nestli-embrace-sling-carrier,,
"Returned 3 carriers, kept this one",My second baby is so much calmer than my first was — I think it's entirely because I used this carrier from day 1. Skin-to-skin while getting things done.,5,2025-01-02 00:00:00 UTC,Jason Nguyen,nguyenj@gmail.com,,nestli-embrace-sling-carrier,,
"Great quality, took time to adjust",Great carrier and I use it daily. The only thing I'd change is the carry pouch — it's a bit small. But the carrier itself is 5 stars.,4,2025-09-03 00:00:00 UTC,Frank Hill,fhill256@msn.com,,nestli-embrace-sling-carrier,,
Best purchase of 2024,My son is 20 months and 26 pounds. I still carry him in this when he's tired on walks. Zero shoulder pain.,5,2025-04-01 00:00:00 UTC,Eliana Wilson,eliana549@icloud.com,,nestli-embrace-sling-carrier,,
My velcro baby is finally calm,My son has reflux and needs to stay upright after feeds. This carrier keeps him perfectly positioned and he's so much more comfortable.,5,2023-06-29 00:00:00 UTC,Richard Rivera,rrivera348@gmail.com,,nestli-embrace-sling-carrier,,
"Fits perfectly, baby loves it",My postpartum anxiety was through the roof until I started babywearing. Having her close and being able to feel her breathing calmed both of us down.,5,2023-11-04 00:00:00 UTC,Brian King,brian169@icloud.com,,nestli-embrace-sling-carrier,,
Never taking this off,My daughter had colic for 6 weeks and nothing worked. Put her in this carrier and she was asleep in 4 minutes. I literally cried. This carrier saved my sanity.,5,2023-04-25 00:00:00 UTC,Ellie Hill,ehill119@aol.com,,nestli-embrace-sling-carrier,,
Cooking with baby — done!,My son has reflux and needs to stay upright after feeds. This carrier keeps him perfectly positioned and he's so much more comfortable.,5,2023-12-15 00:00:00 UTC,Kinsley Hernandez,kinsley@icloud.com,,nestli-embrace-sling-carrier,,
"Great quality, took time to adjust",Really happy with the purchase. Slight learning curve but nothing that a YouTube tutorial didn't solve. Baby is calm and I'm hands-free.,4,2024-01-21 00:00:00 UTC,Audrey Bennett,bennett_a919@msn.com,,nestli-embrace-sling-carrier,,
Good for newborns,Comfortable for long carries. Gave 4 stars because the color I received looked slightly different from the website photo. Still looks nice though.,4,2023-01-01 00:00:00 UTC,Jonathan Myers,myers_j783@outlook.com,,nestli-embrace-sling-carrier,,
Really like this carrier,Works great for my petite frame. Had to watch a video to get the fit right but after that it's been perfect. Baby loves the closeness.,4,2023-11-19 00:00:00 UTC,Samuel Nguyen,nguyen.s@live.com,,nestli-embrace-sling-carrier,,
My newborn loves it,My postpartum anxiety was through the roof until I started babywearing. Having her close and being able to feel her breathing calmed both of us down.,5,2023-04-10 00:00:00 UTC,Alexis Hernandez,alexis_hernandez88@gmail.com,,nestli-embrace-sling-carrier,,
Bought for a friend too,"Been using this for 14 months. Not a single seam has come loose, not a single stitch has broken. This thing is built to last.",5,2023-06-20 00:00:00 UTC,Taylor Howard,thoward@msn.com,,nestli-embrace-sling-carrier,,
Bought 2 — one for grandma too,Baby wouldn't sleep unless I was holding her. Tried this carrier out of desperation at 3am and she passed out within minutes. I've been wearing it every day since.,5,2024-01-24 00:00:00 UTC,Hazel Ross,hross482@icloud.com,,nestli-embrace-sling-carrier,,
Every mom needs this,"I've tried 3 different carriers before this one. Returned all of them. The Nestli goes on in seconds, I barely feel the weight, and my son falls asleep in it every single time.",5,2025-10-01 00:00:00 UTC,Zoey Ramirez,zoey@gmail.com,,nestli-embrace-sling-carrier,,
Best baby gear purchase,I was nervous about ring slings but the setup guide was so clear. Had it on correctly the first try. Baby was happy immediately.,5,2023-06-02 00:00:00 UTC,Kennedy James,kennedy@outlook.com,,nestli-embrace-sling-carrier,,
This saved my postpartum,Both my husband and I use this with no readjusting. One carrier for both parents — such a smart design. Highly recommend.,5,2023-09-28 00:00:00 UTC,Jacob Campbell,jcampbell900@aol.com,,nestli-embrace-sling-carrier,,
Great for travel,Bought this as a gift for my sister's baby shower. She texted me a week later saying it's the only thing that calms her baby.,5,2023-04-22 00:00:00 UTC,Megan Morales,meganmorales445@icloud.com,,nestli-embrace-sling-carrier,,
Airport essential,Was skeptical after spending money on other carriers that hurt my back. This one is genuinely different. Wide padded strap makes all the difference.,5,2025-07-04 00:00:00 UTC,Steven Torres,steven@hotmail.com,,nestli-embrace-sling-carrier,,
Bought for a friend too,My husband said carriers looked too complicated. I ordered this without telling him. He tried it once and now he uses it more than I do. He calls it his dad superpower.,5,2023-12-09 00:00:00 UTC,Madelyn Sullivan,sullivan_m@hotmail.com,,nestli-embrace-sling-carrier,,
Love it with minor learning curve,Really nice carrier. Well made and baby seems very comfortable. Just takes a little practice at first. Glad I bought it.,4,2025-08-01 00:00:00 UTC,Stephen Murphy,stephen.murphy823@msn.com,,nestli-embrace-sling-carrier,,
Absolute game changer!,Took this to Disney World. Walked 12 hours with a 15-month-old in this carrier. My back felt completely fine. My husband was jealous.,5,2024-09-17 00:00:00 UTC,Delilah Hughes,delilah288@gmail.com,,nestli-embrace-sling-carrier,,
Amazing quality,I was nervous about ring slings but the setup guide was so clear. Had it on correctly the first try. Baby was happy immediately.,5,2023-03-19 00:00:00 UTC,Chloe Rodriguez,rodriguez_c606@aol.com,,nestli-embrace-sling-carrier,,
Airport essential,We flew cross-country with our 7-month-old. This carrier fit in my purse and our baby slept through both flights. Worth ten times the price.,5,2023-09-11 00:00:00 UTC,Victoria Russell,vrussell@yahoo.com,,nestli-embrace-sling-carrier,,
My sanity saver,The fabric is breathable enough that we used it all summer without baby overheating. Such a thoughtful design.,5,2023-11-28 00:00:00 UTC,Aurora Cooper,coopera@gmail.com,,nestli-embrace-sling-carrier,,
Good but takes practice,Really like this carrier. My husband found it slightly tricky to adjust at first but now he uses it on his own. Baby falls asleep in it often.,4,2023-04-07 00:00:00 UTC,Raymond Fisher,rfisher582@outlook.com,,nestli-embrace-sling-carrier,,
"Nice carrier, minor issue with strap","Great quality, soft fabric, baby seems comfy. Docking one star because mine arrived with a small mark on the fabric. Customer service sorted it quickly though.",4,2024-07-31 00:00:00 UTC,Charlotte Richardson,charlotte10@icloud.com,,nestli-embrace-sling-carrier,,
This is THE one,Bought this as a gift for my sister's baby shower. She texted me a week later saying it's the only thing that calms her baby.,5,2023-09-07 00:00:00 UTC,Stephanie Nguyen,snguyen425@live.com,,nestli-embrace-sling-carrier,,
Grocery store hero,My daughter had colic for 6 weeks and nothing worked. Put her in this carrier and she was asleep in 4 minutes. I literally cried. This carrier saved my sanity.,5,2023-07-24 00:00:00 UTC,David Taylor,dtaylor@gmail.com,,nestli-embrace-sling-carrier,,
"Easy to put on, baby loves it",I run a mom and baby yoga class. I recommend this carrier to every single student. Half of them come back and say it changed their life.,5,2023-10-26 00:00:00 UTC,Ashley James,ajames70@hotmail.com,,nestli-embrace-sling-carrier,,
Baby falls asleep in minutes,My son is 20 months and 26 pounds. I still carry him in this when he's tired on walks. Zero shoulder pain.,5,2025-02-03 00:00:00 UTC,Kimberly Torres,ktorres362@live.com,,nestli-embrace-sling-carrier,,
Almost perfect,Really nice carrier. Well made and baby seems very comfortable. Just takes a little practice at first. Glad I bought it.,4,2023-08-10 00:00:00 UTC,Thomas Foster,thomas_foster387@aol.com,,nestli-embrace-sling-carrier,,
"Easy to put on, baby loves it",I run a mom and baby yoga class. I recommend this carrier to every single student. Half of them come back and say it changed their life.,5,2023-04-30 00:00:00 UTC,Donald Baker,donald_baker@gmail.com,,nestli-embrace-sling-carrier,,
Absolute game changer!,I work from home and wear this during calls. Baby is calm and quiet and I look completely professional. Game changing for WFH moms.,5,2024-10-14 00:00:00 UTC,Daniel Rivera,daniel.rivera82@icloud.com,,nestli-embrace-sling-carrier,,
My sanity saver,My daughter had colic for 6 weeks and nothing worked. Put her in this carrier and she was asleep in 4 minutes. I literally cried. This carrier saved my sanity.,5,2025-01-25 00:00:00 UTC,Joshua Jackson,joshua_jackson@live.com,,nestli-embrace-sling-carrier,,
This saved my postpartum,My husband said carriers looked too complicated. I ordered this without telling him. He tried it once and now he uses it more than I do. He calls it his dad superpower.,5,2025-07-27 00:00:00 UTC,Ryan Turner,ryan_turner737@live.com,,nestli-embrace-sling-carrier,,
My go-to carrier for everything,My daughter had colic for 6 weeks and nothing worked. Put her in this carrier and she was asleep in 4 minutes. I literally cried. This carrier saved my sanity.,5,2023-01-24 00:00:00 UTC,Sarah Gonzalez,sgonzalez@live.com,,nestli-embrace-sling-carrier,,
Finally a carrier that actually works,We flew cross-country with our 7-month-old. This carrier fit in my purse and our baby slept through both flights. Worth ten times the price.,5,2023-05-30 00:00:00 UTC,Vanessa Sanders,vanessa157@hotmail.com,,nestli-embrace-sling-carrier,,
So easy to use,My husband said carriers looked too complicated. I ordered this without telling him. He tried it once and now he uses it more than I do. He calls it his dad superpower.,5,2023-10-21 00:00:00 UTC,Genesis Walker,gwalker589@aol.com,,nestli-embrace-sling-carrier,,
Absolute game changer!,My second baby is so much calmer than my first was — I think it's entirely because I used this carrier from day 1. Skin-to-skin while getting things done.,5,2023-02-27 00:00:00 UTC,Lauren Torres,lauren555@hotmail.com,,nestli-embrace-sling-carrier,,
She stopped crying the second I put it on,Took this to Disney World. Walked 12 hours with a 15-month-old in this carrier. My back felt completely fine. My husband was jealous.,5,2024-03-11 00:00:00 UTC,Genesis Nelson,genesis622@yahoo.com,,nestli-embrace-sling-carrier,,
Finally a carrier that actually works,Went to the grocery store with both hands free for the first time in 4 months. I actually teared up in the cereal aisle. This carrier is everything.,5,2024-09-17 00:00:00 UTC,Sophia Gutierrez,sophia@gmail.com,,nestli-embrace-sling-carrier,,
"Great carrier, wish it came with more colors",Really happy with the purchase. Slight learning curve but nothing that a YouTube tutorial didn't solve. Baby is calm and I'm hands-free.,4,2025-06-04 00:00:00 UTC,Chloe Richardson,chloe_richardson@outlook.com,,nestli-embrace-sling-carrier,,
Bought 2 — one for grandma too,Bought this as a gift for my sister's baby shower. She texted me a week later saying it's the only thing that calms her baby.,5,2025-07-13 00:00:00 UTC,Anthony Miller,anthonymiller@hotmail.com,,nestli-embrace-sling-carrier,,
Never taking this off,"Been using this for 14 months. Not a single seam has come loose, not a single stitch has broken. This thing is built to last.",5,2023-01-14 00:00:00 UTC,Hannah Richardson,hannah.richardson911@outlook.com,,nestli-embrace-sling-carrier,,
Dad approved!,"Been using this for 14 months. Not a single seam has come loose, not a single stitch has broken. This thing is built to last.",5,2023-12-04 00:00:00 UTC,Dennis Roberts,roberts_d31@hotmail.com,,nestli-embrace-sling-carrier,,
"Returned 3 carriers, kept this one",Ordered this as a last resort after my velcro baby refused to be put down for 3 months. Should have ordered it on day 1. So easy to use and baby loves it.,5,2025-06-14 00:00:00 UTC,Isla Sullivan,sullivan.i@gmail.com,,nestli-embrace-sling-carrier,,
Happy with my purchase,"Great quality, soft fabric, baby seems comfy. Docking one star because mine arrived with a small mark on the fabric. Customer service sorted it quickly though.",4,2023-01-17 00:00:00 UTC,Savannah Ramirez,savannah135@msn.com,,nestli-embrace-sling-carrier,,
Finally a carrier that actually works,"Been using this for 14 months. Not a single seam has come loose, not a single stitch has broken. This thing is built to last.",5,2023-09-10 00:00:00 UTC,Cora Nguyen,cora279@hotmail.com,,nestli-embrace-sling-carrier,,
Carrier of the year,My baby went from needing to be rocked for 45 minutes to falling asleep in this carrier in under 10 minutes. Life is different now.,5,2024-03-22 00:00:00 UTC,Natalie Nguyen,natalienguyen@icloud.com,,nestli-embrace-sling-carrier,,
My go-to carrier for everything,My son has reflux and needs to stay upright after feeds. This carrier keeps him perfectly positioned and he's so much more comfortable.,5,2023-03-02 00:00:00 UTC,Christopher Flores,christopher160@msn.com,,nestli-embrace-sling-carrier,,
Lightweight and perfect,My second baby is so much calmer than my first was — I think it's entirely because I used this carrier from day 1. Skin-to-skin while getting things done.,5,2023-01-21 00:00:00 UTC,Piper Powell,ppowell6@live.com,,nestli-embrace-sling-carrier,,
"Nice carrier, minor issue with strap",Really great carrier overall. Took me about 3 tries to get the fit right but once I figured it out I love it. Baby seems comfortable and I have both hands free.,4,2023-09-03 00:00:00 UTC,Nevaeh Hernandez,nevaeh_hernandez807@hotmail.com,,nestli-embrace-sling-carrier,,
Really great carrier,Love that I can nurse in this with a little practice. Took me a couple of weeks to get the hang of it but now it's seamless. High quality product.,4,2025-03-22 00:00:00 UTC,Bella Mitchell,bmitchell412@live.com,,nestli-embrace-sling-carrier,,
Would recommend with small caveat,"Great carrier, my daughter loves it. Took off one star because the instructions could be more detailed. Overall very happy with the purchase.",4,2024-12-26 00:00:00 UTC,Jessica Miller,jessica_miller@live.com,,nestli-embrace-sling-carrier,,
Baby falls asleep in minutes,I was nervous about ring slings but the setup guide was so clear. Had it on correctly the first try. Baby was happy immediately.,5,2023-01-29 00:00:00 UTC,Eleanor Ward,eward@aol.com,,nestli-embrace-sling-carrier,,
My sanity saver,Both my husband and I use this with no readjusting. One carrier for both parents — such a smart design. Highly recommend.,5,2024-07-18 00:00:00 UTC,Jose Walker,jwalker@icloud.com,,nestli-embrace-sling-carrier,,
Carrier of the year,Went to the grocery store with both hands free for the first time in 4 months. I actually teared up in the cereal aisle. This carrier is everything.,5,2024-08-18 00:00:00 UTC,Stephen Evans,stephenevans@gmail.com,,nestli-embrace-sling-carrier,,
Best carrier I've ever owned,"I've tried 3 different carriers before this one. Returned all of them. The Nestli goes on in seconds, I barely feel the weight, and my son falls asleep in it every single time.",5,2023-08-04 00:00:00 UTC,Hazel Williams,williamsh693@live.com,,nestli-embrace-sling-carrier,,
Perfect for our lifestyle,"My toddler is 2.5 years old and we still use this at the farmers market. She gets tired, I pop her in, she's calm. Best investment of new parenthood.",5,2023-02-09 00:00:00 UTC,Samuel Harris,samuel@hotmail.com,,nestli-embrace-sling-carrier,,
Absolute game changer!,My daughter had colic for 6 weeks and nothing worked. Put her in this carrier and she was asleep in 4 minutes. I literally cried. This carrier saved my sanity.,5,2024-02-05 00:00:00 UTC,Skylar Brooks,sbrooks@yahoo.com,,nestli-embrace-sling-carrier,,
"Fits perfectly, baby loves it",Bought this because a mom in my birth class had one. Now 6 women from that class have this carrier. We call ourselves the Nestli moms.,5,2024-02-24 00:00:00 UTC,Mila Cooper,mila_cooper@gmail.com,,nestli-embrace-sling-carrier,,
"Fits perfectly, baby loves it",Was skeptical after spending money on other carriers that hurt my back. This one is genuinely different. Wide padded strap makes all the difference.,5,2023-10-28 00:00:00 UTC,Timothy Rivera,trivera@live.com,,nestli-embrace-sling-carrier,,
"Nice carrier, minor issue with strap",Works well and baby loves it. The ring is a bit stiff at first so adjusting takes some force until it breaks in. After a week it was perfect.,4,2023-03-20 00:00:00 UTC,Grace Ross,grace64@aol.com,,nestli-embrace-sling-carrier,,
Best carrier I've ever owned,I run a mom and baby yoga class. I recommend this carrier to every single student. Half of them come back and say it changed their life.,5,2025-03-22 00:00:00 UTC,Penelope Gonzalez,pgonzalez722@msn.com,,nestli-embrace-sling-carrier,,
Finally sleeping again,The fabric is breathable enough that we used it all summer without baby overheating. Such a thoughtful design.,5,2023-12-16 00:00:00 UTC,Stephanie Cooper,cooper.s545@hotmail.com,,nestli-embrace-sling-carrier,,
Worth every single penny,My son is 20 months and 26 pounds. I still carry him in this when he's tired on walks. Zero shoulder pain.,5,2023-12-08 00:00:00 UTC,Sophia Hernandez,hernandezs@yahoo.com,,nestli-embrace-sling-carrier,,
This is THE one,I was nervous about ring slings but the setup guide was so clear. Had it on correctly the first try. Baby was happy immediately.,5,2024-12-28 00:00:00 UTC,Quinn Thomas,qthomas@gmail.com,,nestli-embrace-sling-carrier,,
My baby only sleeps in this now,"The quality is incredible. Stitching is perfect, fabric is so soft against baby skin. Washed it 40+ times and it still looks brand new.",5,2025-02-28 00:00:00 UTC,Eric Walker,ewalker@live.com,,nestli-embrace-sling-carrier,,
"Fits perfectly, baby loves it","I've tried 3 different carriers before this one. Returned all of them. The Nestli goes on in seconds, I barely feel the weight, and my son falls asleep in it every single time.",5,2024-03-26 00:00:00 UTC,Nicholas Brown,nbrown896@outlook.com,,nestli-embrace-sling-carrier,,
Finally a carrier that actually works,Went to the grocery store with both hands free for the first time in 4 months. I actually teared up in the cereal aisle. This carrier is everything.,5,2025-01-10 00:00:00 UTC,Jason Anderson,jason779@hotmail.com,,nestli-embrace-sling-carrier,,
Worth every single penny,We flew cross-country with our 7-month-old. This carrier fit in my purse and our baby slept through both flights. Worth ten times the price.,5,2023-04-24 00:00:00 UTC,Adam Morales,adam163@aol.com,,nestli-embrace-sling-carrier,,
My go-to carrier for everything,We flew cross-country with our 7-month-old. This carrier fit in my purse and our baby slept through both flights. Worth ten times the price.,5,2023-01-09 00:00:00 UTC,Skylar Rogers,srogers755@aol.com,,nestli-embrace-sling-carrier,,
Good but takes practice,Works well and baby loves it. The ring is a bit stiff at first so adjusting takes some force until it breaks in. After a week it was perfect.,4,2024-12-14 00:00:00 UTC,Willow Green,wgreen@outlook.com,,nestli-embrace-sling-carrier,,
Good but takes practice,"Good carrier, my baby seems happy in it. I wish it came in more colors for my wardrobe but functionally it works great. Would recommend.",4,2023-01-17 00:00:00 UTC,Autumn Gray,agray@icloud.com,,nestli-embrace-sling-carrier,,
Good for newborns,Really nice carrier. Well made and baby seems very comfortable. Just takes a little practice at first. Glad I bought it.,4,2024-12-13 00:00:00 UTC,Cora Murphy,murphyc@hotmail.com,,nestli-embrace-sling-carrier,,
Should have bought this from day one,My baby went from needing to be rocked for 45 minutes to falling asleep in this carrier in under 10 minutes. Life is different now.,5,2023-05-23 00:00:00 UTC,Madeline Wood,mwood57@msn.com,,nestli-embrace-sling-carrier,,
Never taking this off,Went to the grocery store with both hands free for the first time in 4 months. I actually teared up in the cereal aisle. This carrier is everything.,5,2023-01-02 00:00:00 UTC,Jerry Harris,jharris873@icloud.com,,nestli-embrace-sling-carrier,,
Cried happy tears when I tried it,My husband said carriers looked too complicated. I ordered this without telling him. He tried it once and now he uses it more than I do. He calls it his dad superpower.,5,2023-01-23 00:00:00 UTC,Amelia Carter,acarter@yahoo.com,,nestli-embrace-sling-carrier,,
My pediatrician approved it,I run a mom and baby yoga class. I recommend this carrier to every single student. Half of them come back and say it changed their life.,5,2024-05-27 00:00:00 UTC,Autumn Jones,autumn388@live.com,,nestli-embrace-sling-carrier,,
Solid carrier overall,Love that I can nurse in this with a little practice. Took me a couple of weeks to get the hang of it but now it's seamless. High quality product.,4,2024-08-14 00:00:00 UTC,Lauren Evans,lauren@aol.com,,nestli-embrace-sling-carrier,,
"Goodbye stroller, hello Nestli",Was skeptical after spending money on other carriers that hurt my back. This one is genuinely different. Wide padded strap makes all the difference.,5,2025-01-28 00:00:00 UTC,Gianna Davis,gdavis30@aol.com,,nestli-embrace-sling-carrier,,
Should have bought this from day one,Bought this as a gift for my sister's baby shower. She texted me a week later saying it's the only thing that calms her baby.,5,2023-08-14 00:00:00 UTC,Claire Barnes,cbarnes503@msn.com,,nestli-embrace-sling-carrier,,
4 stars — great product,Comfortable for long carries. Gave 4 stars because the color I received looked slightly different from the website photo. Still looks nice though.,4,2023-02-17 00:00:00 UTC,Penelope Carter,pcarter@aol.com,,nestli-embrace-sling-carrier,,
Cried happy tears when I tried it,"The quality is incredible. Stitching is perfect, fabric is so soft against baby skin. Washed it 40+ times and it still looks brand new.",5,2025-01-03 00:00:00 UTC,Claire Johnson,claire.johnson337@yahoo.com,,nestli-embrace-sling-carrier,,
She stopped crying the second I put it on,Baby wouldn't sleep unless I was holding her. Tried this carrier out of desperation at 3am and she passed out within minutes. I've been wearing it every day since.,5,2024-01-23 00:00:00 UTC,Justin Long,justin465@hotmail.com,,nestli-embrace-sling-carrier,,
Recommend for most moms,"Good carrier, my baby seems happy in it. I wish it came in more colors for my wardrobe but functionally it works great. Would recommend.",4,2023-03-15 00:00:00 UTC,Paul Turner,turner.p430@icloud.com,,nestli-embrace-sling-carrier,,
Finally a carrier that actually works,My second baby is so much calmer than my first was — I think it's entirely because I used this carrier from day 1. Skin-to-skin while getting things done.,5,2023-04-16 00:00:00 UTC,Kayla Garcia,garciak185@yahoo.com,,nestli-embrace-sling-carrier,,
Grocery store hero,We flew cross-country with our 7-month-old. This carrier fit in my purse and our baby slept through both flights. Worth ten times the price.,5,2024-11-04 00:00:00 UTC,Scarlett Adams,scarlett969@msn.com,,nestli-embrace-sling-carrier,,
Cried happy tears when I tried it,Brought this to a family reunion. Every aunt and uncle took a turn. Nobody could believe how easy it was to put on. Orders came in from 3 family members.,5,2023-10-16 00:00:00 UTC,Emery Price,eprice174@live.com,,nestli-embrace-sling-carrier,,
This is THE one,Brought this to a family reunion. Every aunt and uncle took a turn. Nobody could believe how easy it was to put on. Orders came in from 3 family members.,5,2024-09-26 00:00:00 UTC,Nova Green,ngreen874@aol.com,,nestli-embrace-sling-carrier,,
Bought for a friend too,"The quality is incredible. Stitching is perfect, fabric is so soft against baby skin. Washed it 40+ times and it still looks brand new.",5,2023-04-23 00:00:00 UTC,Timothy Peterson,petersont526@yahoo.com,,nestli-embrace-sling-carrier,,
She stopped crying the second I put it on,"Been using this for 14 months. Not a single seam has come loose, not a single stitch has broken. This thing is built to last.",5,2023-01-11 00:00:00 UTC,Allison Cox,cox_a602@gmail.com,,nestli-embrace-sling-carrier,,
"Fits perfectly, baby loves it",The fabric is breathable enough that we used it all summer without baby overheating. Such a thoughtful design.,5,2023-02-16 00:00:00 UTC,Amanda Sanders,amanda894@hotmail.com,,nestli-embrace-sling-carrier,,
Baby falls asleep in minutes,Bought this as a gift for my sister's baby shower. She texted me a week later saying it's the only thing that calms her baby.,5,2023-02-26 00:00:00 UTC,Claire Sanchez,csanchez@gmail.com,,nestli-embrace-sling-carrier,,
This saved my postpartum,The fabric is breathable enough that we used it all summer without baby overheating. Such a thoughtful design.,5,2023-10-29 00:00:00 UTC,Kayla Parker,kparker41@hotmail.com,,nestli-embrace-sling-carrier,,
Carrier of the year,"I've tried 3 different carriers before this one. Returned all of them. The Nestli goes on in seconds, I barely feel the weight, and my son falls asleep in it every single time.",5,2023-04-10 00:00:00 UTC,Jose Martin,martin_j547@outlook.com,,nestli-embrace-sling-carrier,,
Obsessed with this thing,My husband said carriers looked too complicated. I ordered this without telling him. He tried it once and now he uses it more than I do. He calls it his dad superpower.,5,2024-01-06 00:00:00 UTC,Emma Campbell,emmacampbell70@live.com,,nestli-embrace-sling-carrier,,
"Returned 3 carriers, kept this one",I work from home and wear this during calls. Baby is calm and quiet and I look completely professional. Game changing for WFH moms.,5,2024-05-01 00:00:00 UTC,Stephen Perry,stephenperry304@icloud.com,,nestli-embrace-sling-carrier,,
5 stars isn't enough,The fabric is breathable enough that we used it all summer without baby overheating. Such a thoughtful design.,5,2024-09-24 00:00:00 UTC,Jeffrey Wilson,jwilson1@gmail.com,,nestli-embrace-sling-carrier,,
Great for travel,"The quality is incredible. Stitching is perfect, fabric is so soft against baby skin. Washed it 40+ times and it still looks brand new.",5,2023-07-05 00:00:00 UTC,Nicholas Lee,nicholas.lee@gmail.com,,nestli-embrace-sling-carrier,,
Mostly love this carrier,"Good carrier, my baby seems happy in it. I wish it came in more colors for my wardrobe but functionally it works great. Would recommend.",4,2025-09-08 00:00:00 UTC,Jacob Ross,rossj@yahoo.com,,nestli-embrace-sling-carrier,,
Never taking this off,Took this to Disney World. Walked 12 hours with a 15-month-old in this carrier. My back felt completely fine. My husband was jealous.,5,2023-02-14 00:00:00 UTC,Ryan Torres,ryantorres@yahoo.com,,nestli-embrace-sling-carrier,,
Impressive quality for the price,Solid product. The strap is wide and comfortable. I gave 4 stars because I wish the setup instructions were a bit clearer with pictures. But the carrier itself is great.,4,2024-05-18 00:00:00 UTC,Christopher Mitchell,christophermitchell@aol.com,,nestli-embrace-sling-carrier,,
Every mom needs this,My son is 20 months and 26 pounds. I still carry him in this when he's tired on walks. Zero shoulder pain.,5,2023-03-25 00:00:00 UTC,Frank Young,frank_young@icloud.com,,nestli-embrace-sling-carrier,,
My husband uses it more than me,"I've tried 3 different carriers before this one. Returned all of them. The Nestli goes on in seconds, I barely feel the weight, and my son falls asleep in it every single time.",5,2024-12-25 00:00:00 UTC,Daniel Carter,dcarter402@aol.com,,nestli-embrace-sling-carrier,,
Recommend for most moms,Great carrier and I use it daily. The only thing I'd change is the carry pouch — it's a bit small. But the carrier itself is 5 stars.,4,2024-11-24 00:00:00 UTC,Victoria Long,long_v710@icloud.com,,nestli-embrace-sling-carrier,,
Good for newborns,Comfortable for long carries. Gave 4 stars because the color I received looked slightly different from the website photo. Still looks nice though.,4,2023-09-18 00:00:00 UTC,Brielle Brooks,brielle@live.com,,nestli-embrace-sling-carrier,,
"Good carrier, slight adjustment needed",Good quality product. Baby is content in it and I can actually get things done. Would give 5 stars but it took some practice to get the tightness right.,4,2024-11-04 00:00:00 UTC,Eleanor Hill,eleanor_hill458@hotmail.com,,nestli-embrace-sling-carrier,,
Hands free finally!!!,Brought this to a family reunion. Every aunt and uncle took a turn. Nobody could believe how easy it was to put on. Orders came in from 3 family members.,5,2025-01-20 00:00:00 UTC,Ronald Barnes,barnes.r@outlook.com,,nestli-embrace-sling-carrier,,
Can't imagine parenting without this,"I've tried 3 different carriers before this one. Returned all of them. The Nestli goes on in seconds, I barely feel the weight, and my son falls asleep in it every single time.",5,2024-02-29 00:00:00 UTC,Delilah Powell,powelld@hotmail.com,,nestli-embrace-sling-carrier,,
Finally sleeping again,Took this to Disney World. Walked 12 hours with a 15-month-old in this carrier. My back felt completely fine. My husband was jealous.,5,2023-09-13 00:00:00 UTC,Genesis Miller,genesis@aol.com,,nestli-embrace-sling-carrier,,
Love it with minor learning curve,"Great quality, soft fabric, baby seems comfy. Docking one star because mine arrived with a small mark on the fabric. Customer service sorted it quickly though.",4,2023-07-03 00:00:00 UTC,Kaylee Cooper,kcooper308@aol.com,,nestli-embrace-sling-carrier,,
Worth every single penny,My son is 20 months and 26 pounds. I still carry him in this when he's tired on walks. Zero shoulder pain.,5,2023-01-20 00:00:00 UTC,Larry Edwards,larry@aol.com,,nestli-embrace-sling-carrier,,
Almost perfect,Really happy with the purchase. Slight learning curve but nothing that a YouTube tutorial didn't solve. Baby is calm and I'm hands-free.,4,2025-04-08 00:00:00 UTC,Stephen James,stephen@live.com,,nestli-embrace-sling-carrier,,
10/10 no notes,We flew cross-country with our 7-month-old. This carrier fit in my purse and our baby slept through both flights. Worth ten times the price.,5,2024-09-10 00:00:00 UTC,Jose Gutierrez,jgutierrez@yahoo.com,,nestli-embrace-sling-carrier,,
Impressive quality for the price,"Great quality, soft fabric, baby seems comfy. Docking one star because mine arrived with a small mark on the fabric. Customer service sorted it quickly though.",4,2023-10-25 00:00:00 UTC,Vanessa Brown,vanessa_brown@msn.com,,nestli-embrace-sling-carrier,,
Obsessed with this thing,Bought this as a gift for my sister's baby shower. She texted me a week later saying it's the only thing that calms her baby.,5,2024-03-09 00:00:00 UTC,Gabriella Robinson,gabriella152@hotmail.com,,nestli-embrace-sling-carrier,,
Happy with my purchase,Comfortable for long carries. Gave 4 stars because the color I received looked slightly different from the website photo. Still looks nice though.,4,2024-03-30 00:00:00 UTC,Alexa Davis,adavis@msn.com,,nestli-embrace-sling-carrier,,
Cooking with baby — done!,My baby went from needing to be rocked for 45 minutes to falling asleep in this carrier in under 10 minutes. Life is different now.,5,2026-02-14 00:00:00 UTC,Genesis Miller,genesis_miller@yahoo.com,,nestli-embrace-sling-carrier,,
So easy to use,My son is 20 months and 26 pounds. I still carry him in this when he's tired on walks. Zero shoulder pain.,5,2023-01-02 00:00:00 UTC,Vivian Lopez,vivian@aol.com,,nestli-embrace-sling-carrier,,
Great for travel,Both my husband and I use this with no readjusting. One carrier for both parents — such a smart design. Highly recommend.,5,2023-05-28 00:00:00 UTC,Brittany Gomez,brittany382@gmail.com,,nestli-embrace-sling-carrier,,
Should have bought this from day one,Bought this as a gift for my sister's baby shower. She texted me a week later saying it's the only thing that calms her baby.,5,2023-04-16 00:00:00 UTC,Brittany Edwards,brittany433@icloud.com,,nestli-embrace-sling-carrier,,
My velcro baby is finally calm,We flew cross-country with our 7-month-old. This carrier fit in my purse and our baby slept through both flights. Worth ten times the price.,5,2023-07-08 00:00:00 UTC,Ruby Torres,torres.r@aol.com,,nestli-embrace-sling-carrier,,
4 stars — great product,Works great for my petite frame. Had to watch a video to get the fit right but after that it's been perfect. Baby loves the closeness.,4,2023-05-29 00:00:00 UTC,Lillian Martin,lillian268@outlook.com,,nestli-embrace-sling-carrier,,
Great for travel,"Been using this for 14 months. Not a single seam has come loose, not a single stitch has broken. This thing is built to last.",5,2024-11-16 00:00:00 UTC,Charlotte Foster,charlotte.foster168@live.com,,nestli-embrace-sling-carrier,,
Would recommend with small caveat,Really great carrier overall. Took me about 3 tries to get the fit right but once I figured it out I love it. Baby seems comfortable and I have both hands free.,4,2024-03-07 00:00:00 UTC,Avery Rivera,arivera@aol.com,,nestli-embrace-sling-carrier,,
"Great quality, took time to adjust",Works great for my petite frame. Had to watch a video to get the fit right but after that it's been perfect. Baby loves the closeness.,4,2023-04-26 00:00:00 UTC,Lucy Barnes,lucy530@hotmail.com,,nestli-embrace-sling-carrier,,
Grocery store hero,Bought this as a gift for my sister's baby shower. She texted me a week later saying it's the only thing that calms her baby.,5,2024-08-02 00:00:00 UTC,Everly Cook,everly161@icloud.com,,nestli-embrace-sling-carrier,,
Finally a carrier that actually works,My son is 20 months and 26 pounds. I still carry him in this when he's tired on walks. Zero shoulder pain.,5,2023-03-06 00:00:00 UTC,Ashley Perez,ashley@hotmail.com,,nestli-embrace-sling-carrier,,
5 stars isn't enough,Went to the grocery store with both hands free for the first time in 4 months. I actually teared up in the cereal aisle. This carrier is everything.,5,2023-04-03 00:00:00 UTC,Edward Walker,edward_walker@icloud.com,,nestli-embrace-sling-carrier,,
Baby falls asleep in minutes,"Been using this for 14 months. Not a single seam has come loose, not a single stitch has broken. This thing is built to last.",5,2023-11-26 00:00:00 UTC,Donald Russell,russelld@icloud.com,,nestli-embrace-sling-carrier,,
Dad approved!,My second baby is so much calmer than my first was — I think it's entirely because I used this carrier from day 1. Skin-to-skin while getting things done.,5,2025-07-17 00:00:00 UTC,Eliana Sullivan,eliana156@yahoo.com,,nestli-embrace-sling-carrier,,
Really great carrier,Really like this carrier. My husband found it slightly tricky to adjust at first but now he uses it on his own. Baby falls asleep in it often.,4,2024-04-05 00:00:00 UTC,Stephanie Butler,stephanie@outlook.com,,nestli-embrace-sling-carrier,,
This is THE one,Baby wouldn't sleep unless I was holding her. Tried this carrier out of desperation at 3am and she passed out within minutes. I've been wearing it every day since.,5,2024-08-08 00:00:00 UTC,Piper Johnson,piperjohnson@yahoo.com,,nestli-embrace-sling-carrier,,
Every mom needs this,Baby wouldn't sleep unless I was holding her. Tried this carrier out of desperation at 3am and she passed out within minutes. I've been wearing it every day since.,5,2023-07-18 00:00:00 UTC,Tyler Ortiz,tyler.ortiz@gmail.com,,nestli-embrace-sling-carrier,,
Best baby gear purchase,Brought this to a family reunion. Every aunt and uncle took a turn. Nobody could believe how easy it was to put on. Orders came in from 3 family members.,5,2024-05-21 00:00:00 UTC,Paisley Ross,pross677@icloud.com,,nestli-embrace-sling-carrier,,
"Returned 3 carriers, kept this one",We flew cross-country with our 7-month-old. This carrier fit in my purse and our baby slept through both flights. Worth ten times the price.,5,2023-01-01 00:00:00 UTC,Zoey James,james.z465@gmail.com,,nestli-embrace-sling-carrier,,
She stopped crying the second I put it on,My baby went from needing to be rocked for 45 minutes to falling asleep in this carrier in under 10 minutes. Life is different now.,5,2023-03-08 00:00:00 UTC,Brooklyn Diaz,brooklyndiaz@icloud.com,,nestli-embrace-sling-carrier,,
5 stars isn't enough,Took this to Disney World. Walked 12 hours with a 15-month-old in this carrier. My back felt completely fine. My husband was jealous.,5,2024-06-09 00:00:00 UTC,Emma Sanders,sanders.e400@icloud.com,,nestli-embrace-sling-carrier,,
Solid 4 stars from me,"Great carrier, my daughter loves it. Took off one star because the instructions could be more detailed. Overall very happy with the purchase.",4,2023-04-04 00:00:00 UTC,Madeline Ward,madeline_ward@gmail.com,,nestli-embrace-sling-carrier,,
Best purchase of 2024,My second baby is so much calmer than my first was — I think it's entirely because I used this carrier from day 1. Skin-to-skin while getting things done.,5,2023-10-31 00:00:00 UTC,Aubrey Howard,aubreyhoward@yahoo.com,,nestli-embrace-sling-carrier,,
Best carrier I've ever owned,My baby went from needing to be rocked for 45 minutes to falling asleep in this carrier in under 10 minutes. Life is different now.,5,2023-04-12 00:00:00 UTC,Emily Hill,emily_hill359@yahoo.com,,nestli-embrace-sling-carrier,,
The only carrier I recommend,Bought this because a mom in my birth class had one. Now 6 women from that class have this carrier. We call ourselves the Nestli moms.,5,2024-07-20 00:00:00 UTC,Ronald Martin,ronald@gmail.com,,nestli-embrace-sling-carrier,,
"Love it, took a few tries",Good quality product. Baby is content in it and I can actually get things done. Would give 5 stars but it took some practice to get the tightness right.,4,2025-10-20 00:00:00 UTC,Jeffrey Rogers,jeffrey@hotmail.com,,nestli-embrace-sling-carrier,,
Never taking this off,"Been using this for 14 months. Not a single seam has come loose, not a single stitch has broken. This thing is built to last.",5,2023-05-01 00:00:00 UTC,Taylor Cook,taylor_cook381@yahoo.com,,nestli-embrace-sling-carrier,,
Good but takes practice,"Great carrier, my daughter loves it. Took off one star because the instructions could be more detailed. Overall very happy with the purchase.",4,2024-05-04 00:00:00 UTC,Elena Flores,flores_e825@aol.com,,nestli-embrace-sling-carrier,,
Dad approved!,Brought this to a family reunion. Every aunt and uncle took a turn. Nobody could believe how easy it was to put on. Orders came in from 3 family members.,5,2023-01-26 00:00:00 UTC,Ryan Davis,rdavis@msn.com,,nestli-embrace-sling-carrier,,
Lightweight and perfect,I run a mom and baby yoga class. I recommend this carrier to every single student. Half of them come back and say it changed their life.,5,2025-10-06 00:00:00 UTC,Nathan Morgan,nathanmorgan808@msn.com,,nestli-embrace-sling-carrier,,
Carrier of the year,My postpartum anxiety was through the roof until I started babywearing. Having her close and being able to feel her breathing calmed both of us down.,5,2025-06-04 00:00:00 UTC,Nora Young,nyoung@msn.com,,nestli-embrace-sling-carrier,,
Cried happy tears when I tried it,I run a mom and baby yoga class. I recommend this carrier to every single student. Half of them come back and say it changed their life.,5,2024-05-24 00:00:00 UTC,Lauren Butler,lbutler317@gmail.com,,nestli-embrace-sling-carrier,,
"Love it, took a few tries",Good quality product. Baby is content in it and I can actually get things done. Would give 5 stars but it took some practice to get the tightness right.,4,2023-06-03 00:00:00 UTC,Eric Adams,adams.e596@icloud.com,,nestli-embrace-sling-carrier,,
Cooking with baby — done!,Both my husband and I use this with no readjusting. One carrier for both parents — such a smart design. Highly recommend.,5,2024-07-24 00:00:00 UTC,Joseph Gonzalez,joseph@live.com,,nestli-embrace-sling-carrier,,
Love it with minor learning curve,Works great for my petite frame. Had to watch a video to get the fit right but after that it's been perfect. Baby loves the closeness.,4,2023-08-13 00:00:00 UTC,Samuel Wright,swright@yahoo.com,,nestli-embrace-sling-carrier,,
4 stars — great product,Love that I can nurse in this with a little practice. Took me a couple of weeks to get the hang of it but now it's seamless. High quality product.,4,2024-02-16 00:00:00 UTC,Serenity Martin,martins926@hotmail.com,,nestli-embrace-sling-carrier,,
"Fits perfectly, baby loves it",Bought this because a mom in my birth class had one. Now 6 women from that class have this carrier. We call ourselves the Nestli moms.,5,2024-12-09 00:00:00 UTC,Sophie Rivera,srivera330@outlook.com,,nestli-embrace-sling-carrier,,
Really great carrier,"Great carrier, my daughter loves it. Took off one star because the instructions could be more detailed. Overall very happy with the purchase.",4,2023-10-13 00:00:00 UTC,Stephanie Bailey,stephaniebailey@live.com,,nestli-embrace-sling-carrier,,
Perfect for our lifestyle,The fabric is breathable enough that we used it all summer without baby overheating. Such a thoughtful design.,5,2023-06-13 00:00:00 UTC,Brittany Nguyen,brittany_nguyen@aol.com,,nestli-embrace-sling-carrier,,
Almost perfect,Really great carrier overall. Took me about 3 tries to get the fit right but once I figured it out I love it. Baby seems comfortable and I have both hands free.,4,2024-02-03 00:00:00 UTC,Ava Diaz,diaz.a69@msn.com,,nestli-embrace-sling-carrier,,
Really great carrier,"Love the quality of this carrier. Only reason it's 4 stars is the learning curve — it took me a week to feel confident putting it on. After that, totally smooth.",4,2023-03-18 00:00:00 UTC,Nathan Baker,bakern285@live.com,,nestli-embrace-sling-carrier,,
Great for travel,"My toddler is 2.5 years old and we still use this at the farmers market. She gets tired, I pop her in, she's calm. Best investment of new parenthood.",5,2024-01-31 00:00:00 UTC,Eva Ramirez,eva_ramirez@outlook.com,,nestli-embrace-sling-carrier,,
Worth every single penny,My daughter had colic for 6 weeks and nothing worked. Put her in this carrier and she was asleep in 4 minutes. I literally cried. This carrier saved my sanity.,5,2025-04-05 00:00:00 UTC,Lily Rodriguez,lilyrodriguez693@outlook.com,,nestli-embrace-sling-carrier,,
Best baby gear purchase,I was nervous about ring slings but the setup guide was so clear. Had it on correctly the first try. Baby was happy immediately.,5,2024-06-14 00:00:00 UTC,Michael King,king_m953@gmail.com,,nestli-embrace-sling-carrier,,
Grocery store hero,Brought this to a family reunion. Every aunt and uncle took a turn. Nobody could believe how easy it was to put on. Orders came in from 3 family members.,5,2024-03-09 00:00:00 UTC,Ryan Cruz,ryan@hotmail.com,,nestli-embrace-sling-carrier,,
My arms don't hurt anymore!,My husband said carriers looked too complicated. I ordered this without telling him. He tried it once and now he uses it more than I do. He calls it his dad superpower.,5,2025-03-25 00:00:00 UTC,Abigail Hughes,abigailhughes260@hotmail.com,,nestli-embrace-sling-carrier,,
Never taking this off,Baby wouldn't sleep unless I was holding her. Tried this carrier out of desperation at 3am and she passed out within minutes. I've been wearing it every day since.,5,2024-05-09 00:00:00 UTC,Zoe Johnson,johnson_z@gmail.com,,nestli-embrace-sling-carrier,,
"Good quality, learning curve",Works great for my petite frame. Had to watch a video to get the fit right but after that it's been perfect. Baby loves the closeness.,4,2024-11-08 00:00:00 UTC,Joseph Price,joseph798@outlook.com,,nestli-embrace-sling-carrier,,
My baby only sleeps in this now,My son is 20 months and 26 pounds. I still carry him in this when he's tired on walks. Zero shoulder pain.,5,2023-03-09 00:00:00 UTC,George Roberts,george_roberts969@hotmail.com,,nestli-embrace-sling-carrier,,
Solid 4 stars from me,Solid product. The strap is wide and comfortable. I gave 4 stars because I wish the setup instructions were a bit clearer with pictures. But the carrier itself is great.,4,2023-10-22 00:00:00 UTC,Diana Flores,flores.d390@icloud.com,,nestli-embrace-sling-carrier,,
Wish I had this with my first,I run a mom and baby yoga class. I recommend this carrier to every single student. Half of them come back and say it changed their life.,5,2023-06-10 00:00:00 UTC,Emilia Murphy,emilia442@icloud.com,,nestli-embrace-sling-carrier,,
Bought 2 — one for grandma too,Took this to Disney World. Walked 12 hours with a 15-month-old in this carrier. My back felt completely fine. My husband was jealous.,5,2023-04-23 00:00:00 UTC,Julia Brooks,julia_brooks574@outlook.com,,nestli-embrace-sling-carrier,,
Wish I had this with my first,My baby went from needing to be rocked for 45 minutes to falling asleep in this carrier in under 10 minutes. Life is different now.,5,2023-05-02 00:00:00 UTC,Stephen Jones,stephenjones519@hotmail.com,,nestli-embrace-sling-carrier,,
Perfection,Took this to Disney World. Walked 12 hours with a 15-month-old in this carrier. My back felt completely fine. My husband was jealous.,5,2023-08-03 00:00:00 UTC,Justin White,justin_white272@yahoo.com,,nestli-embrace-sling-carrier,,
Bought for a friend too,My daughter had colic for 6 weeks and nothing worked. Put her in this carrier and she was asleep in 4 minutes. I literally cried. This carrier saved my sanity.,5,2025-08-05 00:00:00 UTC,Penelope Hernandez,penelope593@gmail.com,,nestli-embrace-sling-carrier,,
My sanity saver,Took this to Disney World. Walked 12 hours with a 15-month-old in this carrier. My back felt completely fine. My husband was jealous.,5,2023-09-13 00:00:00 UTC,Nova White,novawhite@gmail.com,,nestli-embrace-sling-carrier,,
"Good carrier, slight adjustment needed",Great carrier and I use it daily. The only thing I'd change is the carry pouch — it's a bit small. But the carrier itself is 5 stars.,4,2023-03-15 00:00:00 UTC,Kayla Nguyen,kayla@aol.com,,nestli-embrace-sling-carrier,,
Life changing for new moms,Both my husband and I use this with no readjusting. One carrier for both parents — such a smart design. Highly recommend.,5,2025-01-23 00:00:00 UTC,Brielle Carter,carterb@icloud.com,,nestli-embrace-sling-carrier,,
Should have bought this from day one,I was nervous about ring slings but the setup guide was so clear. Had it on correctly the first try. Baby was happy immediately.,5,2023-10-26 00:00:00 UTC,Aaron Carter,aaroncarter979@outlook.com,,nestli-embrace-sling-carrier,,
Good for newborns,Works great for my petite frame. Had to watch a video to get the fit right but after that it's been perfect. Baby loves the closeness.,4,2023-03-12 00:00:00 UTC,Addison Fisher,fisher.a52@icloud.com,,nestli-embrace-sling-carrier,,
Obsessed with this thing,I was nervous about ring slings but the setup guide was so clear. Had it on correctly the first try. Baby was happy immediately.,5,2023-03-04 00:00:00 UTC,Aaron Reed,aaron_reed319@icloud.com,,nestli-embrace-sling-carrier,,
Solid carrier overall,Really happy with the purchase. Slight learning curve but nothing that a YouTube tutorial didn't solve. Baby is calm and I'm hands-free.,4,2023-08-25 00:00:00 UTC,Isabella Barnes,isabella_barnes@msn.com,,nestli-embrace-sling-carrier,,
Hands free finally!!!,I work from home and wear this during calls. Baby is calm and quiet and I look completely professional. Game changing for WFH moms.,5,2023-04-23 00:00:00 UTC,William Cooper,cooperw@aol.com,,nestli-embrace-sling-carrier,,
Best baby gear purchase,I work from home and wear this during calls. Baby is calm and quiet and I look completely professional. Game changing for WFH moms.,5,2024-05-30 00:00:00 UTC,Edward Miller,edwardmiller@outlook.com,,nestli-embrace-sling-carrier,,
Finally a carrier that actually works,"My toddler is 2.5 years old and we still use this at the farmers market. She gets tired, I pop her in, she's calm. Best investment of new parenthood.",5,2023-06-29 00:00:00 UTC,George Jenkins,gjenkins47@msn.com,,nestli-embrace-sling-carrier,,
The only carrier I recommend,My daughter had colic for 6 weeks and nothing worked. Put her in this carrier and she was asleep in 4 minutes. I literally cried. This carrier saved my sanity.,5,2024-10-19 00:00:00 UTC,Brandon Allen,brandon@gmail.com,,nestli-embrace-sling-carrier,,
5 stars isn't enough,I run a mom and baby yoga class. I recommend this carrier to every single student. Half of them come back and say it changed their life.,5,2023-01-07 00:00:00 UTC,Eleanor Evans,eevans256@hotmail.com,,nestli-embrace-sling-carrier,,
Mostly love this carrier,Really like this carrier. My husband found it slightly tricky to adjust at first but now he uses it on his own. Baby falls asleep in it often.,4,2023-05-10 00:00:00 UTC,Scarlett Long,scarlett_long838@outlook.com,,nestli-embrace-sling-carrier,,
Wish I had this with my first,Brought this to a family reunion. Every aunt and uncle took a turn. Nobody could believe how easy it was to put on. Orders came in from 3 family members.,5,2023-01-17 00:00:00 UTC,Delilah Nelson,delilah.nelson273@yahoo.com,,nestli-embrace-sling-carrier,,
"Returned 3 carriers, kept this one",My daughter had colic for 6 weeks and nothing worked. Put her in this carrier and she was asleep in 4 minutes. I literally cried. This carrier saved my sanity.,5,2023-08-10 00:00:00 UTC,Eric Smith,esmith269@aol.com,,nestli-embrace-sling-carrier,,
Love it with minor learning curve,Works well and baby loves it. The ring is a bit stiff at first so adjusting takes some force until it breaks in. After a week it was perfect.,4,2025-01-04 00:00:00 UTC,Kinsley Lewis,lewis.k@live.com,,nestli-embrace-sling-carrier,,
My velcro baby is finally calm,Was skeptical after spending money on other carriers that hurt my back. This one is genuinely different. Wide padded strap makes all the difference.,5,2023-05-22 00:00:00 UTC,William Jones,williamjones@msn.com,,nestli-embrace-sling-carrier,,
"Easy to put on, baby loves it",Went to the grocery store with both hands free for the first time in 4 months. I actually teared up in the cereal aisle. This carrier is everything.,5,2023-11-17 00:00:00 UTC,Hazel Jackson,hazel545@aol.com,,nestli-embrace-sling-carrier,,
10/10 no notes,I run a mom and baby yoga class. I recommend this carrier to every single student. Half of them come back and say it changed their life.,5,2023-03-19 00:00:00 UTC,Ellie Price,ellie@aol.com,,nestli-embrace-sling-carrier,,
My sanity saver,"I've tried 3 different carriers before this one. Returned all of them. The Nestli goes on in seconds, I barely feel the weight, and my son falls asleep in it every single time.",5,2023-09-26 00:00:00 UTC,Dennis Phillips,dphillips578@icloud.com,,nestli-embrace-sling-carrier,,
My sanity saver,My postpartum anxiety was through the roof until I started babywearing. Having her close and being able to feel her breathing calmed both of us down.,5,2023-11-18 00:00:00 UTC,Naomi Gonzalez,naomi_gonzalez276@live.com,,nestli-embrace-sling-carrier,,
Best purchase of 2024,Bought this as a gift for my sister's baby shower. She texted me a week later saying it's the only thing that calms her baby.,5,2023-10-19 00:00:00 UTC,Edward Nelson,enelson875@aol.com,,nestli-embrace-sling-carrier,,
So easy to use,I run a mom and baby yoga class. I recommend this carrier to every single student. Half of them come back and say it changed their life.,5,2023-03-20 00:00:00 UTC,Brooklyn Hall,brooklyn_hall@outlook.com,,nestli-embrace-sling-carrier,,
Solid 4 stars from me,Comfortable for long carries. Gave 4 stars because the color I received looked slightly different from the website photo. Still looks nice though.,4,2025-03-24 00:00:00 UTC,Emilia Hernandez,hernandeze82@gmail.com,,nestli-embrace-sling-carrier,,
The only carrier I recommend,Took this to Disney World. Walked 12 hours with a 15-month-old in this carrier. My back felt completely fine. My husband was jealous.,5,2023-12-20 00:00:00 UTC,Autumn Torres,autumn681@icloud.com,,nestli-embrace-sling-carrier,,
Exceeded all my expectations,Was skeptical after spending money on other carriers that hurt my back. This one is genuinely different. Wide padded strap makes all the difference.,5,2023-02-13 00:00:00 UTC,Ronald Williams,ronald@icloud.com,,nestli-embrace-sling-carrier,,
"Good carrier, slight adjustment needed",Good quality product. Baby is content in it and I can actually get things done. Would give 5 stars but it took some practice to get the tightness right.,4,2024-03-02 00:00:00 UTC,Olivia Butler,olivia.butler@hotmail.com,,nestli-embrace-sling-carrier,,
My pediatrician approved it,"The quality is incredible. Stitching is perfect, fabric is so soft against baby skin. Washed it 40+ times and it still looks brand new.",5,2023-02-12 00:00:00 UTC,Mia Torres,mia.torres@hotmail.com,,nestli-embrace-sling-carrier,,
"Nice carrier, minor issue with strap",Good quality product. Baby is content in it and I can actually get things done. Would give 5 stars but it took some practice to get the tightness right.,4,2024-04-01 00:00:00 UTC,Luna Powell,lpowell363@msn.com,,nestli-embrace-sling-carrier,,
My baby only sleeps in this now,"The quality is incredible. Stitching is perfect, fabric is so soft against baby skin. Washed it 40+ times and it still looks brand new.",5,2023-11-14 00:00:00 UTC,Jeffrey Bailey,bailey_j370@hotmail.com,,nestli-embrace-sling-carrier,,
This is THE one,Bought this because a mom in my birth class had one. Now 6 women from that class have this carrier. We call ourselves the Nestli moms.,5,2024-12-03 00:00:00 UTC,Lauren Thompson,lauren.thompson264@msn.com,,nestli-embrace-sling-carrier,,
My pediatrician approved it,Baby wouldn't sleep unless I was holding her. Tried this carrier out of desperation at 3am and she passed out within minutes. I've been wearing it every day since.,5,2023-01-22 00:00:00 UTC,Caroline Campbell,caroline@outlook.com,,nestli-embrace-sling-carrier,,
This saved my postpartum,My baby went from needing to be rocked for 45 minutes to falling asleep in this carrier in under 10 minutes. Life is different now.,5,2023-01-31 00:00:00 UTC,Nicholas King,nicholas_king510@yahoo.com,,nestli-embrace-sling-carrier,,
Solid 4 stars from me,Solid product. The strap is wide and comfortable. I gave 4 stars because I wish the setup instructions were a bit clearer with pictures. But the carrier itself is great.,4,2023-09-08 00:00:00 UTC,Kayla Sanders,kayla@outlook.com,,nestli-embrace-sling-carrier,,
Genuinely life changing,"My toddler is 2.5 years old and we still use this at the farmers market. She gets tired, I pop her in, she's calm. Best investment of new parenthood.",5,2024-06-12 00:00:00 UTC,Stella Nelson,nelson_s@yahoo.com,,nestli-embrace-sling-carrier,,
So easy to use,Was skeptical after spending money on other carriers that hurt my back. This one is genuinely different. Wide padded strap makes all the difference.,5,2023-03-30 00:00:00 UTC,Nova Flores,nova_flores@msn.com,,nestli-embrace-sling-carrier,,
Hands free finally!!!,"The quality is incredible. Stitching is perfect, fabric is so soft against baby skin. Washed it 40+ times and it still looks brand new.",5,2024-09-13 00:00:00 UTC,Ruby Cox,cox.r106@msn.com,,nestli-embrace-sling-carrier,,
My pediatrician approved it,Was skeptical after spending money on other carriers that hurt my back. This one is genuinely different. Wide padded strap makes all the difference.,5,2024-10-14 00:00:00 UTC,Mia Kelly,mia@msn.com,,nestli-embrace-sling-carrier,,
Happy with my purchase,Comfortable for long carries. Gave 4 stars because the color I received looked slightly different from the website photo. Still looks nice though.,4,2023-01-05 00:00:00 UTC,Lily Green,green.l640@aol.com,,nestli-embrace-sling-carrier,,
Love it with minor learning curve,Love that I can nurse in this with a little practice. Took me a couple of weeks to get the hang of it but now it's seamless. High quality product.,4,2023-06-25 00:00:00 UTC,William Walker,williamwalker@msn.com,,nestli-embrace-sling-carrier,,
Really great carrier,Great carrier and I use it daily. The only thing I'd change is the carry pouch — it's a bit small. But the carrier itself is 5 stars.,4,2024-08-10 00:00:00 UTC,Jonathan Cruz,jcruz@gmail.com,,nestli-embrace-sling-carrier,,
Finally a carrier that actually works,My postpartum anxiety was through the roof until I started babywearing. Having her close and being able to feel her breathing calmed both of us down.,5,2023-06-05 00:00:00 UTC,Cora Jackson,cora696@hotmail.com,,nestli-embrace-sling-carrier,,
Perfection,Both my husband and I use this with no readjusting. One carrier for both parents — such a smart design. Highly recommend.,5,2025-01-20 00:00:00 UTC,Elena Murphy,elena@icloud.com,,nestli-embrace-sling-carrier,,
Would recommend with small caveat,Love that I can nurse in this with a little practice. Took me a couple of weeks to get the hang of it but now it's seamless. High quality product.,4,2023-10-03 00:00:00 UTC,Emery Myers,myers_e@outlook.com,,nestli-embrace-sling-carrier,,
"Nice carrier, minor issue with strap","Great carrier, my daughter loves it. Took off one star because the instructions could be more detailed. Overall very happy with the purchase.",4,2023-10-05 00:00:00 UTC,Olivia Ward,olivia_ward@hotmail.com,,nestli-embrace-sling-carrier,,
Baby falls asleep in minutes,My husband said carriers looked too complicated. I ordered this without telling him. He tried it once and now he uses it more than I do. He calls it his dad superpower.,5,2023-09-06 00:00:00 UTC,Emilia Hernandez,ehernandez871@msn.com,,nestli-embrace-sling-carrier,,
Hands free finally!!!,I work from home and wear this during calls. Baby is calm and quiet and I look completely professional. Game changing for WFH moms.,5,2024-01-04 00:00:00 UTC,Emma James,emmajames946@aol.com,,nestli-embrace-sling-carrier,,
The only carrier I recommend,I run a mom and baby yoga class. I recommend this carrier to every single student. Half of them come back and say it changed their life.,5,2024-01-27 00:00:00 UTC,Willow Sanders,willow_sanders@gmail.com,,nestli-embrace-sling-carrier,,
Dad approved!,My second baby is so much calmer than my first was — I think it's entirely because I used this carrier from day 1. Skin-to-skin while getting things done.,5,2024-06-03 00:00:00 UTC,Quinn Gray,quinn@outlook.com,,nestli-embrace-sling-carrier,,
Really like this carrier,"Love the quality of this carrier. Only reason it's 4 stars is the learning curve — it took me a week to feel confident putting it on. After that, totally smooth.",4,2023-12-17 00:00:00 UTC,Claire Foster,cfoster@yahoo.com,,nestli-embrace-sling-carrier,,
Grocery store hero,I was nervous about ring slings but the setup guide was so clear. Had it on correctly the first try. Baby was happy immediately.,5,2023-01-10 00:00:00 UTC,Grace Reyes,reyesg126@live.com,,nestli-embrace-sling-carrier,,
She stopped crying the second I put it on,My postpartum anxiety was through the roof until I started babywearing. Having her close and being able to feel her breathing calmed both of us down.,5,2023-04-15 00:00:00 UTC,Olivia Ramirez,olivia.ramirez@msn.com,,nestli-embrace-sling-carrier,,
This saved my postpartum,I was nervous about ring slings but the setup guide was so clear. Had it on correctly the first try. Baby was happy immediately.,5,2023-10-18 00:00:00 UTC,Zoey Rivera,zoey_rivera@gmail.com,,nestli-embrace-sling-carrier,,
"Great quality, took time to adjust",Really great carrier overall. Took me about 3 tries to get the fit right but once I figured it out I love it. Baby seems comfortable and I have both hands free.,4,2024-02-17 00:00:00 UTC,Kinsley Morgan,kinsley@hotmail.com,,nestli-embrace-sling-carrier,,
Impressive quality for the price,Comfortable for long carries. Gave 4 stars because the color I received looked slightly different from the website photo. Still looks nice though.,4,2023-01-13 00:00:00 UTC,Sophie Bennett,bennetts@icloud.com,,nestli-embrace-sling-carrier,,
Cooking with baby — done!,Bought this because a mom in my birth class had one. Now 6 women from that class have this carrier. We call ourselves the Nestli moms.,5,2024-07-10 00:00:00 UTC,Lillian Collins,lillian@yahoo.com,,nestli-embrace-sling-carrier,,
My pediatrician approved it,I work from home and wear this during calls. Baby is calm and quiet and I look completely professional. Game changing for WFH moms.,5,2023-05-02 00:00:00 UTC,Skylar Harris,sharris@hotmail.com,,nestli-embrace-sling-carrier,,
Amazing quality,My husband said carriers looked too complicated. I ordered this without telling him. He tried it once and now he uses it more than I do. He calls it his dad superpower.,5,2024-11-16 00:00:00 UTC,Julia Diaz,jdiaz@outlook.com,,nestli-embrace-sling-carrier,,
Solid carrier overall,Really nice carrier. Well made and baby seems very comfortable. Just takes a little practice at first. Glad I bought it.,4,2024-12-30 00:00:00 UTC,Ariana Mitchell,ariana@yahoo.com,,nestli-embrace-sling-carrier,,
"Fits perfectly, baby loves it",Bought this because a mom in my birth class had one. Now 6 women from that class have this carrier. We call ourselves the Nestli moms.,5,2023-05-09 00:00:00 UTC,Piper Young,piper.young@icloud.com,,nestli-embrace-sling-carrier,,
Carrier of the year,My son has reflux and needs to stay upright after feeds. This carrier keeps him perfectly positioned and he's so much more comfortable.,5,2024-12-12 00:00:00 UTC,Jonathan Cooper,jonathancooper@msn.com,,nestli-embrace-sling-carrier,,
"Fits perfectly, baby loves it",I work from home and wear this during calls. Baby is calm and quiet and I look completely professional. Game changing for WFH moms.,5,2024-06-27 00:00:00 UTC,Camila Nguyen,camila_nguyen992@icloud.com,,nestli-embrace-sling-carrier,,
Recommend for most moms,Really great carrier overall. Took me about 3 tries to get the fit right but once I figured it out I love it. Baby seems comfortable and I have both hands free.,4,2024-07-15 00:00:00 UTC,David Wright,david.wright538@live.com,,nestli-embrace-sling-carrier,,
Solid carrier overall,Comfortable for long carries. Gave 4 stars because the color I received looked slightly different from the website photo. Still looks nice though.,4,2023-06-28 00:00:00 UTC,Julia Campbell,campbellj991@msn.com,,nestli-embrace-sling-carrier,,
Solid 4 stars from me,Works well and baby loves it. The ring is a bit stiff at first so adjusting takes some force until it breaks in. After a week it was perfect.,4,2025-03-07 00:00:00 UTC,Monica Davis,davism319@aol.com,,nestli-embrace-sling-carrier,,
Baby falls asleep in minutes,Took this to Disney World. Walked 12 hours with a 15-month-old in this carrier. My back felt completely fine. My husband was jealous.,5,2024-11-28 00:00:00 UTC,Kayla Rogers,kayla692@hotmail.com,,nestli-embrace-sling-carrier,,
Life changing for new moms,"My toddler is 2.5 years old and we still use this at the farmers market. She gets tired, I pop her in, she's calm. Best investment of new parenthood.",5,2023-11-17 00:00:00 UTC,Edward Flores,edward.flores507@hotmail.com,,nestli-embrace-sling-carrier,,
Finally a carrier that actually works,Bought this because a mom in my birth class had one. Now 6 women from that class have this carrier. We call ourselves the Nestli moms.,5,2025-06-01 00:00:00 UTC,James Lewis,james.lewis@outlook.com,,nestli-embrace-sling-carrier,,
"Easy to put on, baby loves it",I work from home and wear this during calls. Baby is calm and quiet and I look completely professional. Game changing for WFH moms.,5,2023-04-17 00:00:00 UTC,Amelia Morgan,morgan.a469@gmail.com,,nestli-embrace-sling-carrier,,
Amazing quality,My son is 20 months and 26 pounds. I still carry him in this when he's tired on walks. Zero shoulder pain.,5,2025-06-23 00:00:00 UTC,Audrey Nelson,nelson_a@live.com,,nestli-embrace-sling-carrier,,
"Easy to put on, baby loves it",My husband said carriers looked too complicated. I ordered this without telling him. He tried it once and now he uses it more than I do. He calls it his dad superpower.,5,2024-12-30 00:00:00 UTC,Larry Russell,larry115@msn.com,,nestli-embrace-sling-carrier,,
Cooking with baby — done!,"I've tried 3 different carriers before this one. Returned all of them. The Nestli goes on in seconds, I barely feel the weight, and my son falls asleep in it every single time.",5,2024-01-07 00:00:00 UTC,Justin Reed,justinreed539@msn.com,,nestli-embrace-sling-carrier,,
"Good carrier, slight adjustment needed",Love that I can nurse in this with a little practice. Took me a couple of weeks to get the hang of it but now it's seamless. High quality product.,4,2023-10-25 00:00:00 UTC,Amanda Wilson,wilsona@msn.com,,nestli-embrace-sling-carrier,,
My arms don't hurt anymore!,"My toddler is 2.5 years old and we still use this at the farmers market. She gets tired, I pop her in, she's calm. Best investment of new parenthood.",5,2023-09-23 00:00:00 UTC,Stephen Garcia,sgarcia464@msn.com,,nestli-embrace-sling-carrier,,
The only carrier I recommend,Baby wouldn't sleep unless I was holding her. Tried this carrier out of desperation at 3am and she passed out within minutes. I've been wearing it every day since.,5,2023-02-04 00:00:00 UTC,Elena Rivera,elena.rivera906@outlook.com,,nestli-embrace-sling-carrier,,
Life changing for new moms,"My toddler is 2.5 years old and we still use this at the farmers market. She gets tired, I pop her in, she's calm. Best investment of new parenthood.",5,2023-04-11 00:00:00 UTC,Madeline Parker,mparker287@yahoo.com,,nestli-embrace-sling-carrier,,
My sanity saver,"Been using this for 14 months. Not a single seam has come loose, not a single stitch has broken. This thing is built to last.",5,2023-04-29 00:00:00 UTC,Madison Ross,ross_m@live.com,,nestli-embrace-sling-carrier,,
My husband uses it more than me,My son is 20 months and 26 pounds. I still carry him in this when he's tired on walks. Zero shoulder pain.,5,2024-06-10 00:00:00 UTC,Valentina James,valentina349@msn.com,,nestli-embrace-sling-carrier,,
Carrier of the year,I was nervous about ring slings but the setup guide was so clear. Had it on correctly the first try. Baby was happy immediately.,5,2023-11-28 00:00:00 UTC,John Peterson,jpeterson329@icloud.com,,nestli-embrace-sling-carrier,,
My velcro baby is finally calm,We flew cross-country with our 7-month-old. This carrier fit in my purse and our baby slept through both flights. Worth ten times the price.,5,2023-05-29 00:00:00 UTC,Benjamin Wright,benjamin531@outlook.com,,nestli-embrace-sling-carrier,,
Finally sleeping again,My son is 20 months and 26 pounds. I still carry him in this when he's tired on walks. Zero shoulder pain.,5,2026-03-04 00:00:00 UTC,Jose Clark,clarkj621@outlook.com,,nestli-embrace-sling-carrier,,
So easy to use,Brought this to a family reunion. Every aunt and uncle took a turn. Nobody could believe how easy it was to put on. Orders came in from 3 family members.,5,2023-05-10 00:00:00 UTC,Raymond Rivera,rivera_r@msn.com,,nestli-embrace-sling-carrier,,
Never taking this off,"My toddler is 2.5 years old and we still use this at the farmers market. She gets tired, I pop her in, she's calm. Best investment of new parenthood.",5,2024-01-01 00:00:00 UTC,Joshua Walker,joshua@icloud.com,,nestli-embrace-sling-carrier,,
My husband uses it more than me,My husband said carriers looked too complicated. I ordered this without telling him. He tried it once and now he uses it more than I do. He calls it his dad superpower.,5,2025-02-22 00:00:00 UTC,Kenneth Adams,adamsk225@icloud.com,,nestli-embrace-sling-carrier,,
Can't imagine parenting without this,I run a mom and baby yoga class. I recommend this carrier to every single student. Half of them come back and say it changed their life.,5,2023-07-24 00:00:00 UTC,Jessica Torres,jessica62@hotmail.com,,nestli-embrace-sling-carrier,,
Would recommend with small caveat,Works great for my petite frame. Had to watch a video to get the fit right but after that it's been perfect. Baby loves the closeness.,4,2023-12-29 00:00:00 UTC,Jasmine Perez,perez.j@icloud.com,,nestli-embrace-sling-carrier,,
Exceeded all my expectations,My husband said carriers looked too complicated. I ordered this without telling him. He tried it once and now he uses it more than I do. He calls it his dad superpower.,5,2025-06-20 00:00:00 UTC,Paul Nguyen,paul731@icloud.com,,nestli-embrace-sling-carrier,,
This is THE one,"The quality is incredible. Stitching is perfect, fabric is so soft against baby skin. Washed it 40+ times and it still looks brand new.",5,2025-03-14 00:00:00 UTC,Kenneth Morris,kmorris535@live.com,,nestli-embrace-sling-carrier,,
Finally sleeping again,"I've tried 3 different carriers before this one. Returned all of them. The Nestli goes on in seconds, I barely feel the weight, and my son falls asleep in it every single time.",5,2023-07-24 00:00:00 UTC,Samuel Edwards,edwards.s89@aol.com,,nestli-embrace-sling-carrier,,
Solid carrier overall,"Love the quality of this carrier. Only reason it's 4 stars is the learning curve — it took me a week to feel confident putting it on. After that, totally smooth.",4,2024-04-20 00:00:00 UTC,Cora Barnes,cbarnes@outlook.com,,nestli-embrace-sling-carrier,,
"Love it, took a few tries",Really like this carrier. My husband found it slightly tricky to adjust at first but now he uses it on his own. Baby falls asleep in it often.,4,2023-02-21 00:00:00 UTC,Jasmine Morales,morales_j440@yahoo.com,,nestli-embrace-sling-carrier,,
Baby falls asleep in minutes,Brought this to a family reunion. Every aunt and uncle took a turn. Nobody could believe how easy it was to put on. Orders came in from 3 family members.,5,2023-05-10 00:00:00 UTC,Kaylee Stewart,stewartk206@gmail.com,,nestli-embrace-sling-carrier,,
Worth every single penny,Baby wouldn't sleep unless I was holding her. Tried this carrier out of desperation at 3am and she passed out within minutes. I've been wearing it every day since.,5,2023-08-20 00:00:00 UTC,Monica Stewart,monica.stewart@icloud.com,,nestli-embrace-sling-carrier,,
Recommend for most moms,Good quality product. Baby is content in it and I can actually get things done. Would give 5 stars but it took some practice to get the tightness right.,4,2023-08-13 00:00:00 UTC,Nora Hughes,hughes.n@yahoo.com,,nestli-embrace-sling-carrier,,
"Goodbye stroller, hello Nestli",My baby went from needing to be rocked for 45 minutes to falling asleep in this carrier in under 10 minutes. Life is different now.,5,2024-01-05 00:00:00 UTC,Amber Taylor,ataylor909@msn.com,,nestli-embrace-sling-carrier,,
4 stars — great product,Good quality product. Baby is content in it and I can actually get things done. Would give 5 stars but it took some practice to get the tightness right.,4,2024-06-03 00:00:00 UTC,Joseph Price,price.j585@msn.com,,nestli-embrace-sling-carrier,,
Dad approved!,Baby wouldn't sleep unless I was holding her. Tried this carrier out of desperation at 3am and she passed out within minutes. I've been wearing it every day since.,5,2024-12-25 00:00:00 UTC,Natalie Brooks,brooks_n694@icloud.com,,nestli-embrace-sling-carrier,,
Absolute game changer!,Was skeptical after spending money on other carriers that hurt my back. This one is genuinely different. Wide padded strap makes all the difference.,5,2024-04-23 00:00:00 UTC,Sophia Ward,wards@icloud.com,,nestli-embrace-sling-carrier,,
Amazing quality,Bought this as a gift for my sister's baby shower. She texted me a week later saying it's the only thing that calms her baby.,5,2023-05-15 00:00:00 UTC,Madison White,white.m690@outlook.com,,nestli-embrace-sling-carrier,,
My baby only sleeps in this now,The fabric is breathable enough that we used it all summer without baby overheating. Such a thoughtful design.,5,2023-08-02 00:00:00 UTC,Julia Young,jyoung90@gmail.com,,nestli-embrace-sling-carrier,,
Love it with minor learning curve,"Great quality, soft fabric, baby seems comfy. Docking one star because mine arrived with a small mark on the fabric. Customer service sorted it quickly though.",4,2024-03-03 00:00:00 UTC,Victoria Barnes,victoria@icloud.com,,nestli-embrace-sling-carrier,,
Bought 2 — one for grandma too,My baby went from needing to be rocked for 45 minutes to falling asleep in this carrier in under 10 minutes. Life is different now.,5,2025-04-30 00:00:00 UTC,Aaron James,jamesa@msn.com,,nestli-embrace-sling-carrier,,
4 stars — great product,Great carrier and I use it daily. The only thing I'd change is the carry pouch — it's a bit small. But the carrier itself is 5 stars.,4,2023-12-30 00:00:00 UTC,Kennedy Kelly,kennedy102@icloud.com,,nestli-embrace-sling-carrier,,
Obsessed with this thing,"The quality is incredible. Stitching is perfect, fabric is so soft against baby skin. Washed it 40+ times and it still looks brand new.",5,2023-08-11 00:00:00 UTC,Samuel Smith,smiths@yahoo.com,,nestli-embrace-sling-carrier,,
My go-to carrier for everything,Baby wouldn't sleep unless I was holding her. Tried this carrier out of desperation at 3am and she passed out within minutes. I've been wearing it every day since.,5,2024-07-08 00:00:00 UTC,Alexis Bennett,alexisbennett@outlook.com,,nestli-embrace-sling-carrier,,
"Fits perfectly, baby loves it",My son has reflux and needs to stay upright after feeds. This carrier keeps him perfectly positioned and he's so much more comfortable.,5,2024-06-07 00:00:00 UTC,Jennifer Long,jennifer171@gmail.com,,nestli-embrace-sling-carrier,,
This is THE one,"My toddler is 2.5 years old and we still use this at the farmers market. She gets tired, I pop her in, she's calm. Best investment of new parenthood.",5,2024-11-13 00:00:00 UTC,Willow Anderson,anderson_w@outlook.com,,nestli-embrace-sling-carrier,,
4 stars — great product,Love that I can nurse in this with a little practice. Took me a couple of weeks to get the hang of it but now it's seamless. High quality product.,4,2024-08-18 00:00:00 UTC,Piper Nguyen,nguyen.p736@msn.com,,nestli-embrace-sling-carrier,,
So easy to use,I was nervous about ring slings but the setup guide was so clear. Had it on correctly the first try. Baby was happy immediately.,5,2023-08-02 00:00:00 UTC,William Torres,torres_w@hotmail.com,,nestli-embrace-sling-carrier,,
Finally sleeping again,"Been using this for 14 months. Not a single seam has come loose, not a single stitch has broken. This thing is built to last.",5,2024-08-02 00:00:00 UTC,Aaron Brooks,brooks.a952@icloud.com,,nestli-embrace-sling-carrier,,
Solid carrier overall,"Great carrier, my daughter loves it. Took off one star because the instructions could be more detailed. Overall very happy with the purchase.",4,2025-02-23 00:00:00 UTC,Isla Cooper,isla@hotmail.com,,nestli-embrace-sling-carrier,,
Great for travel,I work from home and wear this during calls. Baby is calm and quiet and I look completely professional. Game changing for WFH moms.,5,2025-09-19 00:00:00 UTC,Aaron Brown,aaronbrown@live.com,,nestli-embrace-sling-carrier,,
Love it with minor learning curve,Works great for my petite frame. Had to watch a video to get the fit right but after that it's been perfect. Baby loves the closeness.,4,2024-03-25 00:00:00 UTC,Diana Edwards,diana378@gmail.com,,nestli-embrace-sling-carrier,,
"Goodbye stroller, hello Nestli",We flew cross-country with our 7-month-old. This carrier fit in my purse and our baby slept through both flights. Worth ten times the price.,5,2024-04-22 00:00:00 UTC,Kimberly Gutierrez,kgutierrez198@hotmail.com,,nestli-embrace-sling-carrier,,
Finally a carrier that actually works,I run a mom and baby yoga class. I recommend this carrier to every single student. Half of them come back and say it changed their life.,5,2025-06-16 00:00:00 UTC,Amelia Anderson,aanderson946@msn.com,,nestli-embrace-sling-carrier,,
Finally a carrier that actually works,I run a mom and baby yoga class. I recommend this carrier to every single student. Half of them come back and say it changed their life.,5,2024-08-15 00:00:00 UTC,Lauren Sanchez,laurensanchez366@aol.com,,nestli-embrace-sling-carrier,,
5 stars isn't enough,My baby went from needing to be rocked for 45 minutes to falling asleep in this carrier in under 10 minutes. Life is different now.,5,2023-10-05 00:00:00 UTC,Layla Sanchez,layla198@live.com,,nestli-embrace-sling-carrier,,
Bought for a friend too,My son has reflux and needs to stay upright after feeds. This carrier keeps him perfectly positioned and he's so much more comfortable.,5,2024-01-18 00:00:00 UTC,Diana Torres,diana@msn.com,,nestli-embrace-sling-carrier,,
Baby falls asleep in minutes,Went to the grocery store with both hands free for the first time in 4 months. I actually teared up in the cereal aisle. This carrier is everything.,5,2024-05-28 00:00:00 UTC,Audrey Lopez,alopez@gmail.com,,nestli-embrace-sling-carrier,,
Cooking with baby — done!,Baby wouldn't sleep unless I was holding her. Tried this carrier out of desperation at 3am and she passed out within minutes. I've been wearing it every day since.,5,2023-11-01 00:00:00 UTC,Naomi Baker,naomi220@yahoo.com,,nestli-embrace-sling-carrier,,
Recommend for most moms,Works great for my petite frame. Had to watch a video to get the fit right but after that it's been perfect. Baby loves the closeness.,4,2023-08-26 00:00:00 UTC,Claire Barnes,claire@yahoo.com,,nestli-embrace-sling-carrier,,
Can't imagine parenting without this,I work from home and wear this during calls. Baby is calm and quiet and I look completely professional. Game changing for WFH moms.,5,2023-05-06 00:00:00 UTC,Brandon Hughes,brandon308@aol.com,,nestli-embrace-sling-carrier,,
Would recommend with small caveat,"Great carrier, my daughter loves it. Took off one star because the instructions could be more detailed. Overall very happy with the purchase.",4,2023-06-15 00:00:00 UTC,Eva Bennett,bennett.e@live.com,,nestli-embrace-sling-carrier,,
Baby falls asleep in minutes,"The quality is incredible. Stitching is perfect, fabric is so soft against baby skin. Washed it 40+ times and it still looks brand new.",5,2023-12-25 00:00:00 UTC,Violet Hernandez,violet.hernandez@yahoo.com,,nestli-embrace-sling-carrier,,
So easy to use,"My toddler is 2.5 years old and we still use this at the farmers market. She gets tired, I pop her in, she's calm. Best investment of new parenthood.",5,2023-01-29 00:00:00 UTC,John Rodriguez,jrodriguez@hotmail.com,,nestli-embrace-sling-carrier,,
"Great carrier, wish it came with more colors",Really great carrier overall. Took me about 3 tries to get the fit right but once I figured it out I love it. Baby seems comfortable and I have both hands free.,4,2025-05-08 00:00:00 UTC,David Bennett,bennett_d558@live.com,,nestli-embrace-sling-carrier,,
Good for newborns,Solid product. The strap is wide and comfortable. I gave 4 stars because I wish the setup instructions were a bit clearer with pictures. But the carrier itself is great.,4,2023-10-09 00:00:00 UTC,Steven Rivera,rivera.s@aol.com,,nestli-embrace-sling-carrier,,
Recommend for most moms,"Great carrier, my daughter loves it. Took off one star because the instructions could be more detailed. Overall very happy with the purchase.",4,2023-09-07 00:00:00 UTC,Zoe Williams,zoewilliams548@gmail.com,,nestli-embrace-sling-carrier,,
My sanity saver,The fabric is breathable enough that we used it all summer without baby overheating. Such a thoughtful design.,5,2023-02-15 00:00:00 UTC,Ashley Murphy,ashley.murphy493@outlook.com,,nestli-embrace-sling-carrier,,
Would recommend with small caveat,Good quality product. Baby is content in it and I can actually get things done. Would give 5 stars but it took some practice to get the tightness right.,4,2024-08-17 00:00:00 UTC,Michael Ward,michael.ward424@icloud.com,,nestli-embrace-sling-carrier,,
"Easy to put on, baby loves it",I was nervous about ring slings but the setup guide was so clear. Had it on correctly the first try. Baby was happy immediately.,5,2023-09-15 00:00:00 UTC,Riley Bennett,riley626@icloud.com,,nestli-embrace-sling-carrier,,
"Good quality, learning curve",Solid product. The strap is wide and comfortable. I gave 4 stars because I wish the setup instructions were a bit clearer with pictures. But the carrier itself is great.,4,2023-11-24 00:00:00 UTC,Naomi Wood,naomi@outlook.com,,nestli-embrace-sling-carrier,,
Every mom needs this,Bought this as a gift for my sister's baby shower. She texted me a week later saying it's the only thing that calms her baby.,5,2026-01-29 00:00:00 UTC,Ariana Carter,acarter@aol.com,,nestli-embrace-sling-carrier,,
Best baby gear purchase,My daughter had colic for 6 weeks and nothing worked. Put her in this carrier and she was asleep in 4 minutes. I literally cried. This carrier saved my sanity.,5,2024-11-25 00:00:00 UTC,Samantha Fisher,sfisher179@gmail.com,,nestli-embrace-sling-carrier,,
My velcro baby is finally calm,"The quality is incredible. Stitching is perfect, fabric is so soft against baby skin. Washed it 40+ times and it still looks brand new.",5,2024-02-10 00:00:00 UTC,Jason Torres,jtorres@icloud.com,,nestli-embrace-sling-carrier,,
So easy to use,"Been using this for 14 months. Not a single seam has come loose, not a single stitch has broken. This thing is built to last.",5,2023-10-29 00:00:00 UTC,Zoe Young,zoe90@yahoo.com,,nestli-embrace-sling-carrier,,
Cooking with baby — done!,My daughter had colic for 6 weeks and nothing worked. Put her in this carrier and she was asleep in 4 minutes. I literally cried. This carrier saved my sanity.,5,2026-01-20 00:00:00 UTC,Aaron Perez,aaronperez497@gmail.com,,nestli-embrace-sling-carrier,,
"Good carrier, slight adjustment needed","Good carrier, my baby seems happy in it. I wish it came in more colors for my wardrobe but functionally it works great. Would recommend.",4,2023-07-17 00:00:00 UTC,Jack Allen,jallen@live.com,,nestli-embrace-sling-carrier,,
Would recommend with small caveat,Solid product. The strap is wide and comfortable. I gave 4 stars because I wish the setup instructions were a bit clearer with pictures. But the carrier itself is great.,4,2024-04-17 00:00:00 UTC,Sophia Rivera,sophia_rivera@aol.com,,nestli-embrace-sling-carrier,,
Impressive quality for the price,Works well and baby loves it. The ring is a bit stiff at first so adjusting takes some force until it breaks in. After a week it was perfect.,4,2024-08-21 00:00:00 UTC,Ellie Garcia,elliegarcia@msn.com,,nestli-embrace-sling-carrier,,
My velcro baby is finally calm,"I've tried 3 different carriers before this one. Returned all of them. The Nestli goes on in seconds, I barely feel the weight, and my son falls asleep in it every single time.",5,2023-03-17 00:00:00 UTC,Lucy Bennett,bennett_l445@yahoo.com,,nestli-embrace-sling-carrier,,
Finally sleeping again,Both my husband and I use this with no readjusting. One carrier for both parents — such a smart design. Highly recommend.,5,2024-05-16 00:00:00 UTC,Harper Torres,htorres510@live.com,,nestli-embrace-sling-carrier,,
So easy to use,Brought this to a family reunion. Every aunt and uncle took a turn. Nobody could believe how easy it was to put on. Orders came in from 3 family members.,5,2024-09-08 00:00:00 UTC,Jeffrey Moore,moore_j418@live.com,,nestli-embrace-sling-carrier,,
Best baby gear purchase,"I've tried 3 different carriers before this one. Returned all of them. The Nestli goes on in seconds, I barely feel the weight, and my son falls asleep in it every single time.",5,2023-01-16 00:00:00 UTC,Autumn Powell,powell.a@yahoo.com,,nestli-embrace-sling-carrier,,
Worth every single penny,Brought this to a family reunion. Every aunt and uncle took a turn. Nobody could believe how easy it was to put on. Orders came in from 3 family members.,5,2023-03-27 00:00:00 UTC,Nicholas Nguyen,nicholas@hotmail.com,,nestli-embrace-sling-carrier,,
5 stars isn't enough,My husband said carriers looked too complicated. I ordered this without telling him. He tried it once and now he uses it more than I do. He calls it his dad superpower.,5,2025-03-17 00:00:00 UTC,Eliana Mitchell,mitchell.e@live.com,,nestli-embrace-sling-carrier,,
4 stars — great product,Good quality product. Baby is content in it and I can actually get things done. Would give 5 stars but it took some practice to get the tightness right.,4,2023-07-27 00:00:00 UTC,Aubrey Brooks,aubrey@aol.com,,nestli-embrace-sling-carrier,,
Best baby gear purchase,The fabric is breathable enough that we used it all summer without baby overheating. Such a thoughtful design.,5,2024-09-25 00:00:00 UTC,Aaron Perry,aperry@msn.com,,nestli-embrace-sling-carrier,,
Bought 2 — one for grandma too,The fabric is breathable enough that we used it all summer without baby overheating. Such a thoughtful design.,5,2024-10-05 00:00:00 UTC,Dennis Nguyen,dennis@yahoo.com,,nestli-embrace-sling-carrier,,
"Good carrier, slight adjustment needed",Solid product. The strap is wide and comfortable. I gave 4 stars because I wish the setup instructions were a bit clearer with pictures. But the carrier itself is great.,4,2023-10-25 00:00:00 UTC,Harper Wood,harper@aol.com,,nestli-embrace-sling-carrier,,
4 stars — great product,"Great quality, soft fabric, baby seems comfy. Docking one star because mine arrived with a small mark on the fabric. Customer service sorted it quickly though.",4,2023-01-26 00:00:00 UTC,Julia Robinson,robinsonj302@outlook.com,,nestli-embrace-sling-carrier,,
My arms don't hurt anymore!,"Been using this for 14 months. Not a single seam has come loose, not a single stitch has broken. This thing is built to last.",5,2024-10-21 00:00:00 UTC,Layla Foster,layla280@yahoo.com,,nestli-embrace-sling-carrier,,
Solid carrier overall,Really great carrier overall. Took me about 3 tries to get the fit right but once I figured it out I love it. Baby seems comfortable and I have both hands free.,4,2023-02-12 00:00:00 UTC,Mila Peterson,mila.peterson@yahoo.com,,nestli-embrace-sling-carrier,,
My arms don't hurt anymore!,"I've tried 3 different carriers before this one. Returned all of them. The Nestli goes on in seconds, I barely feel the weight, and my son falls asleep in it every single time.",5,2023-03-26 00:00:00 UTC,Audrey Perry,aperry@yahoo.com,,nestli-embrace-sling-carrier,,
Perfection,Took this to Disney World. Walked 12 hours with a 15-month-old in this carrier. My back felt completely fine. My husband was jealous.,5,2023-06-05 00:00:00 UTC,Kinsley Jackson,kinsley_jackson@msn.com,,nestli-embrace-sling-carrier,,
Bought 2 — one for grandma too,Baby wouldn't sleep unless I was holding her. Tried this carrier out of desperation at 3am and she passed out within minutes. I've been wearing it every day since.,5,2024-01-30 00:00:00 UTC,Frank Reyes,reyes.f@yahoo.com,,nestli-embrace-sling-carrier,,
Baby falls asleep in minutes,My daughter had colic for 6 weeks and nothing worked. Put her in this carrier and she was asleep in 4 minutes. I literally cried. This carrier saved my sanity.,5,2023-11-26 00:00:00 UTC,Delilah Sullivan,delilahsullivan@yahoo.com,,nestli-embrace-sling-carrier,,
"Goodbye stroller, hello Nestli",My daughter had colic for 6 weeks and nothing worked. Put her in this carrier and she was asleep in 4 minutes. I literally cried. This carrier saved my sanity.,5,2024-11-17 00:00:00 UTC,Nova Perry,perryn@outlook.com,,nestli-embrace-sling-carrier,,
Can't imagine parenting without this,"I've tried 3 different carriers before this one. Returned all of them. The Nestli goes on in seconds, I barely feel the weight, and my son falls asleep in it every single time.",5,2023-04-24 00:00:00 UTC,Sophie Martin,sophie977@aol.com,,nestli-embrace-sling-carrier,,
Love it with minor learning curve,Really like this carrier. My husband found it slightly tricky to adjust at first but now he uses it on his own. Baby falls asleep in it often.,4,2024-01-29 00:00:00 UTC,Jeffrey Peterson,peterson_j@yahoo.com,,nestli-embrace-sling-carrier,,
10/10 no notes,Bought this as a gift for my sister's baby shower. She texted me a week later saying it's the only thing that calms her baby.,5,2023-12-23 00:00:00 UTC,Josephine Sanders,jsanders@hotmail.com,,nestli-embrace-sling-carrier,,
Can't imagine parenting without this,Took this to Disney World. Walked 12 hours with a 15-month-old in this carrier. My back felt completely fine. My husband was jealous.,5,2024-04-28 00:00:00 UTC,Michael Sullivan,michaelsullivan@msn.com,,nestli-embrace-sling-carrier,,
5 stars isn't enough,Bought this because a mom in my birth class had one. Now 6 women from that class have this carrier. We call ourselves the Nestli moms.,5,2025-12-04 00:00:00 UTC,Charles Mitchell,cmitchell405@live.com,,nestli-embrace-sling-carrier,,
"Returned 3 carriers, kept this one",My husband said carriers looked too complicated. I ordered this without telling him. He tried it once and now he uses it more than I do. He calls it his dad superpower.,5,2024-02-17 00:00:00 UTC,Brielle Martinez,bmartinez@msn.com,,nestli-embrace-sling-carrier,,
Great for travel,My baby went from needing to be rocked for 45 minutes to falling asleep in this carrier in under 10 minutes. Life is different now.,5,2024-05-31 00:00:00 UTC,Dennis Morales,dmorales853@icloud.com,,nestli-embrace-sling-carrier,,
"Fits perfectly, baby loves it",My son has reflux and needs to stay upright after feeds. This carrier keeps him perfectly positioned and he's so much more comfortable.,5,2025-03-07 00:00:00 UTC,Layla Jones,layla@live.com,,nestli-embrace-sling-carrier,,
Solid carrier overall,Love that I can nurse in this with a little practice. Took me a couple of weeks to get the hang of it but now it's seamless. High quality product.,4,2024-05-11 00:00:00 UTC,Richard Nelson,richard@outlook.com,,nestli-embrace-sling-carrier,,
Finally a carrier that actually works,My postpartum anxiety was through the roof until I started babywearing. Having her close and being able to feel her breathing calmed both of us down.,5,2023-01-05 00:00:00 UTC,Bella Gonzalez,gonzalez_b@aol.com,,nestli-embrace-sling-carrier,,
Every mom needs this,Took this to Disney World. Walked 12 hours with a 15-month-old in this carrier. My back felt completely fine. My husband was jealous.,5,2024-05-21 00:00:00 UTC,Zoe Green,zoe500@outlook.com,,nestli-embrace-sling-carrier,,
Almost perfect,Works well and baby loves it. The ring is a bit stiff at first so adjusting takes some force until it breaks in. After a week it was perfect.,4,2023-06-16 00:00:00 UTC,Paul Miller,paul_miller@msn.com,,nestli-embrace-sling-carrier,,
"Easy to put on, baby loves it","The quality is incredible. Stitching is perfect, fabric is so soft against baby skin. Washed it 40+ times and it still looks brand new.",5,2025-04-21 00:00:00 UTC,Jessica James,james_j445@aol.com,,nestli-embrace-sling-carrier,,
10/10 no notes,Baby wouldn't sleep unless I was holding her. Tried this carrier out of desperation at 3am and she passed out within minutes. I've been wearing it every day since.,5,2023-03-08 00:00:00 UTC,Jack Lee,jlee@msn.com,,nestli-embrace-sling-carrier,,
Should have bought this from day one,My second baby is so much calmer than my first was — I think it's entirely because I used this carrier from day 1. Skin-to-skin while getting things done.,5,2023-02-04 00:00:00 UTC,Eric Williams,ewilliams271@msn.com,,nestli-embrace-sling-carrier,,
This is THE one,Went to the grocery store with both hands free for the first time in 4 months. I actually teared up in the cereal aisle. This carrier is everything.,5,2023-11-01 00:00:00 UTC,Timothy Lewis,timothy230@msn.com,,nestli-embrace-sling-carrier,,
Perfection,I run a mom and baby yoga class. I recommend this carrier to every single student. Half of them come back and say it changed their life.,5,2025-03-01 00:00:00 UTC,Gabriella Myers,gabriella.myers58@aol.com,,nestli-embrace-sling-carrier,,
Hands free finally!!!,I run a mom and baby yoga class. I recommend this carrier to every single student. Half of them come back and say it changed their life.,5,2024-04-19 00:00:00 UTC,Brooklyn Williams,brooklynwilliams@msn.com,,nestli-embrace-sling-carrier,,
Cooking with baby — done!,Brought this to a family reunion. Every aunt and uncle took a turn. Nobody could believe how easy it was to put on. Orders came in from 3 family members.,5,2025-03-11 00:00:00 UTC,Genesis Rogers,grogers487@icloud.com,,nestli-embrace-sling-carrier,,
Never taking this off,Baby wouldn't sleep unless I was holding her. Tried this carrier out of desperation at 3am and she passed out within minutes. I've been wearing it every day since.,5,2024-10-31 00:00:00 UTC,Jason Torres,jason32@gmail.com,,nestli-embrace-sling-carrier,,
Dad approved!,Went to the grocery store with both hands free for the first time in 4 months. I actually teared up in the cereal aisle. This carrier is everything.,5,2023-09-30 00:00:00 UTC,Patrick Powell,patrickpowell@hotmail.com,,nestli-embrace-sling-carrier,,
Recommend for most moms,Great carrier and I use it daily. The only thing I'd change is the carry pouch — it's a bit small. But the carrier itself is 5 stars.,4,2024-12-27 00:00:00 UTC,Stephen Rodriguez,srodriguez525@outlook.com,,nestli-embrace-sling-carrier,,
Great for travel,"My toddler is 2.5 years old and we still use this at the farmers market. She gets tired, I pop her in, she's calm. Best investment of new parenthood.",5,2023-12-25 00:00:00 UTC,Edward Parker,edward@msn.com,,nestli-embrace-sling-carrier,,
Bought 2 — one for grandma too,I work from home and wear this during calls. Baby is calm and quiet and I look completely professional. Game changing for WFH moms.,5,2023-12-18 00:00:00 UTC,Lucy Bennett,lbennett@msn.com,,nestli-embrace-sling-carrier,,
"Easy to put on, baby loves it",Was skeptical after spending money on other carriers that hurt my back. This one is genuinely different. Wide padded strap makes all the difference.,5,2023-08-06 00:00:00 UTC,Josephine Kelly,josephinekelly@outlook.com,,nestli-embrace-sling-carrier,,
Obsessed with this thing,"The quality is incredible. Stitching is perfect, fabric is so soft against baby skin. Washed it 40+ times and it still looks brand new.",5,2024-07-25 00:00:00 UTC,Aaliyah Lewis,aaliyah@hotmail.com,,nestli-embrace-sling-carrier,,
Almost perfect,Works great for my petite frame. Had to watch a video to get the fit right but after that it's been perfect. Baby loves the closeness.,4,2024-09-07 00:00:00 UTC,Savannah Taylor,savannah@live.com,,nestli-embrace-sling-carrier,,
Really like this carrier,Works well and baby loves it. The ring is a bit stiff at first so adjusting takes some force until it breaks in. After a week it was perfect.,4,2023-07-24 00:00:00 UTC,Tyler Murphy,tylermurphy442@msn.com,,nestli-embrace-sling-carrier,,
"Love it, took a few tries",Comfortable for long carries. Gave 4 stars because the color I received looked slightly different from the website photo. Still looks nice though.,4,2025-09-05 00:00:00 UTC,Nicholas Myers,myersn152@yahoo.com,,nestli-embrace-sling-carrier,,
Worth every single penny,"I've tried 3 different carriers before this one. Returned all of them. The Nestli goes on in seconds, I barely feel the weight, and my son falls asleep in it every single time.",5,2023-03-23 00:00:00 UTC,Penelope Nguyen,pnguyen@msn.com,,nestli-embrace-sling-carrier,,
My husband uses it more than me,My postpartum anxiety was through the roof until I started babywearing. Having her close and being able to feel her breathing calmed both of us down.,5,2023-05-15 00:00:00 UTC,Paul Gray,pgray@aol.com,,nestli-embrace-sling-carrier,,
Best carrier I've ever owned,Ordered this as a last resort after my velcro baby refused to be put down for 3 months. Should have ordered it on day 1. So easy to use and baby loves it.,5,2024-09-05 00:00:00 UTC,Nova Ortiz,nova780@icloud.com,,nestli-embrace-sling-carrier,,
Worth every single penny,Both my husband and I use this with no readjusting. One carrier for both parents — such a smart design. Highly recommend.,5,2024-02-02 00:00:00 UTC,Anna Nguyen,nguyen.a656@outlook.com,,nestli-embrace-sling-carrier,,
This saved my postpartum,My son is 20 months and 26 pounds. I still carry him in this when he's tired on walks. Zero shoulder pain.,5,2023-05-05 00:00:00 UTC,Elena Morales,emorales@gmail.com,,nestli-embrace-sling-carrier,,
Cooking with baby — done!,Bought this as a gift for my sister's baby shower. She texted me a week later saying it's the only thing that calms her baby.,5,2023-05-08 00:00:00 UTC,James Gomez,gomez_j86@msn.com,,nestli-embrace-sling-carrier,,
"Returned 3 carriers, kept this one","I've tried 3 different carriers before this one. Returned all of them. The Nestli goes on in seconds, I barely feel the weight, and my son falls asleep in it every single time.",5,2023-06-08 00:00:00 UTC,Edward Ramirez,eramirez151@msn.com,,nestli-embrace-sling-carrier,,
Happy with my purchase,"Love the quality of this carrier. Only reason it's 4 stars is the learning curve — it took me a week to feel confident putting it on. After that, totally smooth.",4,2023-04-20 00:00:00 UTC,Olivia Diaz,olivia315@hotmail.com,,nestli-embrace-sling-carrier,,
"Goodbye stroller, hello Nestli",Went to the grocery store with both hands free for the first time in 4 months. I actually teared up in the cereal aisle. This carrier is everything.,5,2024-10-08 00:00:00 UTC,Paul Long,paullong843@aol.com,,nestli-embrace-sling-carrier,,
Cried happy tears when I tried it,Brought this to a family reunion. Every aunt and uncle took a turn. Nobody could believe how easy it was to put on. Orders came in from 3 family members.,5,2023-12-08 00:00:00 UTC,Aria Garcia,agarcia@gmail.com,,nestli-embrace-sling-carrier,,
So easy to use,I was nervous about ring slings but the setup guide was so clear. Had it on correctly the first try. Baby was happy immediately.,5,2024-02-09 00:00:00 UTC,Gary Long,gary@yahoo.com,,nestli-embrace-sling-carrier,,
Recommend for most moms,Really nice carrier. Well made and baby seems very comfortable. Just takes a little practice at first. Glad I bought it.,4,2024-01-04 00:00:00 UTC,Sophia Cruz,scruz@icloud.com,,nestli-embrace-sling-carrier,,
Can't imagine parenting without this,"The quality is incredible. Stitching is perfect, fabric is so soft against baby skin. Washed it 40+ times and it still looks brand new.",5,2023-11-07 00:00:00 UTC,Arianna Parker,arianna.parker613@aol.com,,nestli-embrace-sling-carrier,,
"Goodbye stroller, hello Nestli",I run a mom and baby yoga class. I recommend this carrier to every single student. Half of them come back and say it changed their life.,5,2023-06-14 00:00:00 UTC,Leah Stewart,leah.stewart870@aol.com,,nestli-embrace-sling-carrier,,
Cooking with baby — done!,My daughter had colic for 6 weeks and nothing worked. Put her in this carrier and she was asleep in 4 minutes. I literally cried. This carrier saved my sanity.,5,2025-09-02 00:00:00 UTC,Ryan Parker,ryan@outlook.com,,nestli-embrace-sling-carrier,,
Absolute game changer!,Baby wouldn't sleep unless I was holding her. Tried this carrier out of desperation at 3am and she passed out within minutes. I've been wearing it every day since.,5,2023-11-22 00:00:00 UTC,Hazel Sanders,hazel292@aol.com,,nestli-embrace-sling-carrier,,
Good for newborns,Great carrier and I use it daily. The only thing I'd change is the carry pouch — it's a bit small. But the carrier itself is 5 stars.,4,2024-04-14 00:00:00 UTC,Bella Evans,bella.evans@hotmail.com,,nestli-embrace-sling-carrier,,
My husband uses it more than me,Ordered this as a last resort after my velcro baby refused to be put down for 3 months. Should have ordered it on day 1. So easy to use and baby loves it.,5,2025-09-22 00:00:00 UTC,Cora Myers,myers.c581@yahoo.com,,nestli-embrace-sling-carrier,,
Lightweight and perfect,Baby wouldn't sleep unless I was holding her. Tried this carrier out of desperation at 3am and she passed out within minutes. I've been wearing it every day since.,5,2023-10-23 00:00:00 UTC,Caroline Hall,chall@live.com,,nestli-embrace-sling-carrier,,
Impressive quality for the price,Really like this carrier. My husband found it slightly tricky to adjust at first but now he uses it on his own. Baby falls asleep in it often.,4,2024-07-25 00:00:00 UTC,Sophia Sullivan,ssullivan396@hotmail.com,,nestli-embrace-sling-carrier,,
Can't imagine parenting without this,My husband said carriers looked too complicated. I ordered this without telling him. He tried it once and now he uses it more than I do. He calls it his dad superpower.,5,2024-06-30 00:00:00 UTC,Madelyn Lewis,madelyn.lewis68@gmail.com,,nestli-embrace-sling-carrier,,
Genuinely life changing,Was skeptical after spending money on other carriers that hurt my back. This one is genuinely different. Wide padded strap makes all the difference.,5,2023-01-30 00:00:00 UTC,Brandon Cook,brandon.cook679@outlook.com,,nestli-embrace-sling-carrier,,
My go-to carrier for everything,Bought this as a gift for my sister's baby shower. She texted me a week later saying it's the only thing that calms her baby.,5,2024-05-16 00:00:00 UTC,Jason Johnson,johnson.j143@hotmail.com,,nestli-embrace-sling-carrier,,
10/10 no notes,"Been using this for 14 months. Not a single seam has come loose, not a single stitch has broken. This thing is built to last.",5,2024-03-22 00:00:00 UTC,Diana Clark,clarkd363@gmail.com,,nestli-embrace-sling-carrier,,
Happy with my purchase,Comfortable for long carries. Gave 4 stars because the color I received looked slightly different from the website photo. Still looks nice though.,4,2025-03-25 00:00:00 UTC,Jose Williams,williams.j389@icloud.com,,nestli-embrace-sling-carrier,,
Good but takes practice,"Great carrier, my daughter loves it. Took off one star because the instructions could be more detailed. Overall very happy with the purchase.",4,2023-06-13 00:00:00 UTC,Adeline Jackson,adeline_jackson638@yahoo.com,,nestli-embrace-sling-carrier,,
Perfect for our lifestyle,I work from home and wear this during calls. Baby is calm and quiet and I look completely professional. Game changing for WFH moms.,5,2023-05-06 00:00:00 UTC,Olivia Foster,olivia.foster@live.com,,nestli-embrace-sling-carrier,,
Solid 4 stars from me,Really nice carrier. Well made and baby seems very comfortable. Just takes a little practice at first. Glad I bought it.,4,2023-05-08 00:00:00 UTC,Matthew Nguyen,mnguyen552@live.com,,nestli-embrace-sling-carrier,,
5 stars isn't enough,My son has reflux and needs to stay upright after feeds. This carrier keeps him perfectly positioned and he's so much more comfortable.,5,2025-01-13 00:00:00 UTC,Lillian Ward,lillian.ward@yahoo.com,,nestli-embrace-sling-carrier,,
Every mom needs this,Went to the grocery store with both hands free for the first time in 4 months. I actually teared up in the cereal aisle. This carrier is everything.,5,2023-06-12 00:00:00 UTC,Ronald Cooper,rcooper@aol.com,,nestli-embrace-sling-carrier,,
Every mom needs this,Went to the grocery store with both hands free for the first time in 4 months. I actually teared up in the cereal aisle. This carrier is everything.,5,2023-07-06 00:00:00 UTC,Ivy Martin,martini@yahoo.com,,nestli-embrace-sling-carrier,,
Obsessed with this thing,My second baby is so much calmer than my first was — I think it's entirely because I used this carrier from day 1. Skin-to-skin while getting things done.,5,2024-03-31 00:00:00 UTC,Savannah Collins,scollins@yahoo.com,,nestli-embrace-sling-carrier,,
Grocery store hero,Baby wouldn't sleep unless I was holding her. Tried this carrier out of desperation at 3am and she passed out within minutes. I've been wearing it every day since.,5,2024-05-08 00:00:00 UTC,John Parker,parker_j@icloud.com,,nestli-embrace-sling-carrier,,
My pediatrician approved it,Bought this as a gift for my sister's baby shower. She texted me a week later saying it's the only thing that calms her baby.,5,2024-02-28 00:00:00 UTC,Ava Miller,ava_miller636@msn.com,,nestli-embrace-sling-carrier,,
Bought 2 — one for grandma too,We flew cross-country with our 7-month-old. This carrier fit in my purse and our baby slept through both flights. Worth ten times the price.,5,2023-12-11 00:00:00 UTC,Jessica Thompson,thompsonj500@hotmail.com,,nestli-embrace-sling-carrier,,
Impressive quality for the price,Love that I can nurse in this with a little practice. Took me a couple of weeks to get the hang of it but now it's seamless. High quality product.,4,2023-01-27 00:00:00 UTC,Jason Ross,rossj772@icloud.com,,nestli-embrace-sling-carrier,,
"Returned 3 carriers, kept this one",The fabric is breathable enough that we used it all summer without baby overheating. Such a thoughtful design.,5,2024-10-22 00:00:00 UTC,Paisley Walker,paisley.walker351@hotmail.com,,nestli-embrace-sling-carrier,,
So easy to use,The fabric is breathable enough that we used it all summer without baby overheating. Such a thoughtful design.,5,2023-08-10 00:00:00 UTC,Luna Russell,russell_l955@live.com,,nestli-embrace-sling-carrier,,
Finally a carrier that actually works,"My toddler is 2.5 years old and we still use this at the farmers market. She gets tired, I pop her in, she's calm. Best investment of new parenthood.",5,2023-10-12 00:00:00 UTC,Nova Sanchez,nsanchez@gmail.com,,nestli-embrace-sling-carrier,,
Good for newborns,Great carrier and I use it daily. The only thing I'd change is the carry pouch — it's a bit small. But the carrier itself is 5 stars.,4,2023-07-22 00:00:00 UTC,Eleanor Long,elong@yahoo.com,,nestli-embrace-sling-carrier,,
Genuinely life changing,Ordered this as a last resort after my velcro baby refused to be put down for 3 months. Should have ordered it on day 1. So easy to use and baby loves it.,5,2023-11-17 00:00:00 UTC,Piper Campbell,campbell_p@icloud.com,,nestli-embrace-sling-carrier,,
Exceeded all my expectations,My daughter had colic for 6 weeks and nothing worked. Put her in this carrier and she was asleep in 4 minutes. I literally cried. This carrier saved my sanity.,5,2023-04-07 00:00:00 UTC,Jeffrey Smith,jeffrey949@hotmail.com,,nestli-embrace-sling-carrier,,
My velcro baby is finally calm,Both my husband and I use this with no readjusting. One carrier for both parents — such a smart design. Highly recommend.,5,2025-05-10 00:00:00 UTC,Vanessa Morris,vmorris@msn.com,,nestli-embrace-sling-carrier,,
5 stars isn't enough,Went to the grocery store with both hands free for the first time in 4 months. I actually teared up in the cereal aisle. This carrier is everything.,5,2023-11-15 00:00:00 UTC,Benjamin King,king_b@gmail.com,,nestli-embrace-sling-carrier,,
She stopped crying the second I put it on,My husband said carriers looked too complicated. I ordered this without telling him. He tried it once and now he uses it more than I do. He calls it his dad superpower.,5,2025-03-06 00:00:00 UTC,William Johnson,johnson_w107@msn.com,,nestli-embrace-sling-carrier,,
Wish I had this with my first,My son has reflux and needs to stay upright after feeds. This carrier keeps him perfectly positioned and he's so much more comfortable.,5,2023-02-21 00:00:00 UTC,Nora Nguyen,nguyen_n733@outlook.com,,nestli-embrace-sling-carrier,,
Airport essential,My baby went from needing to be rocked for 45 minutes to falling asleep in this carrier in under 10 minutes. Life is different now.,5,2023-03-22 00:00:00 UTC,Benjamin Reed,reedb@live.com,,nestli-embrace-sling-carrier,,
My arms don't hurt anymore!,I work from home and wear this during calls. Baby is calm and quiet and I look completely professional. Game changing for WFH moms.,5,2023-08-17 00:00:00 UTC,Justin Baker,justin1@yahoo.com,,nestli-embrace-sling-carrier,,
Perfect for our lifestyle,The fabric is breathable enough that we used it all summer without baby overheating. Such a thoughtful design.,5,2025-02-10 00:00:00 UTC,Eliana Kelly,kellye946@yahoo.com,,nestli-embrace-sling-carrier,,
Best carrier I've ever owned,My son has reflux and needs to stay upright after feeds. This carrier keeps him perfectly positioned and he's so much more comfortable.,5,2023-07-21 00:00:00 UTC,Eliana Lewis,lewise@icloud.com,,nestli-embrace-sling-carrier,,
Cried happy tears when I tried it,"My toddler is 2.5 years old and we still use this at the farmers market. She gets tired, I pop her in, she's calm. Best investment of new parenthood.",5,2023-06-17 00:00:00 UTC,Charlotte Bailey,baileyc197@aol.com,,nestli-embrace-sling-carrier,,
Perfection,My baby went from needing to be rocked for 45 minutes to falling asleep in this carrier in under 10 minutes. Life is different now.,5,2023-12-02 00:00:00 UTC,Ronald Morris,morris.r@live.com,,nestli-embrace-sling-carrier,,
Recommend for most moms,"Great carrier, my daughter loves it. Took off one star because the instructions could be more detailed. Overall very happy with the purchase.",4,2023-02-22 00:00:00 UTC,Isla Reed,islareed@msn.com,,nestli-embrace-sling-carrier,,
Should have bought this from day one,My husband said carriers looked too complicated. I ordered this without telling him. He tried it once and now he uses it more than I do. He calls it his dad superpower.,5,2025-04-19 00:00:00 UTC,Christopher Evans,cevans@icloud.com,,nestli-embrace-sling-carrier,,
My pediatrician approved it,Ordered this as a last resort after my velcro baby refused to be put down for 3 months. Should have ordered it on day 1. So easy to use and baby loves it.,5,2023-05-02 00:00:00 UTC,Valentina Hernandez,valentina@msn.com,,nestli-embrace-sling-carrier,,
Baby falls asleep in minutes,I run a mom and baby yoga class. I recommend this carrier to every single student. Half of them come back and say it changed their life.,5,2024-04-02 00:00:00 UTC,Victoria Smith,victoria.smith@hotmail.com,,nestli-embrace-sling-carrier,,
"Returned 3 carriers, kept this one",Bought this as a gift for my sister's baby shower. She texted me a week later saying it's the only thing that calms her baby.,5,2024-09-02 00:00:00 UTC,Alice Reed,alice@gmail.com,,nestli-embrace-sling-carrier,,
Would recommend with small caveat,Really happy with the purchase. Slight learning curve but nothing that a YouTube tutorial didn't solve. Baby is calm and I'm hands-free.,4,2023-03-02 00:00:00 UTC,Isabella White,white_i@live.com,,nestli-embrace-sling-carrier,,
Would recommend with small caveat,Really nice carrier. Well made and baby seems very comfortable. Just takes a little practice at first. Glad I bought it.,4,2023-07-03 00:00:00 UTC,Vanessa Gutierrez,vgutierrez@aol.com,,nestli-embrace-sling-carrier,,
Recommend for most moms,"Great quality, soft fabric, baby seems comfy. Docking one star because mine arrived with a small mark on the fabric. Customer service sorted it quickly though.",4,2024-01-12 00:00:00 UTC,Hailey King,king.h@msn.com,,nestli-embrace-sling-carrier,,
Really great carrier,"Great carrier, my daughter loves it. Took off one star because the instructions could be more detailed. Overall very happy with the purchase.",4,2024-05-03 00:00:00 UTC,Savannah Campbell,savannah.campbell532@hotmail.com,,nestli-embrace-sling-carrier,,
Almost perfect,Great carrier and I use it daily. The only thing I'd change is the carry pouch — it's a bit small. But the carrier itself is 5 stars.,4,2024-03-17 00:00:00 UTC,Ashley Kelly,ashley@gmail.com,,nestli-embrace-sling-carrier,,
My husband uses it more than me,Was skeptical after spending money on other carriers that hurt my back. This one is genuinely different. Wide padded strap makes all the difference.,5,2024-01-12 00:00:00 UTC,Ava Cook,ava.cook678@outlook.com,,nestli-embrace-sling-carrier,,
Finally a carrier that actually works,"I've tried 3 different carriers before this one. Returned all of them. The Nestli goes on in seconds, I barely feel the weight, and my son falls asleep in it every single time.",5,2024-09-03 00:00:00 UTC,Bella Clark,bella_clark881@outlook.com,,nestli-embrace-sling-carrier,,
Baby falls asleep in minutes,My second baby is so much calmer than my first was — I think it's entirely because I used this carrier from day 1. Skin-to-skin while getting things done.,5,2024-11-16 00:00:00 UTC,Serenity Johnson,johnsons104@yahoo.com,,nestli-embrace-sling-carrier,,
Exceeded all my expectations,My postpartum anxiety was through the roof until I started babywearing. Having her close and being able to feel her breathing calmed both of us down.,5,2025-03-26 00:00:00 UTC,Hazel Parker,hazel_parker423@gmail.com,,nestli-embrace-sling-carrier,,
My go-to carrier for everything,We flew cross-country with our 7-month-old. This carrier fit in my purse and our baby slept through both flights. Worth ten times the price.,5,2023-05-26 00:00:00 UTC,Samuel Barnes,sbarnes609@gmail.com,,nestli-embrace-sling-carrier,,
Obsessed with this thing,"The quality is incredible. Stitching is perfect, fabric is so soft against baby skin. Washed it 40+ times and it still looks brand new.",5,2024-02-04 00:00:00 UTC,Sofia Collins,scollins@yahoo.com,,nestli-embrace-sling-carrier,,
Lightweight and perfect,"My toddler is 2.5 years old and we still use this at the farmers market. She gets tired, I pop her in, she's calm. Best investment of new parenthood.",5,2023-06-18 00:00:00 UTC,Nathan Jenkins,nathanjenkins@gmail.com,,nestli-embrace-sling-carrier,,
Wish I had this with my first,My postpartum anxiety was through the roof until I started babywearing. Having her close and being able to feel her breathing calmed both of us down.,5,2023-11-30 00:00:00 UTC,Samantha Sullivan,ssullivan@gmail.com,,nestli-embrace-sling-carrier,,
Finally a carrier that actually works,"I've tried 3 different carriers before this one. Returned all of them. The Nestli goes on in seconds, I barely feel the weight, and my son falls asleep in it every single time.",5,2025-11-02 00:00:00 UTC,Paisley Martinez,paisley287@icloud.com,,nestli-embrace-sling-carrier,,
"Goodbye stroller, hello Nestli","Been using this for 14 months. Not a single seam has come loose, not a single stitch has broken. This thing is built to last.",5,2023-08-31 00:00:00 UTC,Violet Cook,cookv@icloud.com,,nestli-embrace-sling-carrier,,
Should have bought this from day one,My husband said carriers looked too complicated. I ordered this without telling him. He tried it once and now he uses it more than I do. He calls it his dad superpower.,5,2024-07-31 00:00:00 UTC,Valentina Martinez,vmartinez503@live.com,,nestli-embrace-sling-carrier,,
Absolute game changer!,"The quality is incredible. Stitching is perfect, fabric is so soft against baby skin. Washed it 40+ times and it still looks brand new.",5,2023-02-18 00:00:00 UTC,Riley Robinson,riley529@icloud.com,,nestli-embrace-sling-carrier,,
Should have bought this from day one,"My toddler is 2.5 years old and we still use this at the farmers market. She gets tired, I pop her in, she's calm. Best investment of new parenthood.",5,2023-02-19 00:00:00 UTC,Lauren Flores,laurenflores694@live.com,,nestli-embrace-sling-carrier,,
Happy with my purchase,"Great quality, soft fabric, baby seems comfy. Docking one star because mine arrived with a small mark on the fabric. Customer service sorted it quickly though.",4,2024-02-11 00:00:00 UTC,Isabella Lopez,isabella_lopez@yahoo.com,,nestli-embrace-sling-carrier,,
Carrier of the year,My postpartum anxiety was through the roof until I started babywearing. Having her close and being able to feel her breathing calmed both of us down.,5,2024-09-05 00:00:00 UTC,Kinsley Phillips,kinsley_phillips515@msn.com,,nestli-embrace-sling-carrier,,
"Good quality, learning curve",Love that I can nurse in this with a little practice. Took me a couple of weeks to get the hang of it but now it's seamless. High quality product.,4,2024-02-08 00:00:00 UTC,Aria Brown,aria.brown@aol.com,,nestli-embrace-sling-carrier,,
Best purchase of 2024,My son is 20 months and 26 pounds. I still carry him in this when he's tired on walks. Zero shoulder pain.,5,2024-08-05 00:00:00 UTC,Josephine Carter,josephine_carter831@aol.com,,nestli-embrace-sling-carrier,,
Solid carrier overall,Love that I can nurse in this with a little practice. Took me a couple of weeks to get the hang of it but now it's seamless. High quality product.,4,2023-07-13 00:00:00 UTC,Isla Allen,isla_allen@icloud.com,,nestli-embrace-sling-carrier,,
Best baby gear purchase,"My toddler is 2.5 years old and we still use this at the farmers market. She gets tired, I pop her in, she's calm. Best investment of new parenthood.",5,2023-07-30 00:00:00 UTC,Scarlett Foster,sfoster298@aol.com,,nestli-embrace-sling-carrier,,
Great for travel,"The quality is incredible. Stitching is perfect, fabric is so soft against baby skin. Washed it 40+ times and it still looks brand new.",5,2023-01-04 00:00:00 UTC,Amanda Diaz,diaza@hotmail.com,,nestli-embrace-sling-carrier,,
"Goodbye stroller, hello Nestli",Brought this to a family reunion. Every aunt and uncle took a turn. Nobody could believe how easy it was to put on. Orders came in from 3 family members.,5,2024-01-24 00:00:00 UTC,Leah Morales,leahmorales516@icloud.com,,nestli-embrace-sling-carrier,,
She stopped crying the second I put it on,Brought this to a family reunion. Every aunt and uncle took a turn. Nobody could believe how easy it was to put on. Orders came in from 3 family members.,5,2023-07-18 00:00:00 UTC,Valentina Russell,valentina.russell821@live.com,,nestli-embrace-sling-carrier,,
"Good carrier, slight adjustment needed",Love that I can nurse in this with a little practice. Took me a couple of weeks to get the hang of it but now it's seamless. High quality product.,4,2024-08-16 00:00:00 UTC,Madeline Harris,madeline@live.com,,nestli-embrace-sling-carrier,,
"Nice carrier, minor issue with strap",Comfortable for long carries. Gave 4 stars because the color I received looked slightly different from the website photo. Still looks nice though.,4,2023-02-28 00:00:00 UTC,Jeffrey Green,jeffrey@gmail.com,,nestli-embrace-sling-carrier,,
Life changing for new moms,Ordered this as a last resort after my velcro baby refused to be put down for 3 months. Should have ordered it on day 1. So easy to use and baby loves it.,5,2024-09-17 00:00:00 UTC,David Smith,david@hotmail.com,,nestli-embrace-sling-carrier,,
Best carrier I've ever owned,The fabric is breathable enough that we used it all summer without baby overheating. Such a thoughtful design.,5,2023-07-03 00:00:00 UTC,Chloe Gutierrez,gutierrezc776@outlook.com,,nestli-embrace-sling-carrier,,
My sanity saver,Took this to Disney World. Walked 12 hours with a 15-month-old in this carrier. My back felt completely fine. My husband was jealous.,5,2023-10-24 00:00:00 UTC,Eric Flores,eric@msn.com,,nestli-embrace-sling-carrier,,
This saved my postpartum,My husband said carriers looked too complicated. I ordered this without telling him. He tried it once and now he uses it more than I do. He calls it his dad superpower.,5,2023-07-11 00:00:00 UTC,Sophie Johnson,sophiejohnson626@msn.com,,nestli-embrace-sling-carrier,,
The only carrier I recommend,We flew cross-country with our 7-month-old. This carrier fit in my purse and our baby slept through both flights. Worth ten times the price.,5,2025-05-02 00:00:00 UTC,Nathan Lopez,nathan@outlook.com,,nestli-embrace-sling-carrier,,
5 stars isn't enough,I was nervous about ring slings but the setup guide was so clear. Had it on correctly the first try. Baby was happy immediately.,5,2025-01-11 00:00:00 UTC,Tyler Nelson,tyler@live.com,,nestli-embrace-sling-carrier,,
Best baby gear purchase,My postpartum anxiety was through the roof until I started babywearing. Having her close and being able to feel her breathing calmed both of us down.,5,2023-03-10 00:00:00 UTC,Sophie Adams,adamss@gmail.com,,nestli-embrace-sling-carrier,,
Obsessed with this thing,My second baby is so much calmer than my first was — I think it's entirely because I used this carrier from day 1. Skin-to-skin while getting things done.,5,2023-08-16 00:00:00 UTC,Violet Cox,violet_cox@live.com,,nestli-embrace-sling-carrier,,
Finally sleeping again,Both my husband and I use this with no readjusting. One carrier for both parents — such a smart design. Highly recommend.,5,2024-10-07 00:00:00 UTC,Anna Cook,annacook954@hotmail.com,,nestli-embrace-sling-carrier,,
Good but takes practice,"Good carrier, my baby seems happy in it. I wish it came in more colors for my wardrobe but functionally it works great. Would recommend.",4,2024-11-29 00:00:00 UTC,Ava Sanchez,sanchez_a316@outlook.com,,nestli-embrace-sling-carrier,,
My arms don't hurt anymore!,My daughter had colic for 6 weeks and nothing worked. Put her in this carrier and she was asleep in 4 minutes. I literally cried. This carrier saved my sanity.,5,2023-02-23 00:00:00 UTC,Lauren Nguyen,nguyen_l818@outlook.com,,nestli-embrace-sling-carrier,,
My pediatrician approved it,"My toddler is 2.5 years old and we still use this at the farmers market. She gets tired, I pop her in, she's calm. Best investment of new parenthood.",5,2023-05-25 00:00:00 UTC,Camila King,camila293@yahoo.com,,nestli-embrace-sling-carrier,,
"Returned 3 carriers, kept this one","My toddler is 2.5 years old and we still use this at the farmers market. She gets tired, I pop her in, she's calm. Best investment of new parenthood.",5,2024-01-13 00:00:00 UTC,Evelyn Hill,ehill495@yahoo.com,,nestli-embrace-sling-carrier,,
Would recommend with small caveat,Really like this carrier. My husband found it slightly tricky to adjust at first but now he uses it on his own. Baby falls asleep in it often.,4,2024-06-02 00:00:00 UTC,Hazel Cooper,hcooper717@hotmail.com,,nestli-embrace-sling-carrier,,
"Great carrier, wish it came with more colors","Good carrier, my baby seems happy in it. I wish it came in more colors for my wardrobe but functionally it works great. Would recommend.",4,2023-10-08 00:00:00 UTC,Layla Price,pricel371@outlook.com,,nestli-embrace-sling-carrier,,
Great for travel,My son has reflux and needs to stay upright after feeds. This carrier keeps him perfectly positioned and he's so much more comfortable.,5,2023-10-03 00:00:00 UTC,Alexa Davis,alexa@gmail.com,,nestli-embrace-sling-carrier,,
Cooking with baby — done!,My postpartum anxiety was through the roof until I started babywearing. Having her close and being able to feel her breathing calmed both of us down.,5,2023-03-18 00:00:00 UTC,Mila Turner,mturner973@live.com,,nestli-embrace-sling-carrier,,
"Easy to put on, baby loves it",My baby went from needing to be rocked for 45 minutes to falling asleep in this carrier in under 10 minutes. Life is different now.,5,2025-04-22 00:00:00 UTC,Ryan Kelly,rkelly805@yahoo.com,,nestli-embrace-sling-carrier,,
"Good carrier, slight adjustment needed",Really great carrier overall. Took me about 3 tries to get the fit right but once I figured it out I love it. Baby seems comfortable and I have both hands free.,4,2023-07-24 00:00:00 UTC,Kevin Cooper,kcooper162@gmail.com,,nestli-embrace-sling-carrier,,
Worth every single penny,Baby wouldn't sleep unless I was holding her. Tried this carrier out of desperation at 3am and she passed out within minutes. I've been wearing it every day since.,5,2025-01-31 00:00:00 UTC,Alexander Diaz,diaza801@live.com,,nestli-embrace-sling-carrier,,
Best carrier I've ever owned,My husband said carriers looked too complicated. I ordered this without telling him. He tried it once and now he uses it more than I do. He calls it his dad superpower.,5,2023-12-19 00:00:00 UTC,Lauren Hughes,lhughes367@outlook.com,,nestli-embrace-sling-carrier,,
Good but takes practice,Really great carrier overall. Took me about 3 tries to get the fit right but once I figured it out I love it. Baby seems comfortable and I have both hands free.,4,2024-02-27 00:00:00 UTC,Benjamin Williams,benjamin783@live.com,,nestli-embrace-sling-carrier,,
Finally a carrier that actually works,Was skeptical after spending money on other carriers that hurt my back. This one is genuinely different. Wide padded strap makes all the difference.,5,2023-03-05 00:00:00 UTC,Joshua King,jking16@aol.com,,nestli-embrace-sling-carrier,,
My arms don't hurt anymore!,"Been using this for 14 months. Not a single seam has come loose, not a single stitch has broken. This thing is built to last.",5,2024-11-13 00:00:00 UTC,Hannah Edwards,edwards_h170@icloud.com,,nestli-embrace-sling-carrier,,
"Fits perfectly, baby loves it",Took this to Disney World. Walked 12 hours with a 15-month-old in this carrier. My back felt completely fine. My husband was jealous.,5,2025-03-06 00:00:00 UTC,Nevaeh Harris,harris_n@msn.com,,nestli-embrace-sling-carrier,,
Carrier of the year,My second baby is so much calmer than my first was — I think it's entirely because I used this carrier from day 1. Skin-to-skin while getting things done.,5,2023-11-21 00:00:00 UTC,Chloe Gonzalez,gonzalezc@gmail.com,,nestli-embrace-sling-carrier,,
"Great carrier, wish it came with more colors",Really great carrier overall. Took me about 3 tries to get the fit right but once I figured it out I love it. Baby seems comfortable and I have both hands free.,4,2024-09-28 00:00:00 UTC,Frank Russell,frank@yahoo.com,,nestli-embrace-sling-carrier,,
4 stars — great product,Great carrier and I use it daily. The only thing I'd change is the carry pouch — it's a bit small. But the carrier itself is 5 stars.,4,2024-10-08 00:00:00 UTC,Monica Martin,monicamartin@hotmail.com,,nestli-embrace-sling-carrier,,
Would recommend with small caveat,Great carrier and I use it daily. The only thing I'd change is the carry pouch — it's a bit small. But the carrier itself is 5 stars.,4,2024-08-14 00:00:00 UTC,Jacob Smith,jacobsmith820@hotmail.com,,nestli-embrace-sling-carrier,,
Love it with minor learning curve,Really nice carrier. Well made and baby seems very comfortable. Just takes a little practice at first. Glad I bought it.,4,2024-01-24 00:00:00 UTC,Timothy Torres,torres.t76@msn.com,,nestli-embrace-sling-carrier,,
"Great quality, took time to adjust",Really happy with the purchase. Slight learning curve but nothing that a YouTube tutorial didn't solve. Baby is calm and I'm hands-free.,4,2024-07-11 00:00:00 UTC,Layla Stewart,layla51@hotmail.com,,nestli-embrace-sling-carrier,,
"Great quality, took time to adjust","Great quality, soft fabric, baby seems comfy. Docking one star because mine arrived with a small mark on the fabric. Customer service sorted it quickly though.",4,2024-12-29 00:00:00 UTC,Kayla Foster,kaylafoster@icloud.com,,nestli-embrace-sling-carrier,,
My baby only sleeps in this now,Was skeptical after spending money on other carriers that hurt my back. This one is genuinely different. Wide padded strap makes all the difference.,5,2024-08-27 00:00:00 UTC,Monica Cruz,monica.cruz@gmail.com,,nestli-embrace-sling-carrier,,
Lightweight and perfect,Took this to Disney World. Walked 12 hours with a 15-month-old in this carrier. My back felt completely fine. My husband was jealous.,5,2023-11-22 00:00:00 UTC,Anthony Wilson,anthony_wilson@live.com,,nestli-embrace-sling-carrier,,
Cooking with baby — done!,My husband said carriers looked too complicated. I ordered this without telling him. He tried it once and now he uses it more than I do. He calls it his dad superpower.,5,2024-02-28 00:00:00 UTC,Brooklyn Morris,brooklyn.morris@live.com,,nestli-embrace-sling-carrier,,
Should have bought this from day one,Was skeptical after spending money on other carriers that hurt my back. This one is genuinely different. Wide padded strap makes all the difference.,5,2023-09-15 00:00:00 UTC,Jack King,jack_king629@yahoo.com,,nestli-embrace-sling-carrier,,
Every mom needs this,My baby went from needing to be rocked for 45 minutes to falling asleep in this carrier in under 10 minutes. Life is different now.,5,2024-05-06 00:00:00 UTC,William Lopez,william.lopez566@msn.com,,nestli-embrace-sling-carrier,,
Lightweight and perfect,The fabric is breathable enough that we used it all summer without baby overheating. Such a thoughtful design.,5,2024-08-13 00:00:00 UTC,Jack Torres,jack_torres@yahoo.com,,nestli-embrace-sling-carrier,,
"Love it, took a few tries",Really like this carrier. My husband found it slightly tricky to adjust at first but now he uses it on his own. Baby falls asleep in it often.,4,2023-10-26 00:00:00 UTC,Emilia Richardson,erichardson@live.com,,nestli-embrace-sling-carrier,,
Best carrier I've ever owned,My son has reflux and needs to stay upright after feeds. This carrier keeps him perfectly positioned and he's so much more comfortable.,5,2023-10-12 00:00:00 UTC,Samantha Lopez,slopez@aol.com,,nestli-embrace-sling-carrier,,
Happy with my purchase,Really great carrier overall. Took me about 3 tries to get the fit right but once I figured it out I love it. Baby seems comfortable and I have both hands free.,4,2023-11-29 00:00:00 UTC,Quinn Parker,quinn889@live.com,,nestli-embrace-sling-carrier,,
4 stars — great product,Works great for my petite frame. Had to watch a video to get the fit right but after that it's been perfect. Baby loves the closeness.,4,2024-10-13 00:00:00 UTC,Stephen Davis,sdavis@yahoo.com,,nestli-embrace-sling-carrier,,
Worth every single penny,"My toddler is 2.5 years old and we still use this at the farmers market. She gets tired, I pop her in, she's calm. Best investment of new parenthood.",5,2023-03-02 00:00:00 UTC,Alice Perez,perez.a364@live.com,,nestli-embrace-sling-carrier,,
10/10 no notes,My postpartum anxiety was through the roof until I started babywearing. Having her close and being able to feel her breathing calmed both of us down.,5,2023-04-06 00:00:00 UTC,Riley Ortiz,ortizr@outlook.com,,nestli-embrace-sling-carrier,,
Exceeded all my expectations,My postpartum anxiety was through the roof until I started babywearing. Having her close and being able to feel her breathing calmed both of us down.,5,2023-05-25 00:00:00 UTC,Alice Roberts,alice52@gmail.com,,nestli-embrace-sling-carrier,,
"Goodbye stroller, hello Nestli",I work from home and wear this during calls. Baby is calm and quiet and I look completely professional. Game changing for WFH moms.,5,2024-10-22 00:00:00 UTC,Harper Jenkins,jenkinsh@icloud.com,,nestli-embrace-sling-carrier,,
Finally sleeping again,The fabric is breathable enough that we used it all summer without baby overheating. Such a thoughtful design.,5,2023-04-26 00:00:00 UTC,Thomas Torres,thomas@hotmail.com,,nestli-embrace-sling-carrier,,
"Easy to put on, baby loves it",My baby went from needing to be rocked for 45 minutes to falling asleep in this carrier in under 10 minutes. Life is different now.,5,2023-05-27 00:00:00 UTC,Anna Nelson,anna_nelson@yahoo.com,,nestli-embrace-sling-carrier,,
Good but takes practice,Really happy with the purchase. Slight learning curve but nothing that a YouTube tutorial didn't solve. Baby is calm and I'm hands-free.,4,2024-02-17 00:00:00 UTC,John Morales,moralesj342@aol.com,,nestli-embrace-sling-carrier,,
Best purchase of 2024,"I've tried 3 different carriers before this one. Returned all of them. The Nestli goes on in seconds, I barely feel the weight, and my son falls asleep in it every single time.",5,2023-02-13 00:00:00 UTC,Michael Thomas,michael627@aol.com,,nestli-embrace-sling-carrier,,
This is THE one,Ordered this as a last resort after my velcro baby refused to be put down for 3 months. Should have ordered it on day 1. So easy to use and baby loves it.,5,2024-11-01 00:00:00 UTC,Alexa Lewis,alewis90@msn.com,,nestli-embrace-sling-carrier,,
My baby only sleeps in this now,Baby wouldn't sleep unless I was holding her. Tried this carrier out of desperation at 3am and she passed out within minutes. I've been wearing it every day since.,5,2023-02-28 00:00:00 UTC,Jerry Martin,jerry.martin124@hotmail.com,,nestli-embrace-sling-carrier,,
Absolute game changer!,Brought this to a family reunion. Every aunt and uncle took a turn. Nobody could believe how easy it was to put on. Orders came in from 3 family members.,5,2023-05-18 00:00:00 UTC,Camila Perry,cperry532@yahoo.com,,nestli-embrace-sling-carrier,,
My baby only sleeps in this now,Bought this because a mom in my birth class had one. Now 6 women from that class have this carrier. We call ourselves the Nestli moms.,5,2023-11-02 00:00:00 UTC,Gabriella Mitchell,gabriella_mitchell394@msn.com,,nestli-embrace-sling-carrier,,
Great for travel,Bought this as a gift for my sister's baby shower. She texted me a week later saying it's the only thing that calms her baby.,5,2024-11-26 00:00:00 UTC,Piper Wilson,piper@live.com,,nestli-embrace-sling-carrier,,
"Great quality, took time to adjust",Really nice carrier. Well made and baby seems very comfortable. Just takes a little practice at first. Glad I bought it.,4,2024-06-29 00:00:00 UTC,Megan Perry,perry.m664@msn.com,,nestli-embrace-sling-carrier,,
My sanity saver,Brought this to a family reunion. Every aunt and uncle took a turn. Nobody could believe how easy it was to put on. Orders came in from 3 family members.,5,2025-08-27 00:00:00 UTC,Sadie Lee,sadie392@aol.com,,nestli-embrace-sling-carrier,,
Good but takes practice,"Love the quality of this carrier. Only reason it's 4 stars is the learning curve — it took me a week to feel confident putting it on. After that, totally smooth.",4,2023-09-10 00:00:00 UTC,Gregory Gomez,gregory_gomez@msn.com,,nestli-embrace-sling-carrier,,
Perfection,Ordered this as a last resort after my velcro baby refused to be put down for 3 months. Should have ordered it on day 1. So easy to use and baby loves it.,5,2023-10-24 00:00:00 UTC,Benjamin Thomas,thomas.b336@msn.com,,nestli-embrace-sling-carrier,,
She stopped crying the second I put it on,My baby went from needing to be rocked for 45 minutes to falling asleep in this carrier in under 10 minutes. Life is different now.,5,2024-02-08 00:00:00 UTC,Ryan Rodriguez,ryan@gmail.com,,nestli-embrace-sling-carrier,,
"Great carrier, wish it came with more colors",Works great for my petite frame. Had to watch a video to get the fit right but after that it's been perfect. Baby loves the closeness.,4,2024-01-02 00:00:00 UTC,Victoria Reed,vreed607@live.com,,nestli-embrace-sling-carrier,,
"Good quality, learning curve",Really nice carrier. Well made and baby seems very comfortable. Just takes a little practice at first. Glad I bought it.,4,2024-08-05 00:00:00 UTC,Evelyn Murphy,evelyn@live.com,,nestli-embrace-sling-carrier,,
Best baby gear purchase,My daughter had colic for 6 weeks and nothing worked. Put her in this carrier and she was asleep in 4 minutes. I literally cried. This carrier saved my sanity.,5,2023-06-10 00:00:00 UTC,Olivia Fisher,olivia95@gmail.com,,nestli-embrace-sling-carrier,,
Should have bought this from day one,Took this to Disney World. Walked 12 hours with a 15-month-old in this carrier. My back felt completely fine. My husband was jealous.,5,2023-11-16 00:00:00 UTC,Jennifer Kelly,jennifer@outlook.com,,nestli-embrace-sling-carrier,,
Life changing for new moms,My son is 20 months and 26 pounds. I still carry him in this when he's tired on walks. Zero shoulder pain.,5,2024-04-04 00:00:00 UTC,Natalie Collins,natalie940@yahoo.com,,nestli-embrace-sling-carrier,,
"Fits perfectly, baby loves it",I run a mom and baby yoga class. I recommend this carrier to every single student. Half of them come back and say it changed their life.,5,2024-05-29 00:00:00 UTC,Alexa Moore,alexa972@msn.com,,nestli-embrace-sling-carrier,,
Great for travel,My second baby is so much calmer than my first was — I think it's entirely because I used this carrier from day 1. Skin-to-skin while getting things done.,5,2023-06-18 00:00:00 UTC,Addison Garcia,addison@hotmail.com,,nestli-embrace-sling-carrier,,
Best purchase of 2024,Bought this as a gift for my sister's baby shower. She texted me a week later saying it's the only thing that calms her baby.,5,2023-04-22 00:00:00 UTC,Hailey Scott,hscott126@msn.com,,nestli-embrace-sling-carrier,,
Really great carrier,Solid product. The strap is wide and comfortable. I gave 4 stars because I wish the setup instructions were a bit clearer with pictures. But the carrier itself is great.,4,2024-04-29 00:00:00 UTC,Sarah Bailey,sbailey520@live.com,,nestli-embrace-sling-carrier,,
5 stars isn't enough,I work from home and wear this during calls. Baby is calm and quiet and I look completely professional. Game changing for WFH moms.,5,2024-01-21 00:00:00 UTC,Diana Lee,diana@yahoo.com,,nestli-embrace-sling-carrier,,
Hands free finally!!!,"The quality is incredible. Stitching is perfect, fabric is so soft against baby skin. Washed it 40+ times and it still looks brand new.",5,2024-06-15 00:00:00 UTC,Zoey Gray,zoeygray@live.com,,nestli-embrace-sling-carrier,,
Carrier of the year,My son has reflux and needs to stay upright after feeds. This carrier keeps him perfectly positioned and he's so much more comfortable.,5,2023-05-08 00:00:00 UTC,Elizabeth Flores,elizabeth947@icloud.com,,nestli-embrace-sling-carrier,,
Should have bought this from day one,My husband said carriers looked too complicated. I ordered this without telling him. He tried it once and now he uses it more than I do. He calls it his dad superpower.,5,2024-07-28 00:00:00 UTC,Eric Morgan,eric859@outlook.com,,nestli-embrace-sling-carrier,,
"Returned 3 carriers, kept this one",We flew cross-country with our 7-month-old. This carrier fit in my purse and our baby slept through both flights. Worth ten times the price.,5,2023-10-28 00:00:00 UTC,Ruby Watson,rubywatson@live.com,,nestli-embrace-sling-carrier,,
Cried happy tears when I tried it,We flew cross-country with our 7-month-old. This carrier fit in my purse and our baby slept through both flights. Worth ten times the price.,5,2023-08-10 00:00:00 UTC,Stephen Martinez,stephen.martinez462@aol.com,,nestli-embrace-sling-carrier,,
Bought 2 — one for grandma too,My baby went from needing to be rocked for 45 minutes to falling asleep in this carrier in under 10 minutes. Life is different now.,5,2024-02-23 00:00:00 UTC,Hazel Evans,hazel_evans@live.com,,nestli-embrace-sling-carrier,,
Cried happy tears when I tried it,Was skeptical after spending money on other carriers that hurt my back. This one is genuinely different. Wide padded strap makes all the difference.,5,2025-03-21 00:00:00 UTC,Andrew Campbell,andrew51@yahoo.com,,nestli-embrace-sling-carrier,,
My husband uses it more than me,I work from home and wear this during calls. Baby is calm and quiet and I look completely professional. Game changing for WFH moms.,5,2024-04-21 00:00:00 UTC,Nevaeh Edwards,nevaeh416@aol.com,,nestli-embrace-sling-carrier,,
My newborn loves it,My baby went from needing to be rocked for 45 minutes to falling asleep in this carrier in under 10 minutes. Life is different now.,5,2024-07-09 00:00:00 UTC,Stephen Cruz,scruz@yahoo.com,,nestli-embrace-sling-carrier,,
Every mom needs this,Was skeptical after spending money on other carriers that hurt my back. This one is genuinely different. Wide padded strap makes all the difference.,5,2024-02-09 00:00:00 UTC,Andrew Rivera,arivera400@icloud.com,,nestli-embrace-sling-carrier,,
Bought for a friend too,Brought this to a family reunion. Every aunt and uncle took a turn. Nobody could believe how easy it was to put on. Orders came in from 3 family members.,5,2023-04-22 00:00:00 UTC,Ella Moore,emoore@yahoo.com,,nestli-embrace-sling-carrier,,
Happy with my purchase,Really happy with the purchase. Slight learning curve but nothing that a YouTube tutorial didn't solve. Baby is calm and I'm hands-free.,4,2024-05-09 00:00:00 UTC,Sofia Morgan,smorgan298@yahoo.com,,nestli-embrace-sling-carrier,,
"Nice carrier, minor issue with strap",Really like this carrier. My husband found it slightly tricky to adjust at first but now he uses it on his own. Baby falls asleep in it often.,4,2023-10-24 00:00:00 UTC,Arianna Foster,afoster@hotmail.com,,nestli-embrace-sling-carrier,,
My go-to carrier for everything,Ordered this as a last resort after my velcro baby refused to be put down for 3 months. Should have ordered it on day 1. So easy to use and baby loves it.,5,2023-12-31 00:00:00 UTC,Lillian Robinson,lillian689@outlook.com,,nestli-embrace-sling-carrier,,
"Nice carrier, minor issue with strap","Great quality, soft fabric, baby seems comfy. Docking one star because mine arrived with a small mark on the fabric. Customer service sorted it quickly though.",4,2024-01-20 00:00:00 UTC,William Bennett,william_bennett326@outlook.com,,nestli-embrace-sling-carrier,,
"Great carrier, wish it came with more colors",Really nice carrier. Well made and baby seems very comfortable. Just takes a little practice at first. Glad I bought it.,4,2023-09-23 00:00:00 UTC,Charles Ross,ross.c122@hotmail.com,,nestli-embrace-sling-carrier,,
Bought 2 — one for grandma too,Baby wouldn't sleep unless I was holding her. Tried this carrier out of desperation at 3am and she passed out within minutes. I've been wearing it every day since.,5,2023-11-17 00:00:00 UTC,Hazel Reed,hreed727@hotmail.com,,nestli-embrace-sling-carrier,,
4 stars — great product,Great carrier and I use it daily. The only thing I'd change is the carry pouch — it's a bit small. But the carrier itself is 5 stars.,4,2023-09-28 00:00:00 UTC,Ivy Allen,alleni437@icloud.com,,nestli-embrace-sling-carrier,,
Should have bought this from day one,My postpartum anxiety was through the roof until I started babywearing. Having her close and being able to feel her breathing calmed both of us down.,5,2023-06-11 00:00:00 UTC,Elena Adams,adamse312@aol.com,,nestli-embrace-sling-carrier,,
4 stars — great product,Love that I can nurse in this with a little practice. Took me a couple of weeks to get the hang of it but now it's seamless. High quality product.,4,2025-11-02 00:00:00 UTC,Michael Nguyen,michael@hotmail.com,,nestli-embrace-sling-carrier,,
Finally sleeping again,Bought this because a mom in my birth class had one. Now 6 women from that class have this carrier. We call ourselves the Nestli moms.,5,2024-02-27 00:00:00 UTC,Ella Walker,walkere444@aol.com,,nestli-embrace-sling-carrier,,
Bought for a friend too,We flew cross-country with our 7-month-old. This carrier fit in my purse and our baby slept through both flights. Worth ten times the price.,5,2024-02-04 00:00:00 UTC,Camila Hughes,camila69@icloud.com,,nestli-embrace-sling-carrier,,
Airport essential,I work from home and wear this during calls. Baby is calm and quiet and I look completely professional. Game changing for WFH moms.,5,2023-09-03 00:00:00 UTC,Jonathan Reyes,jonathan_reyes678@gmail.com,,nestli-embrace-sling-carrier,,
"Fits perfectly, baby loves it",Bought this because a mom in my birth class had one. Now 6 women from that class have this carrier. We call ourselves the Nestli moms.,5,2023-02-24 00:00:00 UTC,Madelyn Collins,mcollins29@outlook.com,,nestli-embrace-sling-carrier,,
Amazing quality,My second baby is so much calmer than my first was — I think it's entirely because I used this carrier from day 1. Skin-to-skin while getting things done.,5,2023-01-26 00:00:00 UTC,Raymond Foster,foster.r@live.com,,nestli-embrace-sling-carrier,,
Really great carrier,Great carrier and I use it daily. The only thing I'd change is the carry pouch — it's a bit small. But the carrier itself is 5 stars.,4,2024-11-30 00:00:00 UTC,Brooklyn White,whiteb180@live.com,,nestli-embrace-sling-carrier,,
Would recommend with small caveat,Solid product. The strap is wide and comfortable. I gave 4 stars because I wish the setup instructions were a bit clearer with pictures. But the carrier itself is great.,4,2023-11-02 00:00:00 UTC,Valentina Bennett,valentinabennett@gmail.com,,nestli-embrace-sling-carrier,,
This saved my postpartum,"My toddler is 2.5 years old and we still use this at the farmers market. She gets tired, I pop her in, she's calm. Best investment of new parenthood.",5,2024-06-20 00:00:00 UTC,Madelyn Perez,madelyn_perez317@hotmail.com,,nestli-embrace-sling-carrier,,
Can't imagine parenting without this,We flew cross-country with our 7-month-old. This carrier fit in my purse and our baby slept through both flights. Worth ten times the price.,5,2023-08-11 00:00:00 UTC,Jeffrey Hill,jeffrey@aol.com,,nestli-embrace-sling-carrier,,
Exceeded all my expectations,"I've tried 3 different carriers before this one. Returned all of them. The Nestli goes on in seconds, I barely feel the weight, and my son falls asleep in it every single time.",5,2023-10-06 00:00:00 UTC,Ariana Sanders,sanders.a707@msn.com,,nestli-embrace-sling-carrier,,
Carrier of the year,Ordered this as a last resort after my velcro baby refused to be put down for 3 months. Should have ordered it on day 1. So easy to use and baby loves it.,5,2023-12-27 00:00:00 UTC,Zoey Hill,zoey_hill976@icloud.com,,nestli-embrace-sling-carrier,,
Genuinely life changing,My son is 20 months and 26 pounds. I still carry him in this when he's tired on walks. Zero shoulder pain.,5,2023-02-13 00:00:00 UTC,Allison Reed,reed.a629@icloud.com,,nestli-embrace-sling-carrier,,
Should have bought this from day one,Both my husband and I use this with no readjusting. One carrier for both parents — such a smart design. Highly recommend.,5,2023-04-03 00:00:00 UTC,Addison Sanchez,addison_sanchez602@hotmail.com,,nestli-embrace-sling-carrier,,
"Nice carrier, minor issue with strap",Solid product. The strap is wide and comfortable. I gave 4 stars because I wish the setup instructions were a bit clearer with pictures. But the carrier itself is great.,4,2023-07-15 00:00:00 UTC,Jessica Morales,jessica_morales@msn.com,,nestli-embrace-sling-carrier,,
Finally sleeping again,Both my husband and I use this with no readjusting. One carrier for both parents — such a smart design. Highly recommend.,5,2025-06-09 00:00:00 UTC,Patrick Rivera,privera@yahoo.com,,nestli-embrace-sling-carrier,,
My sanity saver,Both my husband and I use this with no readjusting. One carrier for both parents — such a smart design. Highly recommend.,5,2025-01-29 00:00:00 UTC,Monica Flores,monicaflores719@live.com,,nestli-embrace-sling-carrier,,
"Great quality, took time to adjust",Comfortable for long carries. Gave 4 stars because the color I received looked slightly different from the website photo. Still looks nice though.,4,2023-08-18 00:00:00 UTC,Brielle Robinson,brielle@icloud.com,,nestli-embrace-sling-carrier,,
My pediatrician approved it,My son has reflux and needs to stay upright after feeds. This carrier keeps him perfectly positioned and he's so much more comfortable.,5,2023-09-03 00:00:00 UTC,Nora Collins,ncollins37@icloud.com,,nestli-embrace-sling-carrier,,
Worth every single penny,Was skeptical after spending money on other carriers that hurt my back. This one is genuinely different. Wide padded strap makes all the difference.,5,2025-06-22 00:00:00 UTC,Leah Wood,lwood759@aol.com,,nestli-embrace-sling-carrier,,
Good for newborns,Great carrier and I use it daily. The only thing I'd change is the carry pouch — it's a bit small. But the carrier itself is 5 stars.,4,2025-05-14 00:00:00 UTC,Vivian Howard,vivian@icloud.com,,nestli-embrace-sling-carrier,,
"Returned 3 carriers, kept this one",My son is 20 months and 26 pounds. I still carry him in this when he's tired on walks. Zero shoulder pain.,5,2024-02-06 00:00:00 UTC,Savannah Diaz,savannah@icloud.com,,nestli-embrace-sling-carrier,,
Life changing for new moms,My daughter had colic for 6 weeks and nothing worked. Put her in this carrier and she was asleep in 4 minutes. I literally cried. This carrier saved my sanity.,5,2023-06-23 00:00:00 UTC,Allison Barnes,barnesa237@outlook.com,,nestli-embrace-sling-carrier,,
Cried happy tears when I tried it,Both my husband and I use this with no readjusting. One carrier for both parents — such a smart design. Highly recommend.,5,2024-04-06 00:00:00 UTC,Richard Hughes,hughesr652@gmail.com,,nestli-embrace-sling-carrier,,
Best baby gear purchase,Went to the grocery store with both hands free for the first time in 4 months. I actually teared up in the cereal aisle. This carrier is everything.,5,2023-01-15 00:00:00 UTC,Raymond Clark,clark_r@msn.com,,nestli-embrace-sling-carrier,,
The only carrier I recommend,I work from home and wear this during calls. Baby is calm and quiet and I look completely professional. Game changing for WFH moms.,5,2025-03-19 00:00:00 UTC,Isabella Wood,wood.i126@gmail.com,,nestli-embrace-sling-carrier,,
4 stars — great product,Solid product. The strap is wide and comfortable. I gave 4 stars because I wish the setup instructions were a bit clearer with pictures. But the carrier itself is great.,4,2025-03-20 00:00:00 UTC,Ruby Green,ruby266@hotmail.com,,nestli-embrace-sling-carrier,,
Life changing for new moms,My daughter had colic for 6 weeks and nothing worked. Put her in this carrier and she was asleep in 4 minutes. I literally cried. This carrier saved my sanity.,5,2023-08-30 00:00:00 UTC,Madelyn Lewis,madelyn.lewis565@outlook.com,,nestli-embrace-sling-carrier,,
"Returned 3 carriers, kept this one",My baby went from needing to be rocked for 45 minutes to falling asleep in this carrier in under 10 minutes. Life is different now.,5,2023-01-25 00:00:00 UTC,Nicholas Barnes,nicholas674@outlook.com,,nestli-embrace-sling-carrier,,
Hands free finally!!!,Took this to Disney World. Walked 12 hours with a 15-month-old in this carrier. My back felt completely fine. My husband was jealous.,5,2025-06-11 00:00:00 UTC,Grace Peterson,gpeterson@live.com,,nestli-embrace-sling-carrier,,
Love it with minor learning curve,Really like this carrier. My husband found it slightly tricky to adjust at first but now he uses it on his own. Baby falls asleep in it often.,4,2025-05-08 00:00:00 UTC,Delilah Watson,delilah@icloud.com,,nestli-embrace-sling-carrier,,
Cooking with baby — done!,The fabric is breathable enough that we used it all summer without baby overheating. Such a thoughtful design.,5,2024-11-24 00:00:00 UTC,Scarlett Scott,scarlettscott320@hotmail.com,,nestli-embrace-sling-carrier,,
Airport essential,My baby went from needing to be rocked for 45 minutes to falling asleep in this carrier in under 10 minutes. Life is different now.,5,2023-02-10 00:00:00 UTC,Joshua Ramirez,joshua@live.com,,nestli-embrace-sling-carrier,,
Obsessed with this thing,My son has reflux and needs to stay upright after feeds. This carrier keeps him perfectly positioned and he's so much more comfortable.,5,2023-07-09 00:00:00 UTC,Jack Hernandez,hernandez_j248@icloud.com,,nestli-embrace-sling-carrier,,
My pediatrician approved it,I work from home and wear this during calls. Baby is calm and quiet and I look completely professional. Game changing for WFH moms.,5,2023-12-08 00:00:00 UTC,Riley Garcia,garcia_r808@hotmail.com,,nestli-embrace-sling-carrier,,
Absolute game changer!,My postpartum anxiety was through the roof until I started babywearing. Having her close and being able to feel her breathing calmed both of us down.,5,2024-04-06 00:00:00 UTC,Joshua Collins,joshua_collins645@gmail.com,,nestli-embrace-sling-carrier,,
"Great quality, took time to adjust","Great carrier, my daughter loves it. Took off one star because the instructions could be more detailed. Overall very happy with the purchase.",4,2023-10-04 00:00:00 UTC,Savannah Taylor,savannah@hotmail.com,,nestli-embrace-sling-carrier,,
This saved my postpartum,Took this to Disney World. Walked 12 hours with a 15-month-old in this carrier. My back felt completely fine. My husband was jealous.,5,2023-10-14 00:00:00 UTC,Aurora Jones,ajones@yahoo.com,,nestli-embrace-sling-carrier,,
"Love it, took a few tries",Really nice carrier. Well made and baby seems very comfortable. Just takes a little practice at first. Glad I bought it.,4,2023-02-17 00:00:00 UTC,Scott Smith,scott_smith606@icloud.com,,nestli-embrace-sling-carrier,,
Good for newborns,"Great quality, soft fabric, baby seems comfy. Docking one star because mine arrived with a small mark on the fabric. Customer service sorted it quickly though.",4,2025-01-21 00:00:00 UTC,Jacob Miller,jacob482@gmail.com,,nestli-embrace-sling-carrier,,
The only carrier I recommend,Took this to Disney World. Walked 12 hours with a 15-month-old in this carrier. My back felt completely fine. My husband was jealous.,5,2023-08-12 00:00:00 UTC,Lauren Butler,laurenbutler@aol.com,,nestli-embrace-sling-carrier,,
My pediatrician approved it,We flew cross-country with our 7-month-old. This carrier fit in my purse and our baby slept through both flights. Worth ten times the price.,5,2024-09-08 00:00:00 UTC,Brandon Wilson,brandon.wilson@msn.com,,nestli-embrace-sling-carrier,,
"Easy to put on, baby loves it",Both my husband and I use this with no readjusting. One carrier for both parents — such a smart design. Highly recommend.,5,2024-10-12 00:00:00 UTC,Mia Evans,mevans530@aol.com,,nestli-embrace-sling-carrier,,
Solid carrier overall,"Love the quality of this carrier. Only reason it's 4 stars is the learning curve — it took me a week to feel confident putting it on. After that, totally smooth.",4,2023-05-31 00:00:00 UTC,Ava Foster,ava22@icloud.com,,nestli-embrace-sling-carrier,,
"Love it, took a few tries",Really nice carrier. Well made and baby seems very comfortable. Just takes a little practice at first. Glad I bought it.,4,2023-07-19 00:00:00 UTC,Nova Stewart,stewart.n847@hotmail.com,,nestli-embrace-sling-carrier,,
"Fits perfectly, baby loves it",I work from home and wear this during calls. Baby is calm and quiet and I look completely professional. Game changing for WFH moms.,5,2023-01-23 00:00:00 UTC,Elena Bell,belle169@msn.com,,nestli-embrace-sling-carrier,,
My velcro baby is finally calm,"My toddler is 2.5 years old and we still use this at the farmers market. She gets tired, I pop her in, she's calm. Best investment of new parenthood.",5,2023-10-02 00:00:00 UTC,Nova Rivera,nova692@live.com,,nestli-embrace-sling-carrier,,
Love it with minor learning curve,Great carrier and I use it daily. The only thing I'd change is the carry pouch — it's a bit small. But the carrier itself is 5 stars.,4,2024-01-11 00:00:00 UTC,Isabella Murphy,isabella_murphy@outlook.com,,nestli-embrace-sling-carrier,,
Really like this carrier,"Good carrier, my baby seems happy in it. I wish it came in more colors for my wardrobe but functionally it works great. Would recommend.",4,2023-09-20 00:00:00 UTC,Amanda Nguyen,amanda784@live.com,,nestli-embrace-sling-carrier,,
Good but takes practice,Really great carrier overall. Took me about 3 tries to get the fit right but once I figured it out I love it. Baby seems comfortable and I have both hands free.,4,2024-12-20 00:00:00 UTC,Lillian Clark,lillian_clark660@msn.com,,nestli-embrace-sling-carrier,,
Good for newborns,Really great carrier overall. Took me about 3 tries to get the fit right but once I figured it out I love it. Baby seems comfortable and I have both hands free.,4,2025-01-30 00:00:00 UTC,Julia Roberts,jroberts294@gmail.com,,nestli-embrace-sling-carrier,,
Finally sleeping again,My husband said carriers looked too complicated. I ordered this without telling him. He tried it once and now he uses it more than I do. He calls it his dad superpower.,5,2024-08-06 00:00:00 UTC,Willow Parker,willow@gmail.com,,nestli-embrace-sling-carrier,,
Hands free finally!!!,My second baby is so much calmer than my first was — I think it's entirely because I used this carrier from day 1. Skin-to-skin while getting things done.,5,2023-06-10 00:00:00 UTC,Vivian Collins,vcollins697@msn.com,,nestli-embrace-sling-carrier,,
This saved my postpartum,Bought this because a mom in my birth class had one. Now 6 women from that class have this carrier. We call ourselves the Nestli moms.,5,2024-02-29 00:00:00 UTC,Camila Carter,camila.carter@outlook.com,,nestli-embrace-sling-carrier,,
This saved my postpartum,"I've tried 3 different carriers before this one. Returned all of them. The Nestli goes on in seconds, I barely feel the weight, and my son falls asleep in it every single time.",5,2024-10-27 00:00:00 UTC,Michael Carter,michael318@gmail.com,,nestli-embrace-sling-carrier,,
Amazing quality,My son has reflux and needs to stay upright after feeds. This carrier keeps him perfectly positioned and he's so much more comfortable.,5,2024-02-25 00:00:00 UTC,Eleanor Gray,eleanor@live.com,,nestli-embrace-sling-carrier,,
Mostly love this carrier,Works great for my petite frame. Had to watch a video to get the fit right but after that it's been perfect. Baby loves the closeness.,4,2024-12-13 00:00:00 UTC,Allison Mitchell,mitchell_a@icloud.com,,nestli-embrace-sling-carrier,,
"Good carrier, slight adjustment needed",Love that I can nurse in this with a little practice. Took me a couple of weeks to get the hang of it but now it's seamless. High quality product.,4,2023-09-01 00:00:00 UTC,Scarlett Roberts,roberts_s780@yahoo.com,,nestli-embrace-sling-carrier,,
Great for travel,My daughter had colic for 6 weeks and nothing worked. Put her in this carrier and she was asleep in 4 minutes. I literally cried. This carrier saved my sanity.,5,2024-07-29 00:00:00 UTC,Brian Taylor,brian@live.com,,nestli-embrace-sling-carrier,,
10/10 no notes,Baby wouldn't sleep unless I was holding her. Tried this carrier out of desperation at 3am and she passed out within minutes. I've been wearing it every day since.,5,2023-09-04 00:00:00 UTC,Eleanor Anderson,eleanoranderson19@icloud.com,,nestli-embrace-sling-carrier,,
Life changing for new moms,My son has reflux and needs to stay upright after feeds. This carrier keeps him perfectly positioned and he's so much more comfortable.,5,2023-08-24 00:00:00 UTC,William Reyes,reyes.w320@live.com,,nestli-embrace-sling-carrier,,
"Goodbye stroller, hello Nestli","My toddler is 2.5 years old and we still use this at the farmers market. She gets tired, I pop her in, she's calm. Best investment of new parenthood.",5,2023-12-23 00:00:00 UTC,Anna Kelly,kellya593@yahoo.com,,nestli-embrace-sling-carrier,,
Cooking with baby — done!,Took this to Disney World. Walked 12 hours with a 15-month-old in this carrier. My back felt completely fine. My husband was jealous.,5,2023-02-18 00:00:00 UTC,Robert Nelson,robert.nelson@outlook.com,,nestli-embrace-sling-carrier,,
My newborn loves it,I work from home and wear this during calls. Baby is calm and quiet and I look completely professional. Game changing for WFH moms.,5,2024-03-06 00:00:00 UTC,Paisley Ramirez,ramirez.p424@msn.com,,nestli-embrace-sling-carrier,,
Mostly love this carrier,"Good carrier, my baby seems happy in it. I wish it came in more colors for my wardrobe but functionally it works great. Would recommend.",4,2023-02-04 00:00:00 UTC,Penelope Ross,penelope_ross332@yahoo.com,,nestli-embrace-sling-carrier,,
Bought for a friend too,I run a mom and baby yoga class. I recommend this carrier to every single student. Half of them come back and say it changed their life.,5,2023-04-26 00:00:00 UTC,Stephen Cox,coxs742@outlook.com,,nestli-embrace-sling-carrier,,
My arms don't hurt anymore!,Both my husband and I use this with no readjusting. One carrier for both parents — such a smart design. Highly recommend.,5,2024-07-18 00:00:00 UTC,Evelyn Bailey,evelynbailey@aol.com,,nestli-embrace-sling-carrier,,
Really great carrier,"Great carrier, my daughter loves it. Took off one star because the instructions could be more detailed. Overall very happy with the purchase.",4,2023-06-28 00:00:00 UTC,Maya Sanchez,maya.sanchez@yahoo.com,,nestli-embrace-sling-carrier,,
Solid 4 stars from me,Comfortable for long carries. Gave 4 stars because the color I received looked slightly different from the website photo. Still looks nice though.,4,2025-07-17 00:00:00 UTC,Elena Rogers,erogers@live.com,,nestli-embrace-sling-carrier,,
Life changing for new moms,My daughter had colic for 6 weeks and nothing worked. Put her in this carrier and she was asleep in 4 minutes. I literally cried. This carrier saved my sanity.,5,2024-12-26 00:00:00 UTC,Andrew Lewis,andrew@outlook.com,,nestli-embrace-sling-carrier,,
10/10 no notes,Was skeptical after spending money on other carriers that hurt my back. This one is genuinely different. Wide padded strap makes all the difference.,5,2023-06-02 00:00:00 UTC,Ivy Gomez,ivy896@live.com,,nestli-embrace-sling-carrier,,
"Easy to put on, baby loves it",I was nervous about ring slings but the setup guide was so clear. Had it on correctly the first try. Baby was happy immediately.,5,2024-01-01 00:00:00 UTC,Abigail Rivera,abigailrivera@msn.com,,nestli-embrace-sling-carrier,,
Bought 2 — one for grandma too,I run a mom and baby yoga class. I recommend this carrier to every single student. Half of them come back and say it changed their life.,5,2023-08-01 00:00:00 UTC,Diana Baker,dbaker472@msn.com,,nestli-embrace-sling-carrier,,
My pediatrician approved it,"I've tried 3 different carriers before this one. Returned all of them. The Nestli goes on in seconds, I barely feel the weight, and my son falls asleep in it every single time.",5,2024-04-28 00:00:00 UTC,Jasmine White,jasmine@hotmail.com,,nestli-embrace-sling-carrier,,
My go-to carrier for everything,Bought this as a gift for my sister's baby shower. She texted me a week later saying it's the only thing that calms her baby.,5,2023-06-30 00:00:00 UTC,Daniel Clark,daniel.clark@gmail.com,,nestli-embrace-sling-carrier,,
10/10 no notes,My second baby is so much calmer than my first was — I think it's entirely because I used this carrier from day 1. Skin-to-skin while getting things done.,5,2023-02-04 00:00:00 UTC,Mia Johnson,mia_johnson499@live.com,,nestli-embrace-sling-carrier,,
Grocery store hero,My son has reflux and needs to stay upright after feeds. This carrier keeps him perfectly positioned and he's so much more comfortable.,5,2023-07-14 00:00:00 UTC,Leah Nguyen,leah844@aol.com,,nestli-embrace-sling-carrier,,
Best carrier I've ever owned,I run a mom and baby yoga class. I recommend this carrier to every single student. Half of them come back and say it changed their life.,5,2023-10-17 00:00:00 UTC,Gianna Cruz,gianna357@msn.com,,nestli-embrace-sling-carrier,,
Really great carrier,Works great for my petite frame. Had to watch a video to get the fit right but after that it's been perfect. Baby loves the closeness.,4,2025-11-20 00:00:00 UTC,Maya Adams,maya335@aol.com,,nestli-embrace-sling-carrier,,
Never taking this off,"The quality is incredible. Stitching is perfect, fabric is so soft against baby skin. Washed it 40+ times and it still looks brand new.",5,2024-11-05 00:00:00 UTC,Emilia Myers,myers_e@outlook.com,,nestli-embrace-sling-carrier,,
Solid 4 stars from me,"Love the quality of this carrier. Only reason it's 4 stars is the learning curve — it took me a week to feel confident putting it on. After that, totally smooth.",4,2023-11-08 00:00:00 UTC,Ariana Richardson,richardsona@icloud.com,,nestli-embrace-sling-carrier,,
4 stars — great product,"Great quality, soft fabric, baby seems comfy. Docking one star because mine arrived with a small mark on the fabric. Customer service sorted it quickly though.",4,2023-04-05 00:00:00 UTC,Nathan Roberts,nathan@yahoo.com,,nestli-embrace-sling-carrier,,
"Great carrier, wish it came with more colors",Love that I can nurse in this with a little practice. Took me a couple of weeks to get the hang of it but now it's seamless. High quality product.,4,2023-05-29 00:00:00 UTC,Emery Evans,evans.e142@hotmail.com,,nestli-embrace-sling-carrier,,
Can't imagine parenting without this,My baby went from needing to be rocked for 45 minutes to falling asleep in this carrier in under 10 minutes. Life is different now.,5,2023-11-12 00:00:00 UTC,Ariana Torres,ariana621@icloud.com,,nestli-embrace-sling-carrier,,
Obsessed with this thing,I was nervous about ring slings but the setup guide was so clear. Had it on correctly the first try. Baby was happy immediately.,5,2023-06-10 00:00:00 UTC,Zoey Jackson,jacksonz558@msn.com,,nestli-embrace-sling-carrier,,
"Fits perfectly, baby loves it",Bought this because a mom in my birth class had one. Now 6 women from that class have this carrier. We call ourselves the Nestli moms.,5,2024-01-15 00:00:00 UTC,Nathan Murphy,nmurphy654@yahoo.com,,nestli-embrace-sling-carrier,,
My arms don't hurt anymore!,Was skeptical after spending money on other carriers that hurt my back. This one is genuinely different. Wide padded strap makes all the difference.,5,2024-10-04 00:00:00 UTC,Penelope Gray,penelope475@msn.com,,nestli-embrace-sling-carrier,,
Mostly love this carrier,Great carrier and I use it daily. The only thing I'd change is the carry pouch — it's a bit small. But the carrier itself is 5 stars.,4,2024-12-16 00:00:00 UTC,Samuel Martinez,samuelmartinez864@hotmail.com,,nestli-embrace-sling-carrier,,
Really great carrier,Love that I can nurse in this with a little practice. Took me a couple of weeks to get the hang of it but now it's seamless. High quality product.,4,2024-03-22 00:00:00 UTC,Quinn Hughes,qhughes296@gmail.com,,nestli-embrace-sling-carrier,,
Should have bought this from day one,My son has reflux and needs to stay upright after feeds. This carrier keeps him perfectly positioned and he's so much more comfortable.,5,2023-04-21 00:00:00 UTC,Samantha Gray,samanthagray135@outlook.com,,nestli-embrace-sling-carrier,,
My newborn loves it,My baby went from needing to be rocked for 45 minutes to falling asleep in this carrier in under 10 minutes. Life is different now.,5,2023-05-10 00:00:00 UTC,Donald Rogers,rogers.d@icloud.com,,nestli-embrace-sling-carrier,,
Finally a carrier that actually works,Baby wouldn't sleep unless I was holding her. Tried this carrier out of desperation at 3am and she passed out within minutes. I've been wearing it every day since.,5,2024-11-24 00:00:00 UTC,Savannah Ramirez,ramirezs@yahoo.com,,nestli-embrace-sling-carrier,,
Best carrier I've ever owned,My daughter had colic for 6 weeks and nothing worked. Put her in this carrier and she was asleep in 4 minutes. I literally cried. This carrier saved my sanity.,5,2023-09-19 00:00:00 UTC,John Diaz,diazj@msn.com,,nestli-embrace-sling-carrier,,
5 stars isn't enough,Baby wouldn't sleep unless I was holding her. Tried this carrier out of desperation at 3am and she passed out within minutes. I've been wearing it every day since.,5,2023-12-01 00:00:00 UTC,Stephanie Anderson,stephanie355@msn.com,,nestli-embrace-sling-carrier,,
"Returned 3 carriers, kept this one",I was nervous about ring slings but the setup guide was so clear. Had it on correctly the first try. Baby was happy immediately.,5,2024-02-11 00:00:00 UTC,Richard Martinez,rmartinez@msn.com,,nestli-embrace-sling-carrier,,
Mostly love this carrier,Works great for my petite frame. Had to watch a video to get the fit right but after that it's been perfect. Baby loves the closeness.,4,2023-09-26 00:00:00 UTC,Skylar Evans,evans.s930@gmail.com,,nestli-embrace-sling-carrier,,
My newborn loves it,Took this to Disney World. Walked 12 hours with a 15-month-old in this carrier. My back felt completely fine. My husband was jealous.,5,2025-03-21 00:00:00 UTC,Audrey Cruz,audrey@icloud.com,,nestli-embrace-sling-carrier,,
Almost perfect,Comfortable for long carries. Gave 4 stars because the color I received looked slightly different from the website photo. Still looks nice though.,4,2023-09-15 00:00:00 UTC,Benjamin Sanchez,sanchez_b273@msn.com,,nestli-embrace-sling-carrier,,
So easy to use,Bought this because a mom in my birth class had one. Now 6 women from that class have this carrier. We call ourselves the Nestli moms.,5,2024-12-18 00:00:00 UTC,Arianna Johnson,ariannajohnson302@yahoo.com,,nestli-embrace-sling-carrier,,
Good but takes practice,Love that I can nurse in this with a little practice. Took me a couple of weeks to get the hang of it but now it's seamless. High quality product.,4,2023-11-14 00:00:00 UTC,Brian Kelly,brian.kelly@hotmail.com,,nestli-embrace-sling-carrier,,
The only carrier I recommend,I run a mom and baby yoga class. I recommend this carrier to every single student. Half of them come back and say it changed their life.,5,2024-05-11 00:00:00 UTC,Tyler Watson,twatson@aol.com,,nestli-embrace-sling-carrier,,
Finally sleeping again,"The quality is incredible. Stitching is perfect, fabric is so soft against baby skin. Washed it 40+ times and it still looks brand new.",5,2023-10-29 00:00:00 UTC,Emilia Howard,ehoward@yahoo.com,,nestli-embrace-sling-carrier,,
Hands free finally!!!,Took this to Disney World. Walked 12 hours with a 15-month-old in this carrier. My back felt completely fine. My husband was jealous.,5,2024-01-04 00:00:00 UTC,Samantha Nelson,snelson314@aol.com,,nestli-embrace-sling-carrier,,
My husband uses it more than me,Ordered this as a last resort after my velcro baby refused to be put down for 3 months. Should have ordered it on day 1. So easy to use and baby loves it.,5,2024-01-16 00:00:00 UTC,Sarah Bailey,sarah992@yahoo.com,,nestli-embrace-sling-carrier,,
Finally sleeping again,My baby went from needing to be rocked for 45 minutes to falling asleep in this carrier in under 10 minutes. Life is different now.,5,2024-11-23 00:00:00 UTC,Ivy James,ivy98@msn.com,,nestli-embrace-sling-carrier,,
Great for travel,Took this to Disney World. Walked 12 hours with a 15-month-old in this carrier. My back felt completely fine. My husband was jealous.,5,2023-04-21 00:00:00 UTC,Gabriella Parker,gabriella284@live.com,,nestli-embrace-sling-carrier,,
Obsessed with this thing,Brought this to a family reunion. Every aunt and uncle took a turn. Nobody could believe how easy it was to put on. Orders came in from 3 family members.,5,2023-07-24 00:00:00 UTC,Addison Mitchell,mitchell.a@hotmail.com,,nestli-embrace-sling-carrier,,
"Good quality, learning curve",Great carrier and I use it daily. The only thing I'd change is the carry pouch — it's a bit small. But the carrier itself is 5 stars.,4,2024-09-02 00:00:00 UTC,Kayla Cooper,cooperk@live.com,,nestli-embrace-sling-carrier,,
Good for newborns,Good quality product. Baby is content in it and I can actually get things done. Would give 5 stars but it took some practice to get the tightness right.,4,2025-03-14 00:00:00 UTC,Steven Gomez,gomez.s24@gmail.com,,nestli-embrace-sling-carrier,,
My arms don't hurt anymore!,Brought this to a family reunion. Every aunt and uncle took a turn. Nobody could believe how easy it was to put on. Orders came in from 3 family members.,5,2023-06-16 00:00:00 UTC,Serenity Turner,serenity_turner@icloud.com,,nestli-embrace-sling-carrier,,
Perfect for our lifestyle,My baby went from needing to be rocked for 45 minutes to falling asleep in this carrier in under 10 minutes. Life is different now.,5,2024-01-19 00:00:00 UTC,David Stewart,stewartd@msn.com,,nestli-embrace-sling-carrier,,
Carrier of the year,My postpartum anxiety was through the roof until I started babywearing. Having her close and being able to feel her breathing calmed both of us down.,5,2023-05-06 00:00:00 UTC,Frank Murphy,frank.murphy@gmail.com,,nestli-embrace-sling-carrier,,
Almost perfect,"Great quality, soft fabric, baby seems comfy. Docking one star because mine arrived with a small mark on the fabric. Customer service sorted it quickly though.",4,2026-03-14 00:00:00 UTC,Ruby Gray,gray_r566@msn.com,,nestli-embrace-sling-carrier,,
Exceeded all my expectations,"I've tried 3 different carriers before this one. Returned all of them. The Nestli goes on in seconds, I barely feel the weight, and my son falls asleep in it every single time.",5,2024-02-21 00:00:00 UTC,Alexis Davis,adavis@live.com,,nestli-embrace-sling-carrier,,
This saved my postpartum,"Been using this for 14 months. Not a single seam has come loose, not a single stitch has broken. This thing is built to last.",5,2024-01-24 00:00:00 UTC,Kenneth Morales,kmorales@aol.com,,nestli-embrace-sling-carrier,,
My baby only sleeps in this now,Ordered this as a last resort after my velcro baby refused to be put down for 3 months. Should have ordered it on day 1. So easy to use and baby loves it.,5,2025-06-09 00:00:00 UTC,Dennis Reed,dennis_reed236@live.com,,nestli-embrace-sling-carrier,,
Every mom needs this,Bought this because a mom in my birth class had one. Now 6 women from that class have this carrier. We call ourselves the Nestli moms.,5,2023-02-12 00:00:00 UTC,Paul Sullivan,sullivan_p@msn.com,,nestli-embrace-sling-carrier,,
Really like this carrier,"Great carrier, my daughter loves it. Took off one star because the instructions could be more detailed. Overall very happy with the purchase.",4,2024-03-04 00:00:00 UTC,Elena Russell,erussell@live.com,,nestli-embrace-sling-carrier,,
Really great carrier,"Great carrier, my daughter loves it. Took off one star because the instructions could be more detailed. Overall very happy with the purchase.",4,2024-10-25 00:00:00 UTC,Charles Torres,charles@aol.com,,nestli-embrace-sling-carrier,,
Impressive quality for the price,Solid product. The strap is wide and comfortable. I gave 4 stars because I wish the setup instructions were a bit clearer with pictures. But the carrier itself is great.,4,2023-10-04 00:00:00 UTC,Jeffrey Nguyen,jeffreynguyen@live.com,,nestli-embrace-sling-carrier,,
Cooking with baby — done!,Took this to Disney World. Walked 12 hours with a 15-month-old in this carrier. My back felt completely fine. My husband was jealous.,5,2023-11-17 00:00:00 UTC,Brielle Rodriguez,brodriguez@aol.com,,nestli-embrace-sling-carrier,,
Almost perfect,Really happy with the purchase. Slight learning curve but nothing that a YouTube tutorial didn't solve. Baby is calm and I'm hands-free.,4,2025-01-07 00:00:00 UTC,Kinsley Russell,kinsley@aol.com,,nestli-embrace-sling-carrier,,
Best baby gear purchase,Bought this as a gift for my sister's baby shower. She texted me a week later saying it's the only thing that calms her baby.,5,2024-03-15 00:00:00 UTC,Jennifer Howard,jhoward22@msn.com,,nestli-embrace-sling-carrier,,
Absolute game changer!,Bought this as a gift for my sister's baby shower. She texted me a week later saying it's the only thing that calms her baby.,5,2023-12-06 00:00:00 UTC,Audrey Gutierrez,gutierrez.a650@hotmail.com,,nestli-embrace-sling-carrier,,
"Great quality, took time to adjust",Works great for my petite frame. Had to watch a video to get the fit right but after that it's been perfect. Baby loves the closeness.,4,2024-10-31 00:00:00 UTC,Violet Ross,violet.ross@outlook.com,,nestli-embrace-sling-carrier,,
Really like this carrier,"Good carrier, my baby seems happy in it. I wish it came in more colors for my wardrobe but functionally it works great. Would recommend.",4,2023-08-06 00:00:00 UTC,Brandon Hughes,hughesb@aol.com,,nestli-embrace-sling-carrier,,
Can't imagine parenting without this,Was skeptical after spending money on other carriers that hurt my back. This one is genuinely different. Wide padded strap makes all the difference.,5,2023-04-28 00:00:00 UTC,Elena Edwards,eedwards@icloud.com,,nestli-embrace-sling-carrier,,
Perfect for our lifestyle,Baby wouldn't sleep unless I was holding her. Tried this carrier out of desperation at 3am and she passed out within minutes. I've been wearing it every day since.,5,2023-08-14 00:00:00 UTC,Skylar Gonzalez,skylar.gonzalez714@live.com,,nestli-embrace-sling-carrier,,
10/10 no notes,The fabric is breathable enough that we used it all summer without baby overheating. Such a thoughtful design.,5,2024-04-03 00:00:00 UTC,Andrew Scott,scotta380@aol.com,,nestli-embrace-sling-carrier,,
My pediatrician approved it,"I've tried 3 different carriers before this one. Returned all of them. The Nestli goes on in seconds, I barely feel the weight, and my son falls asleep in it every single time.",5,2024-10-10 00:00:00 UTC,Lauren Edwards,edwards.l@icloud.com,,nestli-embrace-sling-carrier,,
Exceeded all my expectations,I work from home and wear this during calls. Baby is calm and quiet and I look completely professional. Game changing for WFH moms.,5,2023-09-01 00:00:00 UTC,Kenneth Young,kenneth@icloud.com,,nestli-embrace-sling-carrier,,
My husband uses it more than me,My postpartum anxiety was through the roof until I started babywearing. Having her close and being able to feel her breathing calmed both of us down.,5,2024-04-11 00:00:00 UTC,Brandon Martin,brandon235@msn.com,,nestli-embrace-sling-carrier,,
Best carrier I've ever owned,Ordered this as a last resort after my velcro baby refused to be put down for 3 months. Should have ordered it on day 1. So easy to use and baby loves it.,5,2024-07-17 00:00:00 UTC,Hailey Phillips,phillipsh@gmail.com,,nestli-embrace-sling-carrier,,
Mostly love this carrier,Really like this carrier. My husband found it slightly tricky to adjust at first but now he uses it on his own. Baby falls asleep in it often.,4,2024-01-03 00:00:00 UTC,Aubrey Morris,morris.a@hotmail.com,,nestli-embrace-sling-carrier,,
"Goodbye stroller, hello Nestli",My daughter had colic for 6 weeks and nothing worked. Put her in this carrier and she was asleep in 4 minutes. I literally cried. This carrier saved my sanity.,5,2024-01-22 00:00:00 UTC,Mark Hill,hill_m972@live.com,,nestli-embrace-sling-carrier,,
"Great quality, took time to adjust","Great quality, soft fabric, baby seems comfy. Docking one star because mine arrived with a small mark on the fabric. Customer service sorted it quickly though.",4,2024-10-07 00:00:00 UTC,Kaylee Young,kyoung@gmail.com,,nestli-embrace-sling-carrier,,
Cooking with baby — done!,"I've tried 3 different carriers before this one. Returned all of them. The Nestli goes on in seconds, I barely feel the weight, and my son falls asleep in it every single time.",5,2023-08-10 00:00:00 UTC,Ashley Long,ashley_long@aol.com,,nestli-embrace-sling-carrier,,
"Goodbye stroller, hello Nestli",Took this to Disney World. Walked 12 hours with a 15-month-old in this carrier. My back felt completely fine. My husband was jealous.,5,2025-12-09 00:00:00 UTC,Jacob Flores,flores_j@yahoo.com,,nestli-embrace-sling-carrier,,
Never taking this off,My son is 20 months and 26 pounds. I still carry him in this when he's tired on walks. Zero shoulder pain.,5,2023-11-07 00:00:00 UTC,Naomi Evans,nevans@outlook.com,,nestli-embrace-sling-carrier,,
Absolute game changer!,My second baby is so much calmer than my first was — I think it's entirely because I used this carrier from day 1. Skin-to-skin while getting things done.,5,2023-08-27 00:00:00 UTC,Patrick Bailey,baileyp461@icloud.com,,nestli-embrace-sling-carrier,,
Best carrier I've ever owned,"My toddler is 2.5 years old and we still use this at the farmers market. She gets tired, I pop her in, she's calm. Best investment of new parenthood.",5,2024-02-28 00:00:00 UTC,Skylar Williams,skylar853@hotmail.com,,nestli-embrace-sling-carrier,,
Good but takes practice,Really like this carrier. My husband found it slightly tricky to adjust at first but now he uses it on his own. Baby falls asleep in it often.,4,2023-06-21 00:00:00 UTC,Sophie Nelson,sophie646@live.com,,nestli-embrace-sling-carrier,,
"Great carrier, wish it came with more colors",Works great for my petite frame. Had to watch a video to get the fit right but after that it's been perfect. Baby loves the closeness.,4,2023-08-02 00:00:00 UTC,Penelope Martinez,martinez.p386@aol.com,,nestli-embrace-sling-carrier,,
Perfection,The fabric is breathable enough that we used it all summer without baby overheating. Such a thoughtful design.,5,2023-09-10 00:00:00 UTC,Ava Allen,ava@msn.com,,nestli-embrace-sling-carrier,,
Cooking with baby — done!,I was nervous about ring slings but the setup guide was so clear. Had it on correctly the first try. Baby was happy immediately.,5,2023-01-11 00:00:00 UTC,Eric Barnes,eric.barnes383@gmail.com,,nestli-embrace-sling-carrier,,
My velcro baby is finally calm,Ordered this as a last resort after my velcro baby refused to be put down for 3 months. Should have ordered it on day 1. So easy to use and baby loves it.,5,2023-09-01 00:00:00 UTC,Ryan Evans,revans@outlook.com,,nestli-embrace-sling-carrier,,
"Good carrier, slight adjustment needed","Love the quality of this carrier. Only reason it's 4 stars is the learning curve — it took me a week to feel confident putting it on. After that, totally smooth.",4,2023-05-16 00:00:00 UTC,Kennedy Robinson,krobinson@live.com,,nestli-embrace-sling-carrier,,
My pediatrician approved it,Went to the grocery store with both hands free for the first time in 4 months. I actually teared up in the cereal aisle. This carrier is everything.,5,2023-12-19 00:00:00 UTC,Ariana Cooper,ariana739@outlook.com,,nestli-embrace-sling-carrier,,
Recommend for most moms,Solid product. The strap is wide and comfortable. I gave 4 stars because I wish the setup instructions were a bit clearer with pictures. But the carrier itself is great.,4,2023-08-27 00:00:00 UTC,Emilia Rivera,emilia@yahoo.com,,nestli-embrace-sling-carrier,,
Can't imagine parenting without this,Went to the grocery store with both hands free for the first time in 4 months. I actually teared up in the cereal aisle. This carrier is everything.,5,2023-08-13 00:00:00 UTC,Jasmine Foster,foster.j530@live.com,,nestli-embrace-sling-carrier,,
My newborn loves it,"I've tried 3 different carriers before this one. Returned all of them. The Nestli goes on in seconds, I barely feel the weight, and my son falls asleep in it every single time.",5,2023-12-04 00:00:00 UTC,Samantha Myers,samanthamyers236@msn.com,,nestli-embrace-sling-carrier,,
"Goodbye stroller, hello Nestli",Brought this to a family reunion. Every aunt and uncle took a turn. Nobody could believe how easy it was to put on. Orders came in from 3 family members.,5,2024-06-10 00:00:00 UTC,Valentina Morris,vmorris@live.com,,nestli-embrace-sling-carrier,,
Would recommend with small caveat,Really happy with the purchase. Slight learning curve but nothing that a YouTube tutorial didn't solve. Baby is calm and I'm hands-free.,4,2023-05-14 00:00:00 UTC,Alexander Rogers,alexanderrogers252@gmail.com,,nestli-embrace-sling-carrier,,
Wish I had this with my first,My son has reflux and needs to stay upright after feeds. This carrier keeps him perfectly positioned and he's so much more comfortable.,5,2024-05-12 00:00:00 UTC,Kinsley Barnes,barnes.k808@gmail.com,,nestli-embrace-sling-carrier,,
My velcro baby is finally calm,My husband said carriers looked too complicated. I ordered this without telling him. He tried it once and now he uses it more than I do. He calls it his dad superpower.,5,2023-05-17 00:00:00 UTC,Brittany Brown,brownb@gmail.com,,nestli-embrace-sling-carrier,,
Finally sleeping again,Bought this as a gift for my sister's baby shower. She texted me a week later saying it's the only thing that calms her baby.,5,2025-04-29 00:00:00 UTC,Cora Nguyen,nguyen.c@outlook.com,,nestli-embrace-sling-carrier,,
Solid 4 stars from me,Good quality product. Baby is content in it and I can actually get things done. Would give 5 stars but it took some practice to get the tightness right.,4,2023-10-22 00:00:00 UTC,Skylar Gray,sgray255@gmail.com,,nestli-embrace-sling-carrier,,
Solid 4 stars from me,Works great for my petite frame. Had to watch a video to get the fit right but after that it's been perfect. Baby loves the closeness.,4,2024-03-03 00:00:00 UTC,Jerry Lewis,lewis_j146@live.com,,nestli-embrace-sling-carrier,,
Bought for a friend too,Baby wouldn't sleep unless I was holding her. Tried this carrier out of desperation at 3am and she passed out within minutes. I've been wearing it every day since.,5,2024-04-20 00:00:00 UTC,Mia Sullivan,mia_sullivan163@yahoo.com,,nestli-embrace-sling-carrier,,
Good but takes practice,Works well and baby loves it. The ring is a bit stiff at first so adjusting takes some force until it breaks in. After a week it was perfect.,4,2023-12-31 00:00:00 UTC,Naomi Ross,nross20@icloud.com,,nestli-embrace-sling-carrier,,
Carrier of the year,Bought this as a gift for my sister's baby shower. She texted me a week later saying it's the only thing that calms her baby.,5,2024-10-10 00:00:00 UTC,Serenity Howard,showard77@msn.com,,nestli-embrace-sling-carrier,,
Dad approved!,I was nervous about ring slings but the setup guide was so clear. Had it on correctly the first try. Baby was happy immediately.,5,2025-05-12 00:00:00 UTC,Zoey Anderson,zoeyanderson@outlook.com,,nestli-embrace-sling-carrier,,
Love it with minor learning curve,Really great carrier overall. Took me about 3 tries to get the fit right but once I figured it out I love it. Baby seems comfortable and I have both hands free.,4,2023-07-14 00:00:00 UTC,Olivia Cox,olivia.cox715@hotmail.com,,nestli-embrace-sling-carrier,,
Dad approved!,My daughter had colic for 6 weeks and nothing worked. Put her in this carrier and she was asleep in 4 minutes. I literally cried. This carrier saved my sanity.,5,2023-02-07 00:00:00 UTC,Stephen Turner,stephen@outlook.com,,nestli-embrace-sling-carrier,,
Best purchase of 2024,My son is 20 months and 26 pounds. I still carry him in this when he's tired on walks. Zero shoulder pain.,5,2023-10-26 00:00:00 UTC,Steven Gonzalez,sgonzalez@msn.com,,nestli-embrace-sling-carrier,,
My pediatrician approved it,Both my husband and I use this with no readjusting. One carrier for both parents — such a smart design. Highly recommend.,5,2025-03-17 00:00:00 UTC,Madison Flores,madison332@yahoo.com,,nestli-embrace-sling-carrier,,
Cried happy tears when I tried it,"My toddler is 2.5 years old and we still use this at the farmers market. She gets tired, I pop her in, she's calm. Best investment of new parenthood.",5,2023-10-09 00:00:00 UTC,Aaron Torres,aaron.torres211@msn.com,,nestli-embrace-sling-carrier,,
Best baby gear purchase,The fabric is breathable enough that we used it all summer without baby overheating. Such a thoughtful design.,5,2025-08-10 00:00:00 UTC,Caroline Fisher,caroline@yahoo.com,,nestli-embrace-sling-carrier,,
Perfection,"I've tried 3 different carriers before this one. Returned all of them. The Nestli goes on in seconds, I barely feel the weight, and my son falls asleep in it every single time.",5,2024-03-03 00:00:00 UTC,Sophie Morgan,morgans682@icloud.com,,nestli-embrace-sling-carrier,,
This saved my postpartum,Bought this as a gift for my sister's baby shower. She texted me a week later saying it's the only thing that calms her baby.,5,2024-01-19 00:00:00 UTC,Bella Ortiz,ortiz.b15@aol.com,,nestli-embrace-sling-carrier,,
Impressive quality for the price,Works well and baby loves it. The ring is a bit stiff at first so adjusting takes some force until it breaks in. After a week it was perfect.,4,2024-07-26 00:00:00 UTC,Benjamin Ortiz,benjamin@gmail.com,,nestli-embrace-sling-carrier,,
Can't imagine parenting without this,Bought this because a mom in my birth class had one. Now 6 women from that class have this carrier. We call ourselves the Nestli moms.,5,2023-07-30 00:00:00 UTC,Chloe Wright,chloewright@msn.com,,nestli-embrace-sling-carrier,,
"Goodbye stroller, hello Nestli",Ordered this as a last resort after my velcro baby refused to be put down for 3 months. Should have ordered it on day 1. So easy to use and baby loves it.,5,2023-03-21 00:00:00 UTC,James Carter,james@msn.com,,nestli-embrace-sling-carrier,,
My go-to carrier for everything,Bought this as a gift for my sister's baby shower. She texted me a week later saying it's the only thing that calms her baby.,5,2025-06-28 00:00:00 UTC,Kayla Moore,moore_k@live.com,,nestli-embrace-sling-carrier,,
She stopped crying the second I put it on,My son is 20 months and 26 pounds. I still carry him in this when he's tired on walks. Zero shoulder pain.,5,2025-04-08 00:00:00 UTC,Sarah Jenkins,sarahjenkins@outlook.com,,nestli-embrace-sling-carrier,,
Really like this carrier,Comfortable for long carries. Gave 4 stars because the color I received looked slightly different from the website photo. Still looks nice though.,4,2025-11-16 00:00:00 UTC,Rachel Foster,fosterr941@aol.com,,nestli-embrace-sling-carrier,,
Recommend for most moms,Works great for my petite frame. Had to watch a video to get the fit right but after that it's been perfect. Baby loves the closeness.,4,2023-12-30 00:00:00 UTC,Zoe Stewart,zoe@msn.com,,nestli-embrace-sling-carrier,,
Can't imagine parenting without this,My second baby is so much calmer than my first was — I think it's entirely because I used this carrier from day 1. Skin-to-skin while getting things done.,5,2023-01-22 00:00:00 UTC,Eleanor Barnes,barnese@hotmail.com,,nestli-embrace-sling-carrier,,
Recommend for most moms,Good quality product. Baby is content in it and I can actually get things done. Would give 5 stars but it took some practice to get the tightness right.,4,2025-05-07 00:00:00 UTC,Isla Gonzalez,gonzalez_i@live.com,,nestli-embrace-sling-carrier,,
My baby only sleeps in this now,Bought this because a mom in my birth class had one. Now 6 women from that class have this carrier. We call ourselves the Nestli moms.,5,2025-03-25 00:00:00 UTC,Adeline Lee,adeline821@outlook.com,,nestli-embrace-sling-carrier,,
Every mom needs this,My husband said carriers looked too complicated. I ordered this without telling him. He tried it once and now he uses it more than I do. He calls it his dad superpower.,5,2024-02-08 00:00:00 UTC,Ashley Rivera,arivera742@yahoo.com,,nestli-embrace-sling-carrier,,
"Returned 3 carriers, kept this one",My baby went from needing to be rocked for 45 minutes to falling asleep in this carrier in under 10 minutes. Life is different now.,5,2024-03-04 00:00:00 UTC,Genesis Walker,walker.g@live.com,,nestli-embrace-sling-carrier,,
Life changing for new moms,Baby wouldn't sleep unless I was holding her. Tried this carrier out of desperation at 3am and she passed out within minutes. I've been wearing it every day since.,5,2025-10-17 00:00:00 UTC,Adeline Diaz,adeline_diaz793@live.com,,nestli-embrace-sling-carrier,,
So easy to use,Went to the grocery store with both hands free for the first time in 4 months. I actually teared up in the cereal aisle. This carrier is everything.,5,2023-12-21 00:00:00 UTC,Lucy Perez,lucy@gmail.com,,nestli-embrace-sling-carrier,,
Should have bought this from day one,Both my husband and I use this with no readjusting. One carrier for both parents — such a smart design. Highly recommend.,5,2023-05-06 00:00:00 UTC,Naomi Torres,torres.n40@yahoo.com,,nestli-embrace-sling-carrier,,
"Good quality, learning curve",Really nice carrier. Well made and baby seems very comfortable. Just takes a little practice at first. Glad I bought it.,4,2024-05-10 00:00:00 UTC,Eric Campbell,campbelle901@aol.com,,nestli-embrace-sling-carrier,,
Solid carrier overall,"Great quality, soft fabric, baby seems comfy. Docking one star because mine arrived with a small mark on the fabric. Customer service sorted it quickly though.",4,2023-05-01 00:00:00 UTC,Emery Green,egreen379@msn.com,,nestli-embrace-sling-carrier,,
Genuinely life changing,Brought this to a family reunion. Every aunt and uncle took a turn. Nobody could believe how easy it was to put on. Orders came in from 3 family members.,5,2024-09-15 00:00:00 UTC,Brittany Hall,bhall683@aol.com,,nestli-embrace-sling-carrier,,
Really great carrier,Really happy with the purchase. Slight learning curve but nothing that a YouTube tutorial didn't solve. Baby is calm and I'm hands-free.,4,2023-10-21 00:00:00 UTC,Zoey Myers,zoey@aol.com,,nestli-embrace-sling-carrier,,
Can't imagine parenting without this,"Been using this for 14 months. Not a single seam has come loose, not a single stitch has broken. This thing is built to last.",5,2023-04-21 00:00:00 UTC,Jerry Mitchell,jmitchell@outlook.com,,nestli-embrace-sling-carrier,,
Baby falls asleep in minutes,My postpartum anxiety was through the roof until I started babywearing. Having her close and being able to feel her breathing calmed both of us down.,5,2023-05-07 00:00:00 UTC,Delilah Gonzalez,delilah684@icloud.com,,nestli-embrace-sling-carrier,,
My newborn loves it,My daughter had colic for 6 weeks and nothing worked. Put her in this carrier and she was asleep in 4 minutes. I literally cried. This carrier saved my sanity.,5,2023-09-17 00:00:00 UTC,Alexander Morris,alexander.morris@icloud.com,,nestli-embrace-sling-carrier,,
Carrier of the year,My baby went from needing to be rocked for 45 minutes to falling asleep in this carrier in under 10 minutes. Life is different now.,5,2023-08-26 00:00:00 UTC,Gregory Lee,gregory@gmail.com,,nestli-embrace-sling-carrier,,
"Goodbye stroller, hello Nestli","Been using this for 14 months. Not a single seam has come loose, not a single stitch has broken. This thing is built to last.",5,2024-09-11 00:00:00 UTC,Lydia Morris,lydia.morris@msn.com,,nestli-embrace-sling-carrier,,
Should have bought this from day one,Bought this because a mom in my birth class had one. Now 6 women from that class have this carrier. We call ourselves the Nestli moms.,5,2023-07-30 00:00:00 UTC,Jeffrey Morris,morris_j336@icloud.com,,nestli-embrace-sling-carrier,,
"Good carrier, slight adjustment needed",Works great for my petite frame. Had to watch a video to get the fit right but after that it's been perfect. Baby loves the closeness.,4,2023-03-27 00:00:00 UTC,Lydia Martin,martin.l184@gmail.com,,nestli-embrace-sling-carrier,,
Cried happy tears when I tried it,"My toddler is 2.5 years old and we still use this at the farmers market. She gets tired, I pop her in, she's calm. Best investment of new parenthood.",5,2024-01-29 00:00:00 UTC,Jasmine Lopez,lopezj@icloud.com,,nestli-embrace-sling-carrier,,
My velcro baby is finally calm,Was skeptical after spending money on other carriers that hurt my back. This one is genuinely different. Wide padded strap makes all the difference.,5,2024-07-29 00:00:00 UTC,Stephen Gutierrez,sgutierrez@aol.com,,nestli-embrace-sling-carrier,,
Bought for a friend too,My baby went from needing to be rocked for 45 minutes to falling asleep in this carrier in under 10 minutes. Life is different now.,5,2023-12-01 00:00:00 UTC,Ashley Torres,atorres@yahoo.com,,nestli-embrace-sling-carrier,,
My arms don't hurt anymore!,I work from home and wear this during calls. Baby is calm and quiet and I look completely professional. Game changing for WFH moms.,5,2023-01-02 00:00:00 UTC,Mia Reed,mia615@icloud.com,,nestli-embrace-sling-carrier,,
4 stars — great product,Love that I can nurse in this with a little practice. Took me a couple of weeks to get the hang of it but now it's seamless. High quality product.,4,2023-11-04 00:00:00 UTC,Matthew Ross,ross_m702@live.com,,nestli-embrace-sling-carrier,,
Cooking with baby — done!,"The quality is incredible. Stitching is perfect, fabric is so soft against baby skin. Washed it 40+ times and it still looks brand new.",5,2023-07-02 00:00:00 UTC,Joshua Bailey,joshua410@yahoo.com,,nestli-embrace-sling-carrier,,
Baby falls asleep in minutes,Took this to Disney World. Walked 12 hours with a 15-month-old in this carrier. My back felt completely fine. My husband was jealous.,5,2024-02-01 00:00:00 UTC,Amber Rivera,arivera@msn.com,,nestli-embrace-sling-carrier,,
Wish I had this with my first,I run a mom and baby yoga class. I recommend this carrier to every single student. Half of them come back and say it changed their life.,5,2023-03-02 00:00:00 UTC,Zoey Harris,zharris@outlook.com,,nestli-embrace-sling-carrier,,
Genuinely life changing,My husband said carriers looked too complicated. I ordered this without telling him. He tried it once and now he uses it more than I do. He calls it his dad superpower.,5,2023-04-15 00:00:00 UTC,Anna Nguyen,anguyen@icloud.com,,nestli-embrace-sling-carrier,,
Absolute game changer!,"The quality is incredible. Stitching is perfect, fabric is so soft against baby skin. Washed it 40+ times and it still looks brand new.",5,2025-03-29 00:00:00 UTC,Isabella Morales,moralesi@live.com,,nestli-embrace-sling-carrier,,
Can't imagine parenting without this,I work from home and wear this during calls. Baby is calm and quiet and I look completely professional. Game changing for WFH moms.,5,2025-10-01 00:00:00 UTC,Brandon Diaz,bdiaz479@icloud.com,,nestli-embrace-sling-carrier,,
Perfection,Brought this to a family reunion. Every aunt and uncle took a turn. Nobody could believe how easy it was to put on. Orders came in from 3 family members.,5,2024-01-28 00:00:00 UTC,Zoe Jackson,zoe@yahoo.com,,nestli-embrace-sling-carrier,,
My baby only sleeps in this now,"My toddler is 2.5 years old and we still use this at the farmers market. She gets tired, I pop her in, she's calm. Best investment of new parenthood.",5,2023-06-18 00:00:00 UTC,Quinn Harris,qharris@outlook.com,,nestli-embrace-sling-carrier,,
Every mom needs this,Bought this because a mom in my birth class had one. Now 6 women from that class have this carrier. We call ourselves the Nestli moms.,5,2023-02-06 00:00:00 UTC,Diana Bennett,bennettd@msn.com,,nestli-embrace-sling-carrier,,
Hands free finally!!!,We flew cross-country with our 7-month-old. This carrier fit in my purse and our baby slept through both flights. Worth ten times the price.,5,2024-10-27 00:00:00 UTC,Edward Gray,egray15@gmail.com,,nestli-embrace-sling-carrier,,
Can't imagine parenting without this,My baby went from needing to be rocked for 45 minutes to falling asleep in this carrier in under 10 minutes. Life is different now.,5,2024-05-26 00:00:00 UTC,Adeline Taylor,adelinetaylor@yahoo.com,,nestli-embrace-sling-carrier,,
"Fits perfectly, baby loves it","My toddler is 2.5 years old and we still use this at the farmers market. She gets tired, I pop her in, she's calm. Best investment of new parenthood.",5,2023-06-19 00:00:00 UTC,Audrey Martin,martina@icloud.com,,nestli-embrace-sling-carrier,,
Never taking this off,The fabric is breathable enough that we used it all summer without baby overheating. Such a thoughtful design.,5,2023-03-05 00:00:00 UTC,Gianna Scott,scott_g@icloud.com,,nestli-embrace-sling-carrier,,
Obsessed with this thing,"My toddler is 2.5 years old and we still use this at the farmers market. She gets tired, I pop her in, she's calm. Best investment of new parenthood.",5,2024-10-14 00:00:00 UTC,Ava Young,ava.young42@gmail.com,,nestli-embrace-sling-carrier,,
Best purchase of 2024,"My toddler is 2.5 years old and we still use this at the farmers market. She gets tired, I pop her in, she's calm. Best investment of new parenthood.",5,2024-04-16 00:00:00 UTC,Ashley Gray,ashley266@yahoo.com,,nestli-embrace-sling-carrier,,
Can't imagine parenting without this,"The quality is incredible. Stitching is perfect, fabric is so soft against baby skin. Washed it 40+ times and it still looks brand new.",5,2023-10-04 00:00:00 UTC,Maya Lee,mlee@msn.com,,nestli-embrace-sling-carrier,,
My go-to carrier for everything,Baby wouldn't sleep unless I was holding her. Tried this carrier out of desperation at 3am and she passed out within minutes. I've been wearing it every day since.,5,2024-08-08 00:00:00 UTC,Grace Jackson,jackson.g@msn.com,,nestli-embrace-sling-carrier,,
Great for travel,Bought this as a gift for my sister's baby shower. She texted me a week later saying it's the only thing that calms her baby.,5,2024-06-24 00:00:00 UTC,Brandon Russell,brussell383@yahoo.com,,nestli-embrace-sling-carrier,,
Lightweight and perfect,"Been using this for 14 months. Not a single seam has come loose, not a single stitch has broken. This thing is built to last.",5,2025-02-05 00:00:00 UTC,Leah James,leah672@yahoo.com,,nestli-embrace-sling-carrier,,
So easy to use,My son is 20 months and 26 pounds. I still carry him in this when he's tired on walks. Zero shoulder pain.,5,2025-01-09 00:00:00 UTC,Joseph Perry,perryj892@msn.com,,nestli-embrace-sling-carrier,,
Perfection,I run a mom and baby yoga class. I recommend this carrier to every single student. Half of them come back and say it changed their life.,5,2023-07-16 00:00:00 UTC,Isla Stewart,isla.stewart370@msn.com,,nestli-embrace-sling-carrier,,
"Goodbye stroller, hello Nestli",Took this to Disney World. Walked 12 hours with a 15-month-old in this carrier. My back felt completely fine. My husband was jealous.,5,2023-02-28 00:00:00 UTC,Lily Flores,lflores994@msn.com,,nestli-embrace-sling-carrier,,
Can't imagine parenting without this,Ordered this as a last resort after my velcro baby refused to be put down for 3 months. Should have ordered it on day 1. So easy to use and baby loves it.,5,2023-11-02 00:00:00 UTC,Josephine Diaz,diazj@outlook.com,,nestli-embrace-sling-carrier,,
"Nice carrier, minor issue with strap","Great quality, soft fabric, baby seems comfy. Docking one star because mine arrived with a small mark on the fabric. Customer service sorted it quickly though.",4,2023-04-21 00:00:00 UTC,Gianna Wright,giannawright@yahoo.com,,nestli-embrace-sling-carrier,,
Grocery store hero,My husband said carriers looked too complicated. I ordered this without telling him. He tried it once and now he uses it more than I do. He calls it his dad superpower.,5,2023-11-09 00:00:00 UTC,Jose Green,jose917@aol.com,,nestli-embrace-sling-carrier,,
My baby only sleeps in this now,Bought this as a gift for my sister's baby shower. She texted me a week later saying it's the only thing that calms her baby.,5,2024-06-03 00:00:00 UTC,Edward White,white.e904@yahoo.com,,nestli-embrace-sling-carrier,,
Impressive quality for the price,Really nice carrier. Well made and baby seems very comfortable. Just takes a little practice at first. Glad I bought it.,4,2023-05-11 00:00:00 UTC,Eric Green,eric.green321@gmail.com,,nestli-embrace-sling-carrier,,
Great for travel,Ordered this as a last resort after my velcro baby refused to be put down for 3 months. Should have ordered it on day 1. So easy to use and baby loves it.,5,2023-03-27 00:00:00 UTC,Vanessa Sullivan,vanessasullivan@aol.com,,nestli-embrace-sling-carrier,,
Worth every single penny,"I've tried 3 different carriers before this one. Returned all of them. The Nestli goes on in seconds, I barely feel the weight, and my son falls asleep in it every single time.",5,2023-11-13 00:00:00 UTC,Piper Parker,piper@icloud.com,,nestli-embrace-sling-carrier,,
Dad approved!,Bought this as a gift for my sister's baby shower. She texted me a week later saying it's the only thing that calms her baby.,5,2023-11-09 00:00:00 UTC,Grace Wood,gwood@msn.com,,nestli-embrace-sling-carrier,,
"Great carrier, wish it came with more colors",Great carrier and I use it daily. The only thing I'd change is the carry pouch — it's a bit small. But the carrier itself is 5 stars.,4,2023-08-13 00:00:00 UTC,Emery Miller,emery@outlook.com,,nestli-embrace-sling-carrier,,
10/10 no notes,Both my husband and I use this with no readjusting. One carrier for both parents — such a smart design. Highly recommend.,5,2023-03-06 00:00:00 UTC,Lillian Green,lilliangreen243@live.com,,nestli-embrace-sling-carrier,,
The only carrier I recommend,Baby wouldn't sleep unless I was holding her. Tried this carrier out of desperation at 3am and she passed out within minutes. I've been wearing it every day since.,5,2023-09-27 00:00:00 UTC,Aria Rogers,rogers_a83@gmail.com,,nestli-embrace-sling-carrier,,
5 stars isn't enough,My son has reflux and needs to stay upright after feeds. This carrier keeps him perfectly positioned and he's so much more comfortable.,5,2023-02-13 00:00:00 UTC,Kimberly Adams,kimberly.adams431@hotmail.com,,nestli-embrace-sling-carrier,,
"Good carrier, slight adjustment needed",Really nice carrier. Well made and baby seems very comfortable. Just takes a little practice at first. Glad I bought it.,4,2023-03-26 00:00:00 UTC,Kevin Edwards,kedwards7@outlook.com,,nestli-embrace-sling-carrier,,
Best baby gear purchase,Both my husband and I use this with no readjusting. One carrier for both parents — such a smart design. Highly recommend.,5,2025-03-07 00:00:00 UTC,Andrew Cox,cox.a@outlook.com,,nestli-embrace-sling-carrier,,
"Great carrier, wish it came with more colors","Great carrier, my daughter loves it. Took off one star because the instructions could be more detailed. Overall very happy with the purchase.",4,2023-02-07 00:00:00 UTC,Vanessa Lewis,vanessalewis@live.com,,nestli-embrace-sling-carrier,,
Solid carrier overall,Really nice carrier. Well made and baby seems very comfortable. Just takes a little practice at first. Glad I bought it.,4,2023-03-02 00:00:00 UTC,Grace Butler,grace973@aol.com,,nestli-embrace-sling-carrier,,
My sanity saver,I run a mom and baby yoga class. I recommend this carrier to every single student. Half of them come back and say it changed their life.,5,2024-09-14 00:00:00 UTC,Aurora Morgan,aurora@aol.com,,nestli-embrace-sling-carrier,,
4 stars — great product,Comfortable for long carries. Gave 4 stars because the color I received looked slightly different from the website photo. Still looks nice though.,4,2024-10-13 00:00:00 UTC,Adam Gutierrez,adam_gutierrez@msn.com,,nestli-embrace-sling-carrier,,
10/10 no notes,Was skeptical after spending money on other carriers that hurt my back. This one is genuinely different. Wide padded strap makes all the difference.,5,2024-09-01 00:00:00 UTC,Skylar Hughes,skylar.hughes@gmail.com,,nestli-embrace-sling-carrier,,
Best baby gear purchase,Both my husband and I use this with no readjusting. One carrier for both parents — such a smart design. Highly recommend.,5,2024-01-23 00:00:00 UTC,Genesis Williams,gwilliams96@msn.com,,nestli-embrace-sling-carrier,,
Carrier of the year,Bought this because a mom in my birth class had one. Now 6 women from that class have this carrier. We call ourselves the Nestli moms.,5,2023-05-20 00:00:00 UTC,Aria Kelly,aria817@yahoo.com,,nestli-embrace-sling-carrier,,
"Great quality, took time to adjust",Good quality product. Baby is content in it and I can actually get things done. Would give 5 stars but it took some practice to get the tightness right.,4,2024-09-26 00:00:00 UTC,Alice Nelson,alice_nelson838@icloud.com,,nestli-embrace-sling-carrier,,
Perfection,Brought this to a family reunion. Every aunt and uncle took a turn. Nobody could believe how easy it was to put on. Orders came in from 3 family members.,5,2023-11-28 00:00:00 UTC,Raymond Collins,rcollins@outlook.com,,nestli-embrace-sling-carrier,,
Perfect for our lifestyle,Went to the grocery store with both hands free for the first time in 4 months. I actually teared up in the cereal aisle. This carrier is everything.,5,2023-03-29 00:00:00 UTC,Dennis Nguyen,nguyend@yahoo.com,,nestli-embrace-sling-carrier,,
"Great carrier, wish it came with more colors",Really like this carrier. My husband found it slightly tricky to adjust at first but now he uses it on his own. Baby falls asleep in it often.,4,2024-11-30 00:00:00 UTC,Cora Wright,cwright@live.com,,nestli-embrace-sling-carrier,,
Hands free finally!!!,Both my husband and I use this with no readjusting. One carrier for both parents — such a smart design. Highly recommend.,5,2023-11-16 00:00:00 UTC,Mia Flores,mflores803@icloud.com,,nestli-embrace-sling-carrier,,
Can't imagine parenting without this,"The quality is incredible. Stitching is perfect, fabric is so soft against baby skin. Washed it 40+ times and it still looks brand new.",5,2023-01-04 00:00:00 UTC,Lily Perez,lily@icloud.com,,nestli-embrace-sling-carrier,,
Finally sleeping again,"The quality is incredible. Stitching is perfect, fabric is so soft against baby skin. Washed it 40+ times and it still looks brand new.",5,2024-11-02 00:00:00 UTC,Mila Peterson,mpeterson343@outlook.com,,nestli-embrace-sling-carrier,,
This saved my postpartum,Baby wouldn't sleep unless I was holding her. Tried this carrier out of desperation at 3am and she passed out within minutes. I've been wearing it every day since.,5,2024-11-08 00:00:00 UTC,Sadie Peterson,petersons912@msn.com,,nestli-embrace-sling-carrier,,
"Good carrier, slight adjustment needed",Comfortable for long carries. Gave 4 stars because the color I received looked slightly different from the website photo. Still looks nice though.,4,2025-02-14 00:00:00 UTC,Jessica Martin,jmartin272@hotmail.com,,nestli-embrace-sling-carrier,,
My velcro baby is finally calm,I run a mom and baby yoga class. I recommend this carrier to every single student. Half of them come back and say it changed their life.,5,2024-06-27 00:00:00 UTC,Zoey Evans,zoey73@outlook.com,,nestli-embrace-sling-carrier,,
Amazing quality,Both my husband and I use this with no readjusting. One carrier for both parents — such a smart design. Highly recommend.,5,2023-05-26 00:00:00 UTC,Kenneth Baker,kenneth@yahoo.com,,nestli-embrace-sling-carrier,,
Almost perfect,Good quality product. Baby is content in it and I can actually get things done. Would give 5 stars but it took some practice to get the tightness right.,4,2024-07-05 00:00:00 UTC,Gianna Moore,gmoore442@icloud.com,,nestli-embrace-sling-carrier,,
Good but takes practice,Love that I can nurse in this with a little practice. Took me a couple of weeks to get the hang of it but now it's seamless. High quality product.,4,2023-01-06 00:00:00 UTC,Sadie Long,sadie519@gmail.com,,nestli-embrace-sling-carrier,,
Finally a carrier that actually works,My son is 20 months and 26 pounds. I still carry him in this when he's tired on walks. Zero shoulder pain.,5,2023-09-12 00:00:00 UTC,Gary Hughes,hughesg@outlook.com,,nestli-embrace-sling-carrier,,
Love it with minor learning curve,Love that I can nurse in this with a little practice. Took me a couple of weeks to get the hang of it but now it's seamless. High quality product.,4,2025-04-02 00:00:00 UTC,Brandon Wright,brandon.wright@live.com,,nestli-embrace-sling-carrier,,
Should have bought this from day one,I run a mom and baby yoga class. I recommend this carrier to every single student. Half of them come back and say it changed their life.,5,2024-01-23 00:00:00 UTC,Ava Gonzalez,ava_gonzalez@icloud.com,,nestli-embrace-sling-carrier,,
Solid carrier overall,"Love the quality of this carrier. Only reason it's 4 stars is the learning curve — it took me a week to feel confident putting it on. After that, totally smooth.",4,2023-01-09 00:00:00 UTC,Camila Cooper,ccooper@outlook.com,,nestli-embrace-sling-carrier,,
Love it with minor learning curve,Great carrier and I use it daily. The only thing I'd change is the carry pouch — it's a bit small. But the carrier itself is 5 stars.,4,2024-10-29 00:00:00 UTC,Scott Harris,scott@gmail.com,,nestli-embrace-sling-carrier,,
"Fits perfectly, baby loves it",Brought this to a family reunion. Every aunt and uncle took a turn. Nobody could believe how easy it was to put on. Orders came in from 3 family members.,5,2023-09-14 00:00:00 UTC,Jasmine Sullivan,jsullivan741@aol.com,,nestli-embrace-sling-carrier,,
Bought for a friend too,My son has reflux and needs to stay upright after feeds. This carrier keeps him perfectly positioned and he's so much more comfortable.,5,2024-06-28 00:00:00 UTC,Joshua Rodriguez,joshua@hotmail.com,,nestli-embrace-sling-carrier,,
Worth every single penny,I run a mom and baby yoga class. I recommend this carrier to every single student. Half of them come back and say it changed their life.,5,2023-08-03 00:00:00 UTC,Layla Carter,carter_l@icloud.com,,nestli-embrace-sling-carrier,,
"Easy to put on, baby loves it",My daughter had colic for 6 weeks and nothing worked. Put her in this carrier and she was asleep in 4 minutes. I literally cried. This carrier saved my sanity.,5,2025-04-18 00:00:00 UTC,Eva Wilson,wilson_e@aol.com,,nestli-embrace-sling-carrier,,
Really great carrier,Really nice carrier. Well made and baby seems very comfortable. Just takes a little practice at first. Glad I bought it.,4,2024-06-10 00:00:00 UTC,Sadie Jenkins,sadie@msn.com,,nestli-embrace-sling-carrier,,
Perfection,Went to the grocery store with both hands free for the first time in 4 months. I actually teared up in the cereal aisle. This carrier is everything.,5,2023-08-03 00:00:00 UTC,Andrew Ward,andrew.ward@icloud.com,,nestli-embrace-sling-carrier,,
The only carrier I recommend,Took this to Disney World. Walked 12 hours with a 15-month-old in this carrier. My back felt completely fine. My husband was jealous.,5,2023-04-26 00:00:00 UTC,David Taylor,david@msn.com,,nestli-embrace-sling-carrier,,
Best baby gear purchase,"The quality is incredible. Stitching is perfect, fabric is so soft against baby skin. Washed it 40+ times and it still looks brand new.",5,2023-01-25 00:00:00 UTC,Chloe Robinson,crobinson@hotmail.com,,nestli-embrace-sling-carrier,,
Hands free finally!!!,Both my husband and I use this with no readjusting. One carrier for both parents — such a smart design. Highly recommend.,5,2024-02-25 00:00:00 UTC,Audrey Clark,audreyclark160@msn.com,,nestli-embrace-sling-carrier,,
Wish I had this with my first,Was skeptical after spending money on other carriers that hurt my back. This one is genuinely different. Wide padded strap makes all the difference.,5,2024-08-19 00:00:00 UTC,Jonathan Sullivan,sullivan.j558@gmail.com,,nestli-embrace-sling-carrier,,
Obsessed with this thing,"I've tried 3 different carriers before this one. Returned all of them. The Nestli goes on in seconds, I barely feel the weight, and my son falls asleep in it every single time.",5,2025-08-05 00:00:00 UTC,John Carter,jcarter58@msn.com,,nestli-embrace-sling-carrier,,
Bought for a friend too,I run a mom and baby yoga class. I recommend this carrier to every single student. Half of them come back and say it changed their life.,5,2023-02-13 00:00:00 UTC,Madison Cox,mcox697@hotmail.com,,nestli-embrace-sling-carrier,,
Absolute game changer!,"My toddler is 2.5 years old and we still use this at the farmers market. She gets tired, I pop her in, she's calm. Best investment of new parenthood.",5,2024-06-13 00:00:00 UTC,Bella Campbell,bcampbell@yahoo.com,,nestli-embrace-sling-carrier,,
Best purchase of 2024,My second baby is so much calmer than my first was — I think it's entirely because I used this carrier from day 1. Skin-to-skin while getting things done.,5,2023-02-21 00:00:00 UTC,Arianna Allen,aallen@icloud.com,,nestli-embrace-sling-carrier,,
Amazing quality,My baby went from needing to be rocked for 45 minutes to falling asleep in this carrier in under 10 minutes. Life is different now.,5,2024-10-26 00:00:00 UTC,Evelyn James,ejames360@aol.com,,nestli-embrace-sling-carrier,,
Never taking this off,I run a mom and baby yoga class. I recommend this carrier to every single student. Half of them come back and say it changed their life.,5,2023-07-07 00:00:00 UTC,Penelope White,white.p@hotmail.com,,nestli-embrace-sling-carrier,,
My sanity saver,Baby wouldn't sleep unless I was holding her. Tried this carrier out of desperation at 3am and she passed out within minutes. I've been wearing it every day since.,5,2024-03-23 00:00:00 UTC,Isla Lee,leei@gmail.com,,nestli-embrace-sling-carrier,,
My baby only sleeps in this now,Ordered this as a last resort after my velcro baby refused to be put down for 3 months. Should have ordered it on day 1. So easy to use and baby loves it.,5,2024-06-02 00:00:00 UTC,Violet Evans,evans.v828@live.com,,nestli-embrace-sling-carrier,,
My sanity saver,"I've tried 3 different carriers before this one. Returned all of them. The Nestli goes on in seconds, I barely feel the weight, and my son falls asleep in it every single time.",5,2023-12-07 00:00:00 UTC,Violet Johnson,violet.johnson161@gmail.com,,nestli-embrace-sling-carrier,,
My sanity saver,Bought this as a gift for my sister's baby shower. She texted me a week later saying it's the only thing that calms her baby.,5,2023-06-26 00:00:00 UTC,Mila Russell,mrussell432@icloud.com,,nestli-embrace-sling-carrier,,
My newborn loves it,Baby wouldn't sleep unless I was holding her. Tried this carrier out of desperation at 3am and she passed out within minutes. I've been wearing it every day since.,5,2025-02-17 00:00:00 UTC,Lily Long,long_l@aol.com,,nestli-embrace-sling-carrier,,
Lightweight and perfect,"Been using this for 14 months. Not a single seam has come loose, not a single stitch has broken. This thing is built to last.",5,2023-09-28 00:00:00 UTC,Nevaeh Stewart,nevaeh.stewart@hotmail.com,,nestli-embrace-sling-carrier,,
Grocery store hero,My husband said carriers looked too complicated. I ordered this without telling him. He tried it once and now he uses it more than I do. He calls it his dad superpower.,5,2023-12-15 00:00:00 UTC,Ashley Diaz,ashley@icloud.com,,nestli-embrace-sling-carrier,,
Should have bought this from day one,My son is 20 months and 26 pounds. I still carry him in this when he's tired on walks. Zero shoulder pain.,5,2024-01-05 00:00:00 UTC,Nova Campbell,nova@gmail.com,,nestli-embrace-sling-carrier,,
My pediatrician approved it,I work from home and wear this during calls. Baby is calm and quiet and I look completely professional. Game changing for WFH moms.,5,2023-03-21 00:00:00 UTC,John Jenkins,john@live.com,,nestli-embrace-sling-carrier,,
Absolute game changer!,My daughter had colic for 6 weeks and nothing worked. Put her in this carrier and she was asleep in 4 minutes. I literally cried. This carrier saved my sanity.,5,2025-07-04 00:00:00 UTC,Anna James,anna248@icloud.com,,nestli-embrace-sling-carrier,,
"Good carrier, slight adjustment needed",Comfortable for long carries. Gave 4 stars because the color I received looked slightly different from the website photo. Still looks nice though.,4,2023-08-24 00:00:00 UTC,Gary Howard,howard_g443@msn.com,,nestli-embrace-sling-carrier,,
This is THE one,My son is 20 months and 26 pounds. I still carry him in this when he's tired on walks. Zero shoulder pain.,5,2023-02-02 00:00:00 UTC,Christopher Gutierrez,christophergutierrez33@outlook.com,,nestli-embrace-sling-carrier,,
Amazing quality,Took this to Disney World. Walked 12 hours with a 15-month-old in this carrier. My back felt completely fine. My husband was jealous.,5,2023-10-22 00:00:00 UTC,Elizabeth King,elizabeth@yahoo.com,,nestli-embrace-sling-carrier,,
4 stars — great product,Really nice carrier. Well made and baby seems very comfortable. Just takes a little practice at first. Glad I bought it.,4,2023-09-03 00:00:00 UTC,Willow Roberts,willow@gmail.com,,nestli-embrace-sling-carrier,,
My pediatrician approved it,My son is 20 months and 26 pounds. I still carry him in this when he's tired on walks. Zero shoulder pain.,5,2024-07-01 00:00:00 UTC,Edward Diaz,edward208@aol.com,,nestli-embrace-sling-carrier,,
Perfect for our lifestyle,The fabric is breathable enough that we used it all summer without baby overheating. Such a thoughtful design.,5,2024-07-24 00:00:00 UTC,Kenneth Robinson,robinson.k@yahoo.com,,nestli-embrace-sling-carrier,,
Cooking with baby — done!,Brought this to a family reunion. Every aunt and uncle took a turn. Nobody could believe how easy it was to put on. Orders came in from 3 family members.,5,2023-09-22 00:00:00 UTC,Alexa Nelson,anelson@aol.com,,nestli-embrace-sling-carrier,,
10/10 no notes,Bought this as a gift for my sister's baby shower. She texted me a week later saying it's the only thing that calms her baby.,5,2023-10-23 00:00:00 UTC,Emily Rivera,emily@hotmail.com,,nestli-embrace-sling-carrier,,
"Great quality, took time to adjust","Love the quality of this carrier. Only reason it's 4 stars is the learning curve — it took me a week to feel confident putting it on. After that, totally smooth.",4,2023-12-08 00:00:00 UTC,Gianna Thompson,thompson.g219@live.com,,nestli-embrace-sling-carrier,,
My pediatrician approved it,My baby went from needing to be rocked for 45 minutes to falling asleep in this carrier in under 10 minutes. Life is different now.,5,2023-01-17 00:00:00 UTC,Mila Butler,milabutler184@msn.com,,nestli-embrace-sling-carrier,,
Best purchase of 2024,"Been using this for 14 months. Not a single seam has come loose, not a single stitch has broken. This thing is built to last.",5,2024-07-22 00:00:00 UTC,Josephine Sanchez,sanchez.j1@live.com,,nestli-embrace-sling-carrier,,
Solid carrier overall,"Great quality, soft fabric, baby seems comfy. Docking one star because mine arrived with a small mark on the fabric. Customer service sorted it quickly though.",4,2025-02-07 00:00:00 UTC,Eleanor Edwards,eleanor548@live.com,,nestli-embrace-sling-carrier,,
"Fits perfectly, baby loves it",Was skeptical after spending money on other carriers that hurt my back. This one is genuinely different. Wide padded strap makes all the difference.,5,2023-11-15 00:00:00 UTC,Lauren Diaz,laurendiaz176@yahoo.com,,nestli-embrace-sling-carrier,,
Every mom needs this,My second baby is so much calmer than my first was — I think it's entirely because I used this carrier from day 1. Skin-to-skin while getting things done.,5,2023-01-23 00:00:00 UTC,Charles Bailey,charles@live.com,,nestli-embrace-sling-carrier,,
Lightweight and perfect,Baby wouldn't sleep unless I was holding her. Tried this carrier out of desperation at 3am and she passed out within minutes. I've been wearing it every day since.,5,2023-12-28 00:00:00 UTC,Michael Young,youngm868@yahoo.com,,nestli-embrace-sling-carrier,,
"Good carrier, slight adjustment needed","Love the quality of this carrier. Only reason it's 4 stars is the learning curve — it took me a week to feel confident putting it on. After that, totally smooth.",4,2025-12-25 00:00:00 UTC,Eliana Butler,butler_e927@hotmail.com,,nestli-embrace-sling-carrier,,
"Returned 3 carriers, kept this one","My toddler is 2.5 years old and we still use this at the farmers market. She gets tired, I pop her in, she's calm. Best investment of new parenthood.",5,2024-07-02 00:00:00 UTC,Megan Price,mprice@icloud.com,,nestli-embrace-sling-carrier,,
Every mom needs this,"Been using this for 14 months. Not a single seam has come loose, not a single stitch has broken. This thing is built to last.",5,2023-01-06 00:00:00 UTC,Natalie Thompson,nthompson508@hotmail.com,,nestli-embrace-sling-carrier,,
Almost perfect,Really like this carrier. My husband found it slightly tricky to adjust at first but now he uses it on his own. Baby falls asleep in it often.,4,2023-08-22 00:00:00 UTC,Josephine Walker,jwalker25@aol.com,,nestli-embrace-sling-carrier,,
Exceeded all my expectations,Bought this as a gift for my sister's baby shower. She texted me a week later saying it's the only thing that calms her baby.,5,2023-12-30 00:00:00 UTC,Emery Cox,coxe@gmail.com,,nestli-embrace-sling-carrier,,
Life changing for new moms,I work from home and wear this during calls. Baby is calm and quiet and I look completely professional. Game changing for WFH moms.,5,2023-07-08 00:00:00 UTC,Josephine Allen,josephineallen356@icloud.com,,nestli-embrace-sling-carrier,,
My go-to carrier for everything,"My toddler is 2.5 years old and we still use this at the farmers market. She gets tired, I pop her in, she's calm. Best investment of new parenthood.",5,2023-07-15 00:00:00 UTC,Robert Scott,rscott@outlook.com,,nestli-embrace-sling-carrier,,
Solid 4 stars from me,Really great carrier overall. Took me about 3 tries to get the fit right but once I figured it out I love it. Baby seems comfortable and I have both hands free.,4,2023-11-21 00:00:00 UTC,Savannah Perry,sperry77@live.com,,nestli-embrace-sling-carrier,,
Life changing for new moms,I was nervous about ring slings but the setup guide was so clear. Had it on correctly the first try. Baby was happy immediately.,5,2023-03-17 00:00:00 UTC,Rachel James,rjames@yahoo.com,,nestli-embrace-sling-carrier,,
"Good quality, learning curve",Really like this carrier. My husband found it slightly tricky to adjust at first but now he uses it on his own. Baby falls asleep in it often.,4,2025-12-12 00:00:00 UTC,Matthew Hughes,mhughes@yahoo.com,,nestli-embrace-sling-carrier,,
Almost perfect,"Love the quality of this carrier. Only reason it's 4 stars is the learning curve — it took me a week to feel confident putting it on. After that, totally smooth.",4,2024-11-05 00:00:00 UTC,Luna Adams,luna.adams@icloud.com,,nestli-embrace-sling-carrier,,
Finally sleeping again,I was nervous about ring slings but the setup guide was so clear. Had it on correctly the first try. Baby was happy immediately.,5,2023-10-26 00:00:00 UTC,Arianna Jones,arianna632@yahoo.com,,nestli-embrace-sling-carrier,,
Solid carrier overall,Love that I can nurse in this with a little practice. Took me a couple of weeks to get the hang of it but now it's seamless. High quality product.,4,2023-01-02 00:00:00 UTC,Samuel Sanders,samuel_sanders191@yahoo.com,,nestli-embrace-sling-carrier,,
Finally sleeping again,Baby wouldn't sleep unless I was holding her. Tried this carrier out of desperation at 3am and she passed out within minutes. I've been wearing it every day since.,5,2023-03-01 00:00:00 UTC,Lydia Sanders,lsanders816@aol.com,,nestli-embrace-sling-carrier,,
Good for newborns,Really nice carrier. Well made and baby seems very comfortable. Just takes a little practice at first. Glad I bought it.,4,2023-05-25 00:00:00 UTC,Naomi Price,price.n826@hotmail.com,,nestli-embrace-sling-carrier,,
5 stars isn't enough,"I've tried 3 different carriers before this one. Returned all of them. The Nestli goes on in seconds, I barely feel the weight, and my son falls asleep in it every single time.",5,2024-07-20 00:00:00 UTC,Ellie Hughes,ellie856@msn.com,,nestli-embrace-sling-carrier,,
The only carrier I recommend,"My toddler is 2.5 years old and we still use this at the farmers market. She gets tired, I pop her in, she's calm. Best investment of new parenthood.",5,2025-08-06 00:00:00 UTC,Leah Rodriguez,leah@aol.com,,nestli-embrace-sling-carrier,,
She stopped crying the second I put it on,My postpartum anxiety was through the roof until I started babywearing. Having her close and being able to feel her breathing calmed both of us down.,5,2023-01-15 00:00:00 UTC,Brian Campbell,bcampbell@outlook.com,,nestli-embrace-sling-carrier,,
Genuinely life changing,Was skeptical after spending money on other carriers that hurt my back. This one is genuinely different. Wide padded strap makes all the difference.,5,2023-06-27 00:00:00 UTC,Ruby Morris,rmorris961@icloud.com,,nestli-embrace-sling-carrier,,
Airport essential,"Been using this for 14 months. Not a single seam has come loose, not a single stitch has broken. This thing is built to last.",5,2023-09-11 00:00:00 UTC,Jonathan Johnson,jjohnson@outlook.com,,nestli-embrace-sling-carrier,,
My husband uses it more than me,My husband said carriers looked too complicated. I ordered this without telling him. He tried it once and now he uses it more than I do. He calls it his dad superpower.,5,2023-04-12 00:00:00 UTC,Bella Adams,adamsb@live.com,,nestli-embrace-sling-carrier,,
Obsessed with this thing,My son is 20 months and 26 pounds. I still carry him in this when he's tired on walks. Zero shoulder pain.,5,2023-12-12 00:00:00 UTC,Vanessa Evans,vanessa_evans@gmail.com,,nestli-embrace-sling-carrier,,
Perfection,Brought this to a family reunion. Every aunt and uncle took a turn. Nobody could believe how easy it was to put on. Orders came in from 3 family members.,5,2023-03-22 00:00:00 UTC,Mia Hill,mhill666@gmail.com,,nestli-embrace-sling-carrier,,
Solid carrier overall,"Good carrier, my baby seems happy in it. I wish it came in more colors for my wardrobe but functionally it works great. Would recommend.",4,2023-09-25 00:00:00 UTC,Grace Taylor,gracetaylor230@gmail.com,,nestli-embrace-sling-carrier,,
Dad approved!,Was skeptical after spending money on other carriers that hurt my back. This one is genuinely different. Wide padded strap makes all the difference.,5,2023-03-05 00:00:00 UTC,Brandon Martin,martin.b575@msn.com,,nestli-embrace-sling-carrier,,
Genuinely life changing,We flew cross-country with our 7-month-old. This carrier fit in my purse and our baby slept through both flights. Worth ten times the price.,5,2025-09-03 00:00:00 UTC,Lydia Martin,lmartin638@gmail.com,,nestli-embrace-sling-carrier,,
Best carrier I've ever owned,"I've tried 3 different carriers before this one. Returned all of them. The Nestli goes on in seconds, I barely feel the weight, and my son falls asleep in it every single time.",5,2024-12-07 00:00:00 UTC,Anthony Fisher,anthonyfisher611@outlook.com,,nestli-embrace-sling-carrier,,
Baby falls asleep in minutes,Was skeptical after spending money on other carriers that hurt my back. This one is genuinely different. Wide padded strap makes all the difference.,5,2025-10-18 00:00:00 UTC,Madeline Bell,mbell776@gmail.com,,nestli-embrace-sling-carrier,,
Best carrier I've ever owned,Baby wouldn't sleep unless I was holding her. Tried this carrier out of desperation at 3am and she passed out within minutes. I've been wearing it every day since.,5,2023-05-12 00:00:00 UTC,Sarah Thomas,sthomas620@outlook.com,,nestli-embrace-sling-carrier,,
Genuinely life changing,Was skeptical after spending money on other carriers that hurt my back. This one is genuinely different. Wide padded strap makes all the difference.,5,2023-07-12 00:00:00 UTC,Thomas Murphy,thomas@gmail.com,,nestli-embrace-sling-carrier,,
Great for travel,I was nervous about ring slings but the setup guide was so clear. Had it on correctly the first try. Baby was happy immediately.,5,2023-10-29 00:00:00 UTC,Donald Phillips,donald@icloud.com,,nestli-embrace-sling-carrier,,
My sanity saver,My son has reflux and needs to stay upright after feeds. This carrier keeps him perfectly positioned and he's so much more comfortable.,5,2024-03-09 00:00:00 UTC,John Scott,john_scott756@aol.com,,nestli-embrace-sling-carrier,,
Good for newborns,Really happy with the purchase. Slight learning curve but nothing that a YouTube tutorial didn't solve. Baby is calm and I'm hands-free.,4,2024-03-25 00:00:00 UTC,Kenneth Torres,kenneth.torres@icloud.com,,nestli-embrace-sling-carrier,,
Impressive quality for the price,"Great carrier, my daughter loves it. Took off one star because the instructions could be more detailed. Overall very happy with the purchase.",4,2023-01-20 00:00:00 UTC,Sofia Mitchell,mitchells@aol.com,,nestli-embrace-sling-carrier,,
This saved my postpartum,My son has reflux and needs to stay upright after feeds. This carrier keeps him perfectly positioned and he's so much more comfortable.,5,2024-06-08 00:00:00 UTC,Hailey Gutierrez,gutierrezh987@yahoo.com,,nestli-embrace-sling-carrier,,
Best purchase of 2024,My daughter had colic for 6 weeks and nothing worked. Put her in this carrier and she was asleep in 4 minutes. I literally cried. This carrier saved my sanity.,5,2024-05-20 00:00:00 UTC,Avery Rivera,rivera_a@gmail.com,,nestli-embrace-sling-carrier,,
Cooking with baby — done!,Brought this to a family reunion. Every aunt and uncle took a turn. Nobody could believe how easy it was to put on. Orders came in from 3 family members.,5,2023-12-05 00:00:00 UTC,Nevaeh Parker,parkern@icloud.com,,nestli-embrace-sling-carrier,,
Solid carrier overall,Love that I can nurse in this with a little practice. Took me a couple of weeks to get the hang of it but now it's seamless. High quality product.,4,2023-04-27 00:00:00 UTC,Adeline Sanchez,adelinesanchez634@msn.com,,nestli-embrace-sling-carrier,,
Wish I had this with my first,I was nervous about ring slings but the setup guide was so clear. Had it on correctly the first try. Baby was happy immediately.,5,2023-09-16 00:00:00 UTC,Jonathan Diaz,diaz.j559@hotmail.com,,nestli-embrace-sling-carrier,,
Almost perfect,Works well and baby loves it. The ring is a bit stiff at first so adjusting takes some force until it breaks in. After a week it was perfect.,4,2024-02-17 00:00:00 UTC,Alexis Lee,leea@gmail.com,,nestli-embrace-sling-carrier,,
Airport essential,My baby went from needing to be rocked for 45 minutes to falling asleep in this carrier in under 10 minutes. Life is different now.,5,2024-03-26 00:00:00 UTC,Jonathan Cruz,jonathancruz830@icloud.com,,nestli-embrace-sling-carrier,,
Solid 4 stars from me,"Great carrier, my daughter loves it. Took off one star because the instructions could be more detailed. Overall very happy with the purchase.",4,2023-08-09 00:00:00 UTC,Riley Gray,gray_r630@aol.com,,nestli-embrace-sling-carrier,,
Lightweight and perfect,My husband said carriers looked too complicated. I ordered this without telling him. He tried it once and now he uses it more than I do. He calls it his dad superpower.,5,2024-12-02 00:00:00 UTC,Sophie Sanchez,sophiesanchez@yahoo.com,,nestli-embrace-sling-carrier,,
Worth every single penny,We flew cross-country with our 7-month-old. This carrier fit in my purse and our baby slept through both flights. Worth ten times the price.,5,2025-05-26 00:00:00 UTC,Victoria Bennett,vbennett728@outlook.com,,nestli-embrace-sling-carrier,,
"Great quality, took time to adjust","Great carrier, my daughter loves it. Took off one star because the instructions could be more detailed. Overall very happy with the purchase.",4,2023-03-09 00:00:00 UTC,Kinsley Anderson,kinsley587@gmail.com,,nestli-embrace-sling-carrier,,
Best carrier I've ever owned,We flew cross-country with our 7-month-old. This carrier fit in my purse and our baby slept through both flights. Worth ten times the price.,5,2023-05-05 00:00:00 UTC,Sadie Wright,swright@gmail.com,,nestli-embrace-sling-carrier,,
So easy to use,"I've tried 3 different carriers before this one. Returned all of them. The Nestli goes on in seconds, I barely feel the weight, and my son falls asleep in it every single time.",5,2025-07-23 00:00:00 UTC,Timothy Torres,timothy478@live.com,,nestli-embrace-sling-carrier,,
Airport essential,Was skeptical after spending money on other carriers that hurt my back. This one is genuinely different. Wide padded strap makes all the difference.,5,2024-02-04 00:00:00 UTC,Valentina Morgan,vmorgan654@live.com,,nestli-embrace-sling-carrier,,
My baby only sleeps in this now,Was skeptical after spending money on other carriers that hurt my back. This one is genuinely different. Wide padded strap makes all the difference.,5,2025-04-04 00:00:00 UTC,Isla Harris,isla.harris422@yahoo.com,,nestli-embrace-sling-carrier,,
Dad approved!,My son is 20 months and 26 pounds. I still carry him in this when he's tired on walks. Zero shoulder pain.,5,2023-02-13 00:00:00 UTC,Patrick Cooper,patrick_cooper@outlook.com,,nestli-embrace-sling-carrier,,
Great for travel,Bought this because a mom in my birth class had one. Now 6 women from that class have this carrier. We call ourselves the Nestli moms.,5,2024-08-08 00:00:00 UTC,Kenneth Turner,turner_k430@msn.com,,nestli-embrace-sling-carrier,,
"Goodbye stroller, hello Nestli",I work from home and wear this during calls. Baby is calm and quiet and I look completely professional. Game changing for WFH moms.,5,2023-02-04 00:00:00 UTC,Eric Thompson,eric.thompson@yahoo.com,,nestli-embrace-sling-carrier,,
Would recommend with small caveat,"Good carrier, my baby seems happy in it. I wish it came in more colors for my wardrobe but functionally it works great. Would recommend.",4,2023-09-21 00:00:00 UTC,Julia Moore,jmoore@msn.com,,nestli-embrace-sling-carrier,,
Bought 2 — one for grandma too,The fabric is breathable enough that we used it all summer without baby overheating. Such a thoughtful design.,5,2023-11-18 00:00:00 UTC,Tyler Walker,twalker@msn.com,,nestli-embrace-sling-carrier,,
Dad approved!,We flew cross-country with our 7-month-old. This carrier fit in my purse and our baby slept through both flights. Worth ten times the price.,5,2023-02-15 00:00:00 UTC,Nevaeh Hill,nevaeh@hotmail.com,,nestli-embrace-sling-carrier,,
4 stars — great product,Works great for my petite frame. Had to watch a video to get the fit right but after that it's been perfect. Baby loves the closeness.,4,2023-11-03 00:00:00 UTC,Madeline Diaz,diaz_m@live.com,,nestli-embrace-sling-carrier,,
10/10 no notes,"I've tried 3 different carriers before this one. Returned all of them. The Nestli goes on in seconds, I barely feel the weight, and my son falls asleep in it every single time.",5,2023-07-24 00:00:00 UTC,Madelyn Price,price.m@hotmail.com,,nestli-embrace-sling-carrier,,
Best carrier I've ever owned,I run a mom and baby yoga class. I recommend this carrier to every single student. Half of them come back and say it changed their life.,5,2025-03-29 00:00:00 UTC,Brandon Rivera,brandon.rivera922@yahoo.com,,nestli-embrace-sling-carrier,,
Life changing for new moms,The fabric is breathable enough that we used it all summer without baby overheating. Such a thoughtful design.,5,2024-03-20 00:00:00 UTC,Frank Thompson,fthompson372@gmail.com,,nestli-embrace-sling-carrier,,
Baby falls asleep in minutes,Bought this as a gift for my sister's baby shower. She texted me a week later saying it's the only thing that calms her baby.,5,2023-08-22 00:00:00 UTC,Eleanor Flores,eleanor_flores@icloud.com,,nestli-embrace-sling-carrier,,
Finally a carrier that actually works,I work from home and wear this during calls. Baby is calm and quiet and I look completely professional. Game changing for WFH moms.,5,2023-11-01 00:00:00 UTC,Kayla Howard,howard.k459@live.com,,nestli-embrace-sling-carrier,,
Can't imagine parenting without this,Was skeptical after spending money on other carriers that hurt my back. This one is genuinely different. Wide padded strap makes all the difference.,5,2024-05-05 00:00:00 UTC,Sarah Wood,sarah_wood240@aol.com,,nestli-embrace-sling-carrier,,
Good for newborns,"Love the quality of this carrier. Only reason it's 4 stars is the learning curve — it took me a week to feel confident putting it on. After that, totally smooth.",4,2024-08-11 00:00:00 UTC,Emilia Scott,emiliascott@outlook.com,,nestli-embrace-sling-carrier,,
10/10 no notes,Took this to Disney World. Walked 12 hours with a 15-month-old in this carrier. My back felt completely fine. My husband was jealous.,5,2023-01-04 00:00:00 UTC,Kimberly Taylor,kimberlytaylor@aol.com,,nestli-embrace-sling-carrier,,
Perfect for our lifestyle,My second baby is so much calmer than my first was — I think it's entirely because I used this carrier from day 1. Skin-to-skin while getting things done.,5,2024-05-21 00:00:00 UTC,Nicholas Torres,nicholastorres@yahoo.com,,nestli-embrace-sling-carrier,,
"Nice carrier, minor issue with strap",Great carrier and I use it daily. The only thing I'd change is the carry pouch — it's a bit small. But the carrier itself is 5 stars.,4,2024-05-17 00:00:00 UTC,Dennis Cook,dennis_cook@hotmail.com,,nestli-embrace-sling-carrier,,
This is THE one,My postpartum anxiety was through the roof until I started babywearing. Having her close and being able to feel her breathing calmed both of us down.,5,2024-04-07 00:00:00 UTC,Jennifer Gonzalez,jgonzalez349@gmail.com,,nestli-embrace-sling-carrier,,
"Good quality, learning curve","Great carrier, my daughter loves it. Took off one star because the instructions could be more detailed. Overall very happy with the purchase.",4,2024-08-14 00:00:00 UTC,Edward Cruz,edward498@icloud.com,,nestli-embrace-sling-carrier,,
"Fits perfectly, baby loves it",Baby wouldn't sleep unless I was holding her. Tried this carrier out of desperation at 3am and she passed out within minutes. I've been wearing it every day since.,5,2023-02-14 00:00:00 UTC,Michael Bailey,mbailey@icloud.com,,nestli-embrace-sling-carrier,,
Obsessed with this thing,My son is 20 months and 26 pounds. I still carry him in this when he's tired on walks. Zero shoulder pain.,5,2024-02-14 00:00:00 UTC,Steven Kelly,steven_kelly@live.com,,nestli-embrace-sling-carrier,,
Absolute game changer!,Went to the grocery store with both hands free for the first time in 4 months. I actually teared up in the cereal aisle. This carrier is everything.,5,2023-08-01 00:00:00 UTC,Delilah Brooks,delilah@live.com,,nestli-embrace-sling-carrier,,
Bought 2 — one for grandma too,Ordered this as a last resort after my velcro baby refused to be put down for 3 months. Should have ordered it on day 1. So easy to use and baby loves it.,5,2023-11-11 00:00:00 UTC,Penelope Martinez,penelopemartinez709@icloud.com,,nestli-embrace-sling-carrier,,
Carrier of the year,"The quality is incredible. Stitching is perfect, fabric is so soft against baby skin. Washed it 40+ times and it still looks brand new.",5,2023-04-09 00:00:00 UTC,Matthew Flores,matthew_flores@aol.com,,nestli-embrace-sling-carrier,,
Airport essential,My daughter had colic for 6 weeks and nothing worked. Put her in this carrier and she was asleep in 4 minutes. I literally cried. This carrier saved my sanity.,5,2025-08-27 00:00:00 UTC,Richard Murphy,richard.murphy@aol.com,,nestli-embrace-sling-carrier,,
"Good quality, learning curve",Works great for my petite frame. Had to watch a video to get the fit right but after that it's been perfect. Baby loves the closeness.,4,2023-10-14 00:00:00 UTC,Abigail Wood,wood_a@aol.com,,nestli-embrace-sling-carrier,,
"Easy to put on, baby loves it",We flew cross-country with our 7-month-old. This carrier fit in my purse and our baby slept through both flights. Worth ten times the price.,5,2023-05-10 00:00:00 UTC,Kayla Jones,jonesk@aol.com,,nestli-embrace-sling-carrier,,
"Returned 3 carriers, kept this one",My postpartum anxiety was through the roof until I started babywearing. Having her close and being able to feel her breathing calmed both of us down.,5,2024-09-20 00:00:00 UTC,Leah Rivera,leahrivera@outlook.com,,nestli-embrace-sling-carrier,,
She stopped crying the second I put it on,Ordered this as a last resort after my velcro baby refused to be put down for 3 months. Should have ordered it on day 1. So easy to use and baby loves it.,5,2024-04-10 00:00:00 UTC,Lily Ross,lily_ross@live.com,,nestli-embrace-sling-carrier,,
Happy with my purchase,Love that I can nurse in this with a little practice. Took me a couple of weeks to get the hang of it but now it's seamless. High quality product.,4,2023-10-10 00:00:00 UTC,Ariana Harris,aharris427@icloud.com,,nestli-embrace-sling-carrier,,
Every mom needs this,My son has reflux and needs to stay upright after feeds. This carrier keeps him perfectly positioned and he's so much more comfortable.,5,2024-04-30 00:00:00 UTC,Luna Anderson,andersonl381@aol.com,,nestli-embrace-sling-carrier,,
My sanity saver,My husband said carriers looked too complicated. I ordered this without telling him. He tried it once and now he uses it more than I do. He calls it his dad superpower.,5,2023-01-23 00:00:00 UTC,Sophie Murphy,sophie@live.com,,nestli-embrace-sling-carrier,,
Really great carrier,Really great carrier overall. Took me about 3 tries to get the fit right but once I figured it out I love it. Baby seems comfortable and I have both hands free.,4,2024-03-28 00:00:00 UTC,Eva Diaz,eva_diaz324@gmail.com,,nestli-embrace-sling-carrier,,
Absolute game changer!,Both my husband and I use this with no readjusting. One carrier for both parents — such a smart design. Highly recommend.,5,2023-02-27 00:00:00 UTC,Jessica Flores,jflores190@live.com,,nestli-embrace-sling-carrier,,
My go-to carrier for everything,Baby wouldn't sleep unless I was holding her. Tried this carrier out of desperation at 3am and she passed out within minutes. I've been wearing it every day since.,5,2024-04-22 00:00:00 UTC,Arianna Ross,ross.a@yahoo.com,,nestli-embrace-sling-carrier,,
Grocery store hero,My postpartum anxiety was through the roof until I started babywearing. Having her close and being able to feel her breathing calmed both of us down.,5,2023-12-06 00:00:00 UTC,Aria Campbell,aria_campbell@yahoo.com,,nestli-embrace-sling-carrier,,
My sanity saver,"The quality is incredible. Stitching is perfect, fabric is so soft against baby skin. Washed it 40+ times and it still looks brand new.",5,2023-03-07 00:00:00 UTC,Mia Morgan,mia@gmail.com,,nestli-embrace-sling-carrier,,
My newborn loves it,Brought this to a family reunion. Every aunt and uncle took a turn. Nobody could believe how easy it was to put on. Orders came in from 3 family members.,5,2024-03-28 00:00:00 UTC,Chloe Diaz,chloe_diaz@yahoo.com,,nestli-embrace-sling-carrier,,
So easy to use,Brought this to a family reunion. Every aunt and uncle took a turn. Nobody could believe how easy it was to put on. Orders came in from 3 family members.,5,2023-09-15 00:00:00 UTC,Leah Jackson,leah@icloud.com,,nestli-embrace-sling-carrier,,
Cried happy tears when I tried it,My daughter had colic for 6 weeks and nothing worked. Put her in this carrier and she was asleep in 4 minutes. I literally cried. This carrier saved my sanity.,5,2024-05-20 00:00:00 UTC,Timothy Gutierrez,tgutierrez127@yahoo.com,,nestli-embrace-sling-carrier,,
This is THE one,My postpartum anxiety was through the roof until I started babywearing. Having her close and being able to feel her breathing calmed both of us down.,5,2024-12-01 00:00:00 UTC,Madeline Ortiz,madeline731@yahoo.com,,nestli-embrace-sling-carrier,,
Baby falls asleep in minutes,Went to the grocery store with both hands free for the first time in 4 months. I actually teared up in the cereal aisle. This carrier is everything.,5,2023-06-14 00:00:00 UTC,Paisley King,paisley_king@aol.com,,nestli-embrace-sling-carrier,,
"Easy to put on, baby loves it",My baby went from needing to be rocked for 45 minutes to falling asleep in this carrier in under 10 minutes. Life is different now.,5,2023-05-27 00:00:00 UTC,Frank Cox,coxf754@live.com,,nestli-embrace-sling-carrier,,
Cooking with baby — done!,My daughter had colic for 6 weeks and nothing worked. Put her in this carrier and she was asleep in 4 minutes. I literally cried. This carrier saved my sanity.,5,2023-08-20 00:00:00 UTC,Josephine Moore,moore.j447@outlook.com,,nestli-embrace-sling-carrier,,
This saved my postpartum,Took this to Disney World. Walked 12 hours with a 15-month-old in this carrier. My back felt completely fine. My husband was jealous.,5,2024-12-11 00:00:00 UTC,Elizabeth Jackson,elizabeth.jackson@outlook.com,,nestli-embrace-sling-carrier,,
Every mom needs this,My son is 20 months and 26 pounds. I still carry him in this when he's tired on walks. Zero shoulder pain.,5,2024-11-04 00:00:00 UTC,Stephanie Thomas,stephanie_thomas519@icloud.com,,nestli-embrace-sling-carrier,,
Obsessed with this thing,I work from home and wear this during calls. Baby is calm and quiet and I look completely professional. Game changing for WFH moms.,5,2023-10-18 00:00:00 UTC,Josephine Diaz,jdiaz372@outlook.com,,nestli-embrace-sling-carrier,,
My velcro baby is finally calm,"The quality is incredible. Stitching is perfect, fabric is so soft against baby skin. Washed it 40+ times and it still looks brand new.",5,2025-05-05 00:00:00 UTC,David Jackson,david59@icloud.com,,nestli-embrace-sling-carrier,,
"Easy to put on, baby loves it",Took this to Disney World. Walked 12 hours with a 15-month-old in this carrier. My back felt completely fine. My husband was jealous.,5,2024-09-13 00:00:00 UTC,Gregory Rodriguez,rodriguez_g328@aol.com,,nestli-embrace-sling-carrier,,
"Good quality, learning curve",Really great carrier overall. Took me about 3 tries to get the fit right but once I figured it out I love it. Baby seems comfortable and I have both hands free.,4,2024-08-11 00:00:00 UTC,Victoria Brown,victoria@icloud.com,,nestli-embrace-sling-carrier,,
10/10 no notes,Brought this to a family reunion. Every aunt and uncle took a turn. Nobody could believe how easy it was to put on. Orders came in from 3 family members.,5,2023-08-16 00:00:00 UTC,Jessica Flores,jflores818@icloud.com,,nestli-embrace-sling-carrier,,
Hands free finally!!!,"Been using this for 14 months. Not a single seam has come loose, not a single stitch has broken. This thing is built to last.",5,2024-08-18 00:00:00 UTC,Kinsley Roberts,kinsley.roberts590@outlook.com,,nestli-embrace-sling-carrier,,
Obsessed with this thing,"My toddler is 2.5 years old and we still use this at the farmers market. She gets tired, I pop her in, she's calm. Best investment of new parenthood.",5,2024-07-04 00:00:00 UTC,Brielle Wilson,brielle@gmail.com,,nestli-embrace-sling-carrier,,
My velcro baby is finally calm,Brought this to a family reunion. Every aunt and uncle took a turn. Nobody could believe how easy it was to put on. Orders came in from 3 family members.,5,2023-09-03 00:00:00 UTC,Matthew Scott,matthew_scott@hotmail.com,,nestli-embrace-sling-carrier,,
Bought for a friend too,Both my husband and I use this with no readjusting. One carrier for both parents — such a smart design. Highly recommend.,5,2025-04-06 00:00:00 UTC,Madison Harris,madison.harris403@icloud.com,,nestli-embrace-sling-carrier,,
Airport essential,Took this to Disney World. Walked 12 hours with a 15-month-old in this carrier. My back felt completely fine. My husband was jealous.,5,2023-11-01 00:00:00 UTC,Paisley Morgan,morganp@live.com,,nestli-embrace-sling-carrier,,
Would recommend with small caveat,Comfortable for long carries. Gave 4 stars because the color I received looked slightly different from the website photo. Still looks nice though.,4,2023-09-18 00:00:00 UTC,Megan Rodriguez,rodriguezm147@icloud.com,,nestli-embrace-sling-carrier,,
Never taking this off,Baby wouldn't sleep unless I was holding her. Tried this carrier out of desperation at 3am and she passed out within minutes. I've been wearing it every day since.,5,2023-12-18 00:00:00 UTC,Cora Peterson,peterson_c401@yahoo.com,,nestli-embrace-sling-carrier,,
